No.,Name,Longitude,Latitude,Status Area,Fund Provider,Intermediaries [Roles],Beneficiaries,Location (focussed area),Duration (year),Commodity [solution-oriented],Ecosystem Services,More Info,Type of Financing
1,Ba Be,105.6212545,22.41959266,National park; Wetland of International Importance (Ramsar Site),"Australian Embassy in Hanoi (~AUD 10,000 / VND 205M)",Bac Kan 3PAD (project manager); local schools (ground-level administration),"Marginalized ethnic Tay women & children in Coc Toc, Bo Lu & Pac Ngoi villages (Nam Mau commune)","Ba Be National Park, Bac Kan Province (7,611 ha)",2014,Waste management infrastructure; recyclable waste as income source; environmental education & small-business training,"Freshwater lake ecosystem conservation & watershed protection (provisioning & regulating), biodiversity habitat & eco-tourism support (supporting & cultural)","https://vietnam.embassy.gov.au/hnoi/MR110914BaBeProject.html;
https://en.qdnd.vn/foreign-affairs/multilateral-relations/australia-helps-protect-ba-be-national-park-424593?jskey=q80rNJKlJfV6aeaMkkEPJ3BowwCYhKdVjbwITFmHUVIG;
https://scienceinfo.net/australia-helps-manage-ba-be-national-park-waste.html",Bilateral Grant
2,Ba Be,105.6212545,22.41959266,National park; Wetland of International Importance (Ramsar Site),"IFAD, GEF & Government of Vietnam with local beneficiaries; total USD 25.33M (IFAD loan USD 21.00M, GEF grant USD 0.65M, GOV/beneficiaries USD 3.68M)","Bac Kan PPC (Lead Agency); PSC (policy/budget advisory); PMU (day-to-day ops); APIF Unit (pro-poor co-investments); CPCs/CMBs (commune fund owners); CDBs/VFMBs (village infrastructure & assets); Women's Union & Farmers' Union (training, SCGs, CIG development); ICRAF (PES methodology)","Upland rural poor households (ethnic minorities, 542 villages); CIGs; farmer-trainers; schools/students; small agribusiness enterprises","Spans three of the poorest districts in Bac Kan Province (specifically Ba Be, Na Ri, and Pac Nam), covering 48 communes and 542 villages.",2009-2015,"Agricultural value chain products (ginger, cassava, chili, livestock) & climate-resilient inputs (efficient stoves, bio-fertilizers, drought-tolerant seeds)","Forestland allocation & red-book certification (provisioning), micro-watershed conservation & soil erosion control via contour-planted fodder grass (regulating), PES for biodiversity, landscape beauty & forest patrolling (supporting & cultural)",https://www.ifad.org/documents/d/new-ifad.org/supervision-report-september-2014,Multilateral Co-Financing
3,Ba Be,105.6212545,22.41959266,National park; Wetland of International Importance (Ramsar Site),"German Government (BMZ/KfW); Small Grants Programme II (EUR 7.71M for 52 projects covering Hoang Lien, Kon Ka Kinh, Chu Mom Ray, Ba Be NPs)",ASEAN Centre for Biodiversity (ACB) & Frankfurt Zoological Society (FZS) — training & micro-grant providers,"Ethnic groups, women & youth in local communities","Sa Pa, Lao Cai Province",2017 – 2025,"Camera traps; biodiversity-based products (honey, green tea, handicrafts); ecotourism","Wildlife monitoring, forest ecosystem protection & sustainable resource use (regulating & supporting)",https://www.aseanbiodiversity.org/news-events-jobs/community-based-livelihood-and-conservation-project-for-asean-marks-successful-end-in-viet-nam/,Bilateral Grant
4,Ba Be,105.6212545,22.41959266,National park; Wetland of International Importance (Ramsar Site),"Darwin Initiative / UK Aid (GBP 299,755 total project grant)",TRAFFIC International (lead); Bac Kan FPD (provincial partner); Hanoi University of Pharmacy (partner institution); DK Pharma/DK Natura (private trade partners); Ministry of Health & MONRE/BCA (national policy partners),"Low-income rural households, specifically ethnic minority collectors",Buffer zone of Ba Be National Park,2015-2018,"Wild-collected medicinal/aromatic plants (Jiaogulan, Woolly Fern); community collector organizations; sustainable harvesting tools & quotas","Wild medicinal plant conservation & sustainable harvesting, forest governance improvement (provisioning & supporting)",https://www.darwininitiative.org.uk/documents/DAR22010/23988/22-010%20AR2%20-%20edited.pdf,Bilateral Grant
5,Ba Na - Nui Chua,107.9485687,16.09521422,Nature Reserve,"GEF Trust Fund ($9M); co-financiers: Vietnam Government, WWF-US/Denmark/Vietnam, USAID, Apple, IKEA; total project cost ~$82M",MONRE/NBCA (executing entity); WWF-US (GEF agency); WWF-Vietnam & partners (field pilot co-implementers),"Globally threatened wildlife (Saola, Langurs, Gibbons); 12 ethnic minority groups; ~3,000 direct benefit-sharing participants (45% women); forest enterprises & community forest user groups","Central Vietnam Landscape – 6 provinces (Nghệ An, Hà Tĩnh, Quảng Bình, Quảng Trị, Thừa Thiên Huế, Quảng Nam) + Đà Nẵng; 21 special-use forests incl. Bà Nà–Núi Chúa NR (27,981 ha)",2025-2030,"Performance-based biodiversity financing & credits; PWES pilot (Tam Giang–Cầu Hai wetland); OECMs & transboundary ecological corridors; 130,532 ha silvicultural restoration; ERPA carbon accounting","Carbon sequestration (6.27M tCO₂e) & intact forest connectivity (731,446 ha PA estate) (regulating), endangered wildlife protection (Saola, Gibbons) & freshwater lagoon balance (supporting)",https://files.worldwildlife.org/wwfcmsprod/files/Publication/file/3y70tv1dv_WWF_GEF_G0046_PIF_Vietnam_22_Nov_2023_final.pdf,Co-Financing / Blended
6,Bac Lieu Bird Sanctuary,105.7158756,9.240485507,Nature Reserve,"World Bank (IDA) & GEF; under US$310M IDA / US$6M GEF project (Component 4: Coastal Peninsula, Sub-project 10)",MARD (primary implementing agency); Bac Lieu PPC (local executor),Coastal communities in Bac Lieu city & surrounding areas; local aquaculture farmers; conservation management staff,"Project Area Covered: Bac Lieu coastal area, including coastal protection forests located approximately 1 km from the sanctuary.",2016-2022,Climate-resilient aquaculture (sustainable shrimp farming in buffer zones),"Coastal protection & urban buffer zone maintenance (regulating), avian habitat preservation (supporting)","https://ewsdata.rightsindevelopment.org/files/documents/44/WB-P153544_ldILX8r.pdf;
https://documents1.worldbank.org/curated/en/840701467996680631/pdf/PAD1610-PAD-P153544-IDA-R2016-0110-1-Box394889B-OUO-9.pdf",Multilateral Co-Financing
7,Bach Ma,107.7824611,16.13711526,National Park,"CEPF ($235,000 core grant); co-financiers: Re:wild ($50,000), WWF Singapore ($4,300), Bach Ma NP ($30,000+ in-kind)",WWF-Viet Nam (lead grantee); Phong Chau JSC (contracted builder); Song Ty Construction Consulting (construction supervisor); CRES (EIA consultant),"Globally threatened focal species (Bourret's Box Turtle, Large-antlered Muntjac, Annamite Striped Rabbit, Annamite Crested Argus); 7 Conservation Center technical staff; 17 forest protection staff in Hue & Quang Nam Saola NRs","Central Annamites – Bach Ma National Park, Hue Saola Nature Reserve & Quang Nam Saola Nature Reserve",2021-2025,"2,500 m² Conservation Breeding Center (4 enclosures); husbandry & breeding plans; camera-trap monitoring grids; snare removal patrols","Priority threatened species ex-situ breeding & population reinforcement (supporting), forest micro-watershed protection & snare removal (regulating & supporting)",https://www.cepf.net/resources/final-project-report/final-completion-and-impact-report-111997,Co-Financing / Grant
8,Bach Ma,107.7824611,16.13711526,National park,"USAID (VFBC Project); covers Vu Quang, Bidoup Nui Ba, Cat Tien, Cuc Phuong, Phong Nha-Ke Bang, Song Thanh, Bach Ma NPs & 7 nature reserves",WWF (main implementer); MARD (government oversight),"Forest communities (7,000 people targeted for improved economic benefits; 40 communities for sustainable value chains; 9 villages for community eco-tourism); local wildlife populations","Cuc Phuong National Park, Ninh Binh Province",2020 – 2025 (Unfinished),Conservation-friendly ecotourism enterprises; forest crime law enforcement & wildlife trade demand reduction,"Intact forest conservation, endangered wildlife stabilization & ecosystem protection (regulating & supporting)",https://vietnam.panda.org/en/our_work/wildlife/usaid_bca/,Bilateral Grant
9,Bat Dai Son,104.9892624,23.12672888,Nature Reserve,"CEPF via IUCN ($19,581)","Center for Plant Conservation (CPC, lead grantee); Bat Dai Son NR Management Board & FPD (nursery oversight); CIG (community monitoring)","Dao, H'Mong, Tay, Ray & Kinh minority groups in 4 communes; 8 CIG members; domestic & international tourists","Bat Dai Son Nature Reserve, Ha Giang Province",2018-2019,"Nursery upgrading (100+ m², shade/water); propagation of endemic conifers (Vietnamese Golden Cypress, Taxus chinensis, Magnolia coriacea); community NRM & signboards","Limestone karst forest restoration & threatened/endemic flora conservation (Vietnamese Golden Cypress, Taxus chinensis) (supporting & regulating)",https://www.cepf.net/resources/final-project-report/final-project-report-2799,NGO Grant
10,Bat Dai Son,104.9892624,23.12672888,Nature Reserve,"CEPF ($110,000 core grant)","FFI (lead grantee — management, data, PA advocacy); Quan Ba District FPD (implementation — patrols, enforcement, governance); Bat Dai Son NR Management Board (potential PA manager); MAC (cross-commune engagement)","CCT (9 part-time patrol members, Tung Vai forest — training & SMART patrolling tools); local cardamom farmers (alternative livelihood inputs offsetting forest-use restrictions)","Covers a 3,000-hectare critical monkey habitat zone within a 5,000-hectare watershed protection forest in the Tung Vai forest of Quan Ba District, which connects with the broader landscape targets of the Bat Dai Son Nature Reserve.",2023-2025,"Smartphone data collection tools (SMART, Mergin Maps); alternative seedlings (fruit trees, green tea); livelihood skills training","Tonkin snub-nosed monkey population protection (supporting), cardamom cultivation zoning for watershed management (regulating), protected area legal upgrade support (supporting)",https://www.cepf.net/resources/documents/safeguard-process-framework-190,NGO Grant
11,Bau Sau,107.2933333,11.46666667,Wetland of International Importance (Ramsar Site),"GEF (~$150,000 in community development loans for Dong Nai component)",UNDP (support); NBCA/MAE (implementer); Dong Nai Biosphere Reserve Management Board (cross-provincial coordination),"1,000+ buffer-zone households (incl. 892 microfinance loan recipients); 30+ ethnic communities within the reserve","Dong Nai Biosphere Reserve (756,000 ha across Dong Nai, Lam Dong & Ho Chi Minh City), incl. Bau Sau Ramsar site (Crocodile Lake)",N/A,"Sustainable agroforestry; organic citrus & mango cultivation; eco-friendly livestock (cattle, goats); ecotourism; microfinance for livelihood transition","Clean water provision & climate regulation (provisioning & regulating), groundwater recharge & Siamese crocodile habitat protection (supporting), sustainable food provisioning (provisioning)",https://undp-nature.exposure.co/the-path-of-giants,Multilateral Grant
12,Ben En,105.4767121,19.59007714,National Park,"VLIR-UOS (Flemish Interuniversity Council, Belgium); ~€75,000 (~$80,000)","Ghent University (UGent, lead research); local Vietnamese partner universities (research & implementation)",Ben En National Park Management Board & local conservation authorities,"Ben En National Park, Thanh Hoa Province",2023-2025,High-resolution drone mapping data; spatial biodiversity databases; technological capacity building for forest monitoring,Biodiversity conservation mapping & forest ecosystem monitoring support (supporting),https://research.ugent.be/web/result/project/1473b341-e293-491b-b60e-4f453ea87f3b/details/en,Bilateral Grant
13,Bidoup-Nui Ba,108.5802682,12.19515198,National park,"USAID (VFBC Project); covers Vu Quang, Bidoup Nui Ba, Cat Tien, Cuc Phuong, Phong Nha-Ke Bang, Song Thanh, Bach Ma NPs & 7 nature reserves",WWF (main implementer); MARD (government oversight),"Forest communities (7,000 people targeted for improved economic benefits; 40 communities for sustainable value chains; 9 villages for community eco-tourism); local wildlife populations","Cuc Phuong National Park, Ninh Binh Province",2020 – 2025 (Unfinished),Conservation-friendly ecotourism enterprises; forest crime law enforcement & wildlife trade demand reduction,"Intact forest conservation, endangered wildlife stabilization & ecosystem protection (regulating & supporting)",https://vietnam.panda.org/en/our_work/wildlife/usaid_bca/,Bilateral Grant
14,Bidoup-Nui Ba,108.5802682,12.19515198,National Park,JICA & Government of Vietnam (local cost); 310M JPY planned / 306M JPY actual (~USD 2.8–3M),WWF (main implementer); MARD (government oversight),"~5,000 households (26,000 people) in/around the park; ethnic minority farmers in 5 buffer-zone villages (B'No B, Bon Dung I, Da Tro, Da Ra Hoa, Da Blah); park staff","70,038 hectares of subtropical alpine forest ecosystems in the northeastern part of Lam Dong Province, Viet Nam, focusing specifically on five target buffer-zone villages.",2010 – 2014,"Organic coffee; traditional hand-weaving; ecotourism (nature trails, Gong dances); agricultural inputs via Village Development Funds","Subtropical alpine forest vegetation preservation (1,933 plant & 422 animal species) & endangered wildlife conservation (supporting), forest coverage protection & slash-and-burn fire prevention (regulating)",https://www2.jica.go.jp/en/evaluation/pdf/2015_0800277_4_f.pdf,Bilateral Co-Financing
15,Binh Chau-Phuoc Buu,107.4905792,10.54212463,Nature Reserve,"Corporate consortium (Ricons, Newtecons, SOL E&C, BM Windows, BOHO, DB); full cost of 1,500-tree campaign (undisclosed)",Binh Chau–Phuoc Buu NR Management Board (technical guide on species selection),Binh Chau–Phuoc Buu Nature Reserve & local community,"Binh Chau–Phuoc Buu Nature Reserve, Xuyen Moc District, Ba Ria–Vung Tau Province",2025 (one-time intensive planting event),"1,500 Hopea odorata (Sao đen) saplings for vacant forest restoration",Coastal primeval forest reforestation & biodiversity balance restoration (supporting & regulating),https://boho.vn/he-sinh-thai-trong-1-500-cay-xanh-gop-phan-tai-tao-rung-tai-khu-bao-ton-binh-chau-phuoc-buu/,Corporate Sponsorship
16,Binh Chau-Phuoc Buu,107.4905792,10.54212463,Nature Reserve,EU (via CITES Secretariat) & Ba Ria-Vung Tau PPC co-financing; under master national CITES grant (not site-specific),CCD & CITES Management Authority (implementation/silvicultural advice); Management Board (on-site forest owner),Coastal forest guards; local community tourism workers; environmental science researchers,"Lowland and coastal forests of Xuyen Moc District, Ba Ria-Vung Tau",2019-2021,Tree labels; digital monitoring tech; community communication leaflets,"Wild D. oliveri population protection in coastal/lowland zones (supporting), coastal environment stabilization (regulating)",https://cites-tsp.org/sites/default/files/project_files/2023-01/Vietname_Management-and-conservation-plan-April-2022.pdf; https://cites-tsp.org/wp-content/uploads/2019/06/Vietnam-PCA-no-budget_compressed.pdf,Co-Financing / Grant
17,Bu Gia Map,107.1572386,12.17561803,National Park,EU (via CITES Secretariat) & Vietnam State Budget/PFES revenues; under master national CITES grant (not site-specific),CCD (executing partner); MARD/VNFOREST (national supervisors); Management Board (site manager),Local park rangers (upskilled in digital monitoring); scientific researchers; ethnic minority communities,Binh Phuoc Province core network,2019-2021,Labeled tree markers; digital real-time monitoring; Dalbergia oliveri seedling nurseries,"Wild D. oliveri tree protection (70,000–80,000 trees) (supporting), primary tropical forest & genetic resource safeguarding (regulating & supporting)",https://cites-tsp.org/sites/default/files/project_files/2023-01/Vietname_Management-and-conservation-plan-April-2022.pdf; https://cites-tsp.org/wp-content/uploads/2019/06/Vietnam-PCA-no-budget_compressed.pdf,Co-Financing / Grant
18,Cat Ba,107.0358745,20.79277527,National park; UNESCO-MAB Biosphere Reserve,"CEPF ($57,910); co-funders: Westfälischer Zoologischer Garten Münster ($120,000 + $60,000 in-kind + $15,000 admin), Seacology ($4,700); total ~$347,610",Westfälischer Zoologischer Garten (lead); Cat Ba NP & Biosphere Reserve (partners); DARD & Hai Phong PC (local authorities); ZGAP (technical advisor),Critically endangered Cat Ba langur (Trachypithecus poliocephalus); NP rangers & staff; local civil society & community protection members,"Cat Ba National Park & Cat Ba Archipelago, Hai Phong (~14,000 ha protected)",2010-2013,GPS ranger patrols & unannounced sea station inspections; Community Langur Protection Program; primate translocation; school environmental education,"Critically endangered Cat Ba langur extinction prevention & limestone karst biodiversity protection (supporting), forest habitat restoration & buffer zone fragmentation reduction (regulating & supporting)",https://www.cepf.net/grants/grantee-projects/cat-ba-langur-conservation-project,Co-Financing / Grant
19,Cat Ba,107.0358745,20.79277527,National park; UNESCO-MAB Biosphere Reserve,"Founding sponsors: Viet Nhat Steel, Shinec Shipbuilding, VPS-POSCO Steel, Le Quoc Co., Khanh Vinh Salt, Bach Dang Construction; additional donors: UNESCO Hanoi, Prof. Ockie Bosch & others","Management Council & Executive Board (operations/fundraising); Cat Ba Biosphere Reserve Management Board (transaction office, gov-business liaison)",5 student groups in Cat Ba Biosphere Reserve; international researchers; outstanding conservation organizations & individuals,"Cat Ba Archipelago World Biosphere Reserve, Cat Hai District, Hai Phong City",2010-2016,Investment loans & refundable capital; conservation prizes & commendations; scientific research sponsorship,Long-term biodiversity conservation (Cat Ba langur focus) & climate change adaptation (regulating & supporting),https://catbanationalpark.com/fund-sustainable-development,Corporate Sponsorship
20,Cat Ba,107.0358745,20.79277527,National park; UNESCO-MAB Biosphere Reserve,"CEPF (primary, $18,306) & CBLCP consortium co-funding; +$25,000 leveraged via FFI & Australian National University",FFI (grantee); Cat Ba NP (field ops/staffing); CBLCP (activity implementation); ANU (research & population monitoring),Critically endangered Cat Ba langur; park rangers & monitoring staff; Vietnamese scholars (MSc sponsorships & translated research dossiers),"Cat Ba National Park & UNESCO Cat Ba Archipelago Man & Biosphere Reserve (Cua Dong, Viet Hai, Cai Minh Tu & Sanctuary areas)",2014-2016,Cat Ba Langur Technical Working Group; population census & PVA modeling for translocations; PhD/MSc research projects; dossier translations,Priority globally threatened primate protection & limestone karst habitat viability assessment (supporting & regulating),https://www.cepf.net/resources/final-project-report/final-project-report-1487,Co-Financing / Grant
21,Cat Tien,107.3515719,11.56646094,National park,"USAID (VFBC Project); covers Vu Quang, Bidoup Nui Ba, Cat Tien, Cuc Phuong, Phong Nha-Ke Bang, Song Thanh, Bach Ma NPs & 7 nature reserves",WWF (main implementer); MARD (government oversight),"Forest communities (7,000 people targeted for improved economic benefits; 40 communities for sustainable value chains; 9 villages for community eco-tourism); local wildlife populations","Cuc Phuong National Park, Ninh Binh Province",2020 – 2025 (Unfinished),Conservation-friendly ecotourism enterprises; forest crime law enforcement & wildlife trade demand reduction,"Intact forest conservation, endangered wildlife stabilization & ecosystem protection (regulating & supporting)",https://vietnam.panda.org/en/our_work/wildlife/usaid_bca/,Bilateral Grant
22,Cat Tien,107.3515719,11.56646094,National Park,EU (via CITES Secretariat) & national/provincial environmental funds; under master national CITES grant (not site-specific),"CCD & CITES Management Authority (technical/admin); Management Board (field labeling, monitoring, nurseries)",Local enforcement teams; park rangers (trained in digital tracking); public/private scientific institutions,Natural distribution zones across Lam Dong and southern provinces,2019-2021,GPS mapping tools; concrete tree labels; real-time monitoring software; public communication packs,"Wild D. oliveri (140,000–160,000 trees) & overlapping D. cochinchinensis population protection (supporting)",https://cites-tsp.org/sites/default/files/project_files/2023-01/Vietname_Management-and-conservation-plan-April-2022.pdf; https://cites-tsp.org/wp-content/uploads/2019/06/Vietnam-PCA-no-budget_compressed.pdf,Co-Financing / Grant
23,Chu Mom Ray,107.6416713,14.47245764,National park,"German Government (BMZ/KfW); Small Grants Programme II (EUR 7.71M for 52 projects covering Hoang Lien, Kon Ka Kinh, Chu Mom Ray, Ba Be NPs)",ASEAN Centre for Biodiversity (ACB) & Frankfurt Zoological Society (FZS) — training & micro-grant providers,"Ethnic groups, women & youth in local communities","Sa Pa, Lao Cai Province",2017 – 2025,"Camera traps; biodiversity-based products (honey, green tea, handicrafts); ecotourism","Wildlife monitoring, forest ecosystem protection & sustainable resource use (regulating & supporting)",https://www.aseanbiodiversity.org/news-events-jobs/community-based-livelihood-and-conservation-project-for-asean-marks-successful-end-in-viet-nam/,Bilateral Grant
24,Chu Mom Ray,107.6416713,14.47245764,National Park,EU (via CITES Secretariat) & MOST research funds; under master national CITES grant (not site-specific),CCD & VNFOREST (mapping/baseline); Management Board (local enforcement & monitoring),Research networks; park management staff; regional forest owners,Western border mountain ranges of Kon Tum Province,2019-2021,Digital distribution maps; GPS tracking markers for mother trees; community law enforcement materials,"D. cochinchinensis & D. oliveri overlap zone preservation (supporting), illegal logging prevention along border landscape (regulating)",https://cites-tsp.org/sites/default/files/project_files/2023-01/Vietname_Management-and-conservation-plan-April-2022.pdf; https://cites-tsp.org/wp-content/uploads/2019/06/Vietnam-PCA-no-budget_compressed.pdf,Co-Financing / Grant
25,Copia,103.5970728,21.34966734,Nature Reserve,"JICA & Government of Vietnam/MARD; cost not in USD (total 2,254,638M VND)",MARD/MBFP (central owner); CPMB (central execution); Son La PPC/DARD (provincial owner); PPMB (provincial execution); SUFMB/NRMB (field implementation),"Local mountain communities, village working groups (Thai, H'mong); downstream water/hydropower users","Thuan Chau district, Son La Province (14,728 ha)",2016-2026,"Forestry: firewood, timber, pine resin. Livelihoods: medicinal plants (Ba Kich), bee-keeping, fodder grass, drying yards","Watershed protection (regulating), sub-montane evergreen biodiversity conservation (supporting), carbon sequestration via REDD+ (regulating)",https://openjicareport.jica.go.jp/pdf/12267654.pdf,Bilateral Co-Financing
26,Cuc Phuong,105.6070626,20.32488391,National park,"Japan Social Development Fund (JSDF); $316,200",World Bank (administrator); local conservation NGOs & park management (implementers),High natural-resource-dependency villages in Pu Luong–Cuc Phuong area; local students,"Pu Luong–Cuc Phuong Limestone Landscape, Ninh Binh & Thanh Hoa Provinces",N/A,Community-Based Natural Resource Management (CBNRM); school curriculum integration; ecotourism development; poverty alleviation initiatives,"Limestone karst ecosystem protection & watershed preservation, cultural landscape maintenance (supporting & regulating & cultural)",https://documents1.worldbank.org/curated/en/140231520246340302/pdf/123872-FP-Vietnam-Community-based-management-of-Pu-Luong-Cuc-Phuong-limestone-landscape.pdf,Multilateral Grant
27,Cuc Phuong,105.6070626,20.32488391,National park,"USAID (VFBC Project); covers Vu Quang, Bidoup Nui Ba, Cat Tien, Cuc Phuong, Phong Nha-Ke Bang, Song Thanh, Bach Ma NPs & 7 nature reserves",WWF (main implementer); MARD (government oversight),"Forest communities (7,000 people targeted for improved economic benefits; 40 communities for sustainable value chains; 9 villages for community eco-tourism); local wildlife populations","Cuc Phuong National Park, Ninh Binh Province",2020 – 2025 (Unfinished),Conservation-friendly ecotourism enterprises; forest crime law enforcement & wildlife trade demand reduction,"Intact forest conservation, endangered wildlife stabilization & ecosystem protection (regulating & supporting)",https://vietnam.panda.org/en/our_work/wildlife/usaid_bca/,Bilateral Grant
28,Dakrong,107.037916,16.555102,Nature Reserve,USAID (VFBC Project),"WWF, Helvetas Vietnam, MARD & provincial governments (implementers & partners)",Forest-dependent communities in Dakrong District; local businesses (Tan Hop Cooperative); Dakrong Nature Reserve authorities,"Dakrong Nature Reserve, Quang Tri Province",2020 – 2025 (Unfinished),"NTFP value chains; high-value crops (passion fruit, clean coffee); community-based ecotourism; improved wildlife crime law enforcement","Biodiversity conservation & forest quality maintenance, endemic rare plant discovery & protection (Begonia laxiflora) (supporting & regulating)",https://mongolia.panda.org/?388876/USAIDhelpsdiscoverBegonialaxiflora,Bilateral Grant
29,Dong Nai,107.056973,11.291091,Nature Reserve,HEINEKEN Vietnam & Government of Vietnam; ~VND 30B (~USD 1.3M),WWF-Vietnam (technical implementer); MARD (government oversight),Local communities in core/buffer zones; downstream agricultural workers,"Dong Nai Culture & Nature Reserve, Xuan Son NP & Dong Thap Muoi (1,100 ha target area)",2022 – 2025,Water replenishment (3 billion liters restored); large native timber reforestation,"Freshwater ecosystem restoration, watershed protection & hydrological cycle regulation (provisioning & regulating)",https://heineken-vietnam.com.vn/en/news-events/press-release/heineken-vietnam-invests-vnd-30-billion-teaming-up-with-wwf-vietnam-on-water-conservation-program-in-red-dong-nai-and-tien-river-basins.html,Public-Private Partnership
30,Dong Nai,107.056973,11.291091,Nature Reserve,EU (via CITES Secretariat) & local PFES revenues from water/power utilities; under master national CITES grant (not site-specific),CCD (spatial mapping & threat evaluation); Management Board (local execution coordinator),Local eco-tourism operators; upskilled forestry rangers; community watershed protection teams,Southern woodland complexes of Dong Nai Province,2019-2021,Smartphone real-time monitoring software; spatial heatmaps; tree labels; nursery tools,"D. cochinchinensis & D. oliveri co-distributed population protection (supporting), carbon storage & regional water resource preservation (regulating)",https://cites-tsp.org/sites/default/files/project_files/2023-01/Vietname_Management-and-conservation-plan-April-2022.pdf; https://cites-tsp.org/wp-content/uploads/2019/06/Vietnam-PCA-no-budget_compressed.pdf,Co-Financing / Blended
31,Du Gia,105.153149,22.901542,National Park,"CEPF ($110,000 core grant); co-financing from Denver Zoo (research support) & unnamed donor (matching $3,000 micro-credit revolving fund, totaling $6,000 for corridor livelihoods)","FFI (lead grantee — execution, training, ground staff); Du Gia–Dong Van NP Management Board (implementation — forest contracts, METT reporting); Ha Giang DARD (provincial partner); Ha Giang FPD (patrol coordination); Women's Union (livelihood support)","SMT (6 part-time patrol members, Khau Ca — training & smartphone data tools); 5 Hmong households in Din Dam corridor (labor payments, microfinance, livestock materials); Park Management Staff & Rangers (capacity-building, SMART monitoring)","Project Area Covered

Covers the 2,026-hectare Khau Ca Species and Habitat Conservation Area (SHCA) and the Din Dam degraded forest corridor linking it to the wider national park. Interventions touch upon the Tung Ba, Minh Son, and Yen Dinh communes",2023-2025,"Smartphone data tools (SMART, Mergin Maps); shared $6,000 micro-credit facility; native trees for corridor enrichment; livestock packages (chickens, coop materials, vet supplies)","Tonkin snub-nosed monkey stronghold habitat security (~80% global population) (supporting), Khau Ca migration corridor restoration (regulating), PFES-linked forest protection contracts for local households (provisioning)",https://www.cepf.net/resources/documents/safeguard-process-framework-190,Co-Financing / Grant
32,Ea so,108.5957634,12.95964179,Nature Reserve,EU (via CITES Secretariat) & MONRE biodiversity/environmental funds; under master national CITES grant (not site-specific),"CCD (taxonomy, mapping, technical planning); Management Board (local patrolling)",Wildlife protection staff; regional research institutes; community border buffer zone residents,Transitional forest landscapes of Dak Lak Province,2022 - 2035,Labeled tree inventory markers; GPS positioning toolsets; anti-poaching signage,"D. cochinchinensis & D. oliveri population protection against logging syndicates (supporting), human footprint mitigation (regulating)",https://cites-tsp.org/sites/default/files/project_files/2023-01/Vietname_Management-and-conservation-plan-April-2022.pdf; https://cites-tsp.org/wp-content/uploads/2019/06/Vietnam-PCA-no-budget_compressed.pdf,Co-Financing / Grant
33,Hang Kia-Pa Co,104.9167813,20.72906275,Nature Reserve,"JICA & Government of Vietnam/MARD; cost not in USD (total 2,254,638M VND)",MARD/MBFP (central owner); CPMB (central execution); Hoa Binh PPC/DARD (provincial owner); PPMB (provincial execution); SUFMB/NRMB (field operations),"Mountainous local households, village working groups (Muong, Thai, H'mong), downstream entities","Mai Chau district, Hoa Binh Province (High limestone ridge up to 1,536m)",2016-2026,"Forestry: firewood, subsidiary timber, resin. Livelihoods: medicinal plants (Ba Kich), bee-keeping, fodder grass, crop-drying","Flash flood mitigation & climate regulation (regulating), limestone species corridor connectivity & orchid protection (supporting)",https://openjicareport.jica.go.jp/pdf/12267654.pdf,Bilateral Co-Financing
34,Hoang Lien,103.870631,22.238499,National park,"German Government (BMZ/KfW); Small Grants Programme II (EUR 7.71M for 52 projects covering Hoang Lien, Kon Ka Kinh, Chu Mom Ray, Ba Be NPs)",ASEAN Centre for Biodiversity (ACB) & Frankfurt Zoological Society (FZS) — training & micro-grant providers,"Ethnic groups, women & youth in local communities","Sa Pa, Lao Cai Province",2017 – 2025,"Camera traps; biodiversity-based products (honey, green tea, handicrafts); ecotourism","Wildlife monitoring, forest ecosystem protection & sustainable resource use (regulating & supporting)",https://www.aseanbiodiversity.org/news-events-jobs/community-based-livelihood-and-conservation-project-for-asean-marks-successful-end-in-viet-nam/,Bilateral Grant
35,Ke Go,105.968029,18.093212,Nature Reserve,"CEPF & IUCN ($40,000 total; $38,028.68 expended)",Viet Nature Conservation Centre (grantee/lead implementer); Vietnam Pheasant SRT & BirdLife International (technical advisory); Forest Management Units (field collaboration),Ke Go NR Management Board; Vietnam Pheasant Species Recovery Team; local skilled hunters/collectors engaged as field guides,"Ke Go Nature Reserve, Hà Tĩnh Province",2021-2023,"255 camera trap stations (7,500 ha coverage); on-the-job ranger training; community interview frameworks; forest habitat & human impact assessments","Lowland evergreen broadleaf forest habitat assessment & Vietnam Pheasant reintroduction siting, threatened species baseline recording (Sunda Pangolin, Annamite taxa) (supporting & regulating)",https://www.cepf.net/grants/grantee-projects/search-vietnam-pheasant-ke-go-nature-reserve-ha-tinh-province-vietnam,NGO Grant
36,Kien Luong,104.6559133,10.21321876,Nature Reserve,Holcim Vietnam/INSEE & IUCN (amounts undisclosed),Center for Biodiversity and Development (CBD) & Institute of Tropical Biology (research & facilitation),Kien Giang provincial ecosystems (karst habitats & wildlife),"Kien Luong District, Kien Giang Province",2009-2015,Sustainable limestone quarrying biodiversity offsets & Nature Reserve establishment,Karst landscape preservation & habitat protection for Silvered langurs & Sarus cranes (supporting & regulating),https://iucn.org/content/exploiting-limestone-silvered-langurs-lose-their-home-a-response,Corporate Sponsorship
37,Kim Hy,106.0234573,22.20056825,Nature Reserve,"Darwin Initiative / UK Aid (GBP 299,755 total project grant)",TRAFFIC International (lead); Bac Kan FPD (provincial partner); Hanoi University of Pharmacy (partner institution); DK Pharma/DK Natura (private trade partners); Ministry of Health & MONRE/BCA (national policy partners),"Collectors of wild medicinal plants (Jiaogulan, Cibotium barometz); provided harvesting tools (gloves, boots, cloths) & processing equipment (dryers/drying stations)",Buffer zone of Kim Hy Nature Reserve,2015-2018,Wild-collected medicinal plants; harvesting tools; processing equipment,"Wild medicinal plant conservation & sustainable harvesting, forest governance improvement (provisioning & supporting)",https://www.darwininitiative.org.uk/documents/DAR22010/23988/22-010%20AR2%20-%20edited.pdf,Bilateral Grant
38,Kon Ka Kinh,108.570528,14.5053387,National park,"Walter und Monika Schneider-Stiftung, Stiftung Artenschutz (& partner zoos), Roswith Linden Stiftung Berlin, institutional partners & FZS (amount undisclosed)",FZS (lead implementer/coordinator); Kon Ka Kinh NP Management Board/DoPAM (local management & enforcement); University of Science & Education Danang (training/research); PACCOM & Danang Foreign Affairs Service Center (gov coordination); GreenViet & Fauna & Flora (NGO partners),Local forest guard posts & upskilled patrolling teams; indigenous Bana communities in buffer/transition sectors; Vietnamese university biology/conservation students,"A total project area of 806 km² in the Central Highlands of Vietnam, comprising the Kon Ka Kinh National Park (420 km²) and the Kon Chu Rang Nature Reserve (386 km²). This falls within the broader Kon Ha Nung Biosphere Reserve (413,512 hectares).",2010-Now,"Environmental education and training programs, published biological/scientific data, trained conservation personnel, and community-guided discovery tours.","Central region watershed preservation & Indo-Burma Biodiversity Hotspot protection (regulating & supporting), multi-zone climatic forest safeguarding (subtropical lowland to montane deciduous/coniferous) & endemic species habitat (grey-shanked douc langur, Northern yellow-cheeked crested gibbon) (supporting)",https://missionwilderness21.fzs.org/ZGF_JAHRESBERICHT_2021_en.pdf,NGO Grant
39,Kon Chu Rang,108.570528,14.5053387,Nature Reserve,"GEF (primary); UNDP & GOV (implementing partners, in-kind); parallel co-financing: TFT & $50,000 supplemental via UNDP TRAK (2009); core budget USD 875,000 (UNDP/GEF) + USD 312,000 (GOV) = USD 1,187,000","UNDP (oversight via NEX modality); Gia Lai FPD (hosts central PMU for Gia Lai PPC); Kon Chu Rang NR Management Board (field patrolling, logging bans, community conventions); ENV (environmental education contractor)",Indigenous Ba Na communities within/adjacent to core boundaries (via Community Consultative Groups); upland forestry rangers & admin staff (Gia Lai FPD); Dakrong & Tram Lap State Forest Companies (SFCs),"The core natural forest landscapes of Kon Chu Rang Nature Reserve located inside northeastern Gia Lai Province, central Vietnam",2006 – 2010,Corridor satellite imagery; on-site guard stations; bilingual (Vietnamese/Ba Na) education materials & training; mobile communication setups; ecological monitoring frameworks,"Green corridor connectivity for tiger & gaur (supporting), high-altitude headwater watershed protection for Ba & Con rivers (regulating)",https://www.unevaluation.org/member_publications/terminal-evaluation-connection-and-sustainable-management-kon-ka-kinh-national,Multilateral Co-Financing
40,Kon Chu Rang,108.570528,14.5053387,Nature Reserve,EU (via CITES Secretariat) & Gia Lai provincial co-financing; under master national CITES grant (not site-specific),CCD (data digitization/distribution modeling); Management Board (resource control & zoning enforcement),Community patrol units; local forest-dependent households; ecological researchers,Highland dense forest blocks of Gia Lai Province,2019-2021,Mother tree marking equipment; field manual toolkits; community enforcement billboards,"Native D. cochinchinensis population safeguarding (supporting), primary forest cover preservation & seed collection forest establishment (regulating & supporting)",https://cites-tsp.org/sites/default/files/project_files/2023-01/Vietname_Management-and-conservation-plan-April-2022.pdf; https://cites-tsp.org/wp-content/uploads/2019/06/Vietnam-PCA-no-budget_compressed.pdf,Co-Financing / Grant
41,Kon Ka Kinh,108.570528,14.5053387,National park,"German Government (BMZ/KfW); Small Grants Programme II (EUR 7.71M for 52 projects covering Hoang Lien, Kon Ka Kinh, Chu Mom Ray, Ba Be NPs)",ASEAN Centre for Biodiversity (ACB) & Frankfurt Zoological Society (FZS) — training & micro-grant providers,"Ethnic groups, women & youth in local communities","Kon Ka Kinh National Park, Gia Lai Province",2017 – 2025,"Camera traps; biodiversity-based products (honey, green tea, handicrafts); ecotourism","Intact forest conservation, endangered wildlife stabilization & ecosystem protection (regulating & supporting)",https://www.aseanbiodiversity.org/news-events-jobs/community-based-livelihood-and-conservation-project-for-asean-marks-successful-end-in-viet-nam/,Bilateral Grant
42,Kon Chu Rang,108.570528,14.5053387,Nature Reserve,"Walter und Monika Schneider-Stiftung, Stiftung Artenschutz (& partner zoos), Roswith Linden Stiftung Berlin, institutional partners & FZS (amount undisclosed)",FZS (lead implementer/coordinator); Kon Ka Kinh NP Management Board/DoPAM (local management & enforcement); University of Science & Education Danang (training/research); PACCOM & Danang Foreign Affairs Service Center (gov coordination); GreenViet & Fauna & Flora (NGO partners),"Forest rangers (field equipment, patrol funding, monitoring training); biology students (practical field training); indigenous Bahnar communities (environmental education, playground, library)","A total project area of 806 km² in the Central Highlands of Vietnam, comprising the Kon Ka Kinh National Park (420 km²) and the Kon Chu Rang Nature Reserve (386 km²). This falls within the broader Kon Ha Nung Biosphere Reserve (413,512 hectares).",2021-Now,Ranger patrol funding; high-resolution camera traps; field data collection resources; school environmental curriculums,"Central region watershed preservation & Indo-Burma Biodiversity Hotspot protection (regulating & supporting), multi-zone climatic forest safeguarding (subtropical lowland to montane deciduous/coniferous) & endemic species habitat (grey-shanked douc langur, Northern yellow-cheeked crested gibbon) (supporting)",https://missionwilderness21.fzs.org/ZGF_JAHRESBERICHT_2021_en.pdf,NGO Grant
43,Kon Ka Kinh,108.570528,14.5053387,National park,"GEF (primary); UNDP & GOV (implementing partners); parallel funding: TFT & $50,000 supplemental via UNDP TRAK (2009); budget USD 875,000 (UNDP/GEF) + USD 312,000 (GOV) = USD 1,187,000","UNDP (milestones, evaluations, technical advising via STA); Gia Lai FPD & PMU (disbursements, contracts, reporting); Kon Ka Kinh NP Management Board (core/buffer zone ops, community agreements); ENV (environmental communication networks)","Upland Ba Na communities (e.g. Bong Pim village) in park buffer zones; provincial foresters, NP managers & field operators; scientific community tracking Central Annamites biodiversity","The strictly protected core territories of Kon Ka Kinh National Park, upgraded from nature reserve status in 2002.",2006 – 2010,National park guard posts; land-cover maps; village information signboards; community forest conventions; Ba Na language training for staff,"Threat reduction from shifting cultivation, logging & hunting (regulating), 100,000+ ha high-altitude catchment protection for watershed flows (regulating)",https://www.unevaluation.org/member_publications/terminal-evaluation-connection-and-sustainable-management-kon-ka-kinh-national,Multilateral Co-Financing
44,Kon Ka Kinh,108.570528,14.5053387,National Park,EU (via CITES Secretariat) & Gia Lai municipal budget; under master national CITES grant (not site-specific),CCD (data digitization/reporting); Management Board (on-site enforcement),Indigenous forest patrol teams; local environmental officers; scientific research institutes,Highland tropical forest zones within Gia Lai Province,2019-2021,Tree-tagging sets; data monitoring logs; community conservation team guides,"High-density wild D. cochinchinensis (Trac) population protection (supporting), young timber security for natural forest restoration (regulating)",https://cites-tsp.org/sites/default/files/project_files/2023-01/Vietname_Management-and-conservation-plan-April-2022.pdf; https://cites-tsp.org/wp-content/uploads/2019/06/Vietnam-PCA-no-budget_compressed.pdf,Co-Financing / Grant
45,Lang Sen,105.7161525,10.77304002,Nature Reserve; Wetland of International Importance (Ramsar Site),"Australian Government (Mekong-Australia Partnership on Climate Resilience; Phase II, 2026)",WWF-Vietnam & Dong Thap DAE (implementers),"~2,000 vulnerable residents & marginalized communities in Dong Thap & Tay Ninh provinces","Buffer zones of Lang Sen Wetland Reserve & Tram Chim National Park, Mekong Delta (1,750 ha critical freshwater ecosystems)",2026 – 2029,"Nature-based solutions: flood-based livelihood models (floating rice cultivation, lotus-fish & rice-fish farming)","Natural flood dynamics restoration & freshwater ecosystem recovery, ~25% greenhouse gas emission reduction (regulating & provisioning)","https://vir.com.vn/wwf-dong-thap-launch-second-phase-of-climate-resilience-project-149630.html;
https://van.nongnghiepmoitruong.vn/wwf-expand-nature-based-solutions-to-restore-dong-thap-wetlands-d803600.html",Bilateral Grant
46,Lang Sen,105.7161525,10.77304002,Nature Reserve; Wetland of International Importance (Ramsar Site),"IUCN (funded by PAN Group & CP Group); WWF (funded by Intel); CSR funding (undisclosed; covers 350,000+ trees)",IUCN & WWF (technical implementers & coordinators),Local residents dependent on the ecosystem; Nature Reserve Management Board,"Lang Sen Wetland Nature Reserve, Long An Province (17 ha rehabilitation zone)",2022 – 2024,"Melaleuca trees & native wetland saplings (350,000+ planted)","Floodwater storage, groundwater recharge & Melaleuca wetland habitat restoration, climate change adaptation (regulating & supporting)",https://iucn.org/story/202308/restoring-melaleuca-forest-lang-sen-wetland-nature-reserve,Corporate Sponsorship
47,Mui Ca Mau,104.7526097,8.940726088,National Park; UNESCO-MAB Biosphere Reserve,World Bank (IDA) & GEF; under US$310M IDA / US$6M GEF project (Component 4),MARD (primary implementing agency); Ca Mau PPC (local executor); Mui Ca Mau NP Management Board (site co-manager),Coastal aquaculture farmers; local mangrove-shrimp cooperatives; coastal households facing erosion threats,Project Area Covered: The Mui Ca Mau coastal peninsula and highly vulnerable coastal mangrove belts.,2016 – 2022.,Ecological mangrove-shrimp — certified climate-smart shrimp farming integrated with forest cover,"Coastal erosion prevention & storm protection (regulating), saline intrusion adaptation & mangrove belt restoration (regulating & supporting)",https://ewsdata.rightsindevelopment.org/files/documents/44/WB-P153544_ldILX8r.pdf,Multilateral Co-Financing
48,Na Hau,104.5389055,21.78013778,Nature Reserve,Swiss Government (SECO); part of broader Swiss ODA envelope (total unclear),Private business support services (technical assistance providers),Export companies & local agricultural producers in Yen Bai Province,"Nà Hẩu Nature Reserve & surrounding agricultural zones, Yen Bai Province",N/A,Rice & coffee (sustainable production linked to export markets),Ecosystem conservation linked to sustainable export agriculture production (supporting & provisioning),https://vietnamnews.vn/opinion/1525926/switzerland-will-support-viet-nam-in-sustainable-food-security-swiss-official.html,Bilateral Grant
49,Nam Xuan Lac,105.51329,22.304419,Nature Reserve,"Nagao Natural Environment Foundation (NEF), Japan (amount undisclosed)",VNU-CRES (coordinator & implementing agency),"Dao ethnic minority in Keo Nang village, Ban Thi commune; PA management staff","Nam Xuan Lac Nature Reserve, Bac Kan Province (integrated 4-PA northern Vietnam study)",2018-2021,"NTFP-based livelihoods: medicinal plants (57.75%), construction materials (25.97%), ornamental plants (15.37%), edible vegetables (6.46%), fodder (4.26%) & fruit (2.84%)","NTFP provisioning & traditional knowledge conservation (provisioning & cultural), watershed & microclimate regulation & biodiversity habitat support (regulating & supporting)",https://www.nagaofoundation.or.jp/e/comprehensive/vn-karst.html,NGO Grant
50,Ngoc Linh (Kon Tum),107.8628702,15.14563532,Nature Reserve,"UK Aid via Biodiverse Landscapes Fund (BLF); Lower Mekong priority landscape program (£14.3 million, including Ngoc Linh)","SNV (lead — value chain transformation, community organizations); FFI & IUCN (conservation co-implementers)","100,000+ smallholder farmers & forest-dependent households; Xo Dang, Gie Trieng & Ba Na communities; marginalized women; producer cooperatives; park management boards","Đắk Glei & Sa Thầy districts, Kon Tum Province (buffer zones & conservation corridors of Ngọc Linh Nature Reserve)",2022-2029,Arabica coffee (Đắk Glei) & Robusta coffee (Sa Thầy); upgraded processing machinery & branded trade tools; deforestation-free sourcing compliance,"Biodiversity protection via deforestation-free sourcing zones (supporting), watershed function maintenance via shade-grown agroforestry & GHG emission mitigation (regulating)",https://www.snv.org/assets/downloads/f/191310/x/32a672ea7a/snv_blf_coffee_vietnam.pdf,Bilateral Grant
51,Ngoc Son - Ngo Luong,105.2960294,20.46198265,Nature Reserve,FPSC (Spain) & KfW Development Bank (via ASEAN Centre for Biodiversity/CECAD),Center for Plant Conservation (CPC) & VUSTA (orchid surveys); CECAD (NGO field implementer),14-member community conservation group in Kháy Mòn village; residents of Tự Do & Ngọc Sơn communes,"Ngọc Sơn–Ngô Luông NR – Tự Do commune & forest areas bordering Cối Cáo & Kháy Mòn villages, Lạc Sơn District, Hoa Binh Province",2015-2016,Community-managed orchid gardens (in-situ & ex-situ); field surveys identifying 96 precious orchid species; native orchid propagation & long-term protection,"Rare & endangered orchid extinction prevention, native plant genetic diversity & ecological balance maintenance (supporting & regulating)","https://en.cecad.vn/detailfield/biodiversity-conservation.html;
https://baophutho.vn/giu-sac-lan-rung-o-khu-bao-ton-thien-nhien-ngoc-son-ngo-luong-239352.htm",Bilateral Co-Financing
52,Ngoc Son - Ngo Luong,105.2960294,20.46198265,Nature Reserve,JSDF via World Bank & Spanish Agency for International Development Cooperation; €1M for limestone landscape component,World Bank/Concessional Finance Unit (JSDF grant administrator); MARD FPD/CPMB & Hoa Binh PPMB (execution & sub-grant coordination); FFI (contracted implementer),"Upland Muong ethnic minority communities in reserve buffer zone; community ""cow banks""; local forest protection staff","Ngoc Son–Ngo Luong Nature Reserve, Tan Lac District, Hoa Binh Province (19,254 ha)",2006-2009,"Community sub-grants (~$2,000 each) for alternative livelihoods; PLUP & GIS forest tracking databases; cow banks & micro-irrigation; joint inter-district forest law enforcement","Cuc Phuong–Pu Luong limestone karst corridor protection, REDD+ carbon tracking & threatened endemic species conservation (Anoectochilus setaceus, Sumatran serow, King cobra) (regulating & supporting)",https://documents1.worldbank.org/curated/en/764491468137105931/pdf/580420WP0Box3511FY081091of106123110.pdf,Multilateral Co-Financing
53,Ngoc Son - Ngo Luong,105.2960294,20.46198265,Nature Reserve,"JICA & Government of Vietnam/MARD; cost not in USD (total 2,254,638M VND)",MARD/MBFP (central owner); CPMB (central execution); Hoa Binh PPC/DARD (provincial owner); PPMB (provincial execution); SUFMB/NRMB (field validation),"Local community members, village working groups (Muong), downstream hydropower dams","Tan Lac district, Hoa Binh Province (19,254 ha)",2016-2026,"Forestry: firewood, timber, NTFPs. Livelihoods: agricultural processing (drying yards), bee-keeping, fodder grass, Ba Kich","Karst landscape corridor preservation & rare species protection (supporting), watershed stabilization & REDD+ carbon (regulating)",https://openjicareport.jica.go.jp/pdf/12267654.pdf,Bilateral Co-Financing
54,Nui Chua,109.1410328,11.71846574,National Park,"UNDP (GEF Agency) & GEF; GEF Project ID 10787; includes $64,360 safeguard/consultation budget (specialists, travel, GRM development across both parks)",UNDP (GEF agency); MONRE (executing/implementing agency); DONRE & Provincial PC (local coordinators); Nui Chua NP Management Board (site resource control & protection contracts),"~3,000 total beneficiaries; ethnic minority communities (Raglai, Cham); local ecotourism operators, handicraft groups (pottery/brocade), tour guides & park management staff","Total area of 31,010 ha, Supported area: 23,658 ha of terrestrial area/coastal forests and 7,352 ha of marine area/seascape in Ninh Thuan province",2023-2028,"Responsible nature-based ecotours; handicrafts (pottery, brocade weaving, forest seed jewelry); local agricultural products (onions, garlic, grapes, medicinal herbs)","Marine ecosystem & coral reef conservation (supporting), arid forest ecosystem protection & PMES-linked monitoring (regulating & provisioning)",https://www.undp.org/sites/g/files/zskgke326/files/2022-07/Annex%208b%20-PIMS6377_Draft%20EMPF_July2022.docx,Multilateral Grant
55,Nui Ong,107.7789975,11.06889607,Nature Reserve,EU (via CITES Secretariat) & Binh Thuan municipal budget; under master national CITES grant (not site-specific),CCD & local DARD units (baseline data & mapping); Management Board (local protection & execution),Nature reserve rangers; local conservation interest networks; buffer zone village families,South-central forest monitoring landscapes of Binh Thuan Province,2019-2021,Tree inventory tags; digital real-time tracking systems; environmental education materials,"Endangered rosewood stand protection from degradation & illegal logging (supporting), ecosystem climate resilience enhancement (regulating)",https://cites-tsp.org/sites/default/files/project_files/2023-01/Vietname_Management-and-conservation-plan-April-2022.pdf; https://cites-tsp.org/wp-content/uploads/2019/06/Vietnam-PCA-no-budget_compressed.pdf,Co-Financing / Grant
56,Phong Nha-Ke Bang,106.1157242,17.53607771,National park,"USAID (VFBC Project); covers Vu Quang, Bidoup Nui Ba, Cat Tien, Cuc Phuong, Phong Nha-Ke Bang, Song Thanh, Bach Ma NPs & 7 nature reserves",WWF (main implementing partner); MARD (government oversight),"Forest communities (7,000 people targeted for improved economic benefits; 40 communities for sustainable value chains; 9 villages for community eco-tourism); local wildlife populations","Cuc Phuong National Park, Ninh Binh Province",2020 – 2025 (Unfinished),Conservation-friendly ecotourism enterprises; forest crime law enforcement & wildlife trade demand reduction,"Intact forest conservation, endangered wildlife stabilization & ecosystem protection (regulating & supporting)",https://vietnam.panda.org/en/our_work/wildlife/usaid_bca/,Bilateral Grant
57,Phong Nha-Ke Bang,106.1157242,17.53607771,National Park,"UNDP (GEF Agency) & GEF; GEF Project ID 10787; includes $64,360 safeguard/consultation budget (specialists, travel, GRM development across both parks)",UNDP (GEF agency); MONRE (executing/implementing agency); DONRE & Provincial PC (local coordinators); Phong Nha-Ke Bang NP Management Board (site resource control & buffer zone support),"~3,000 total beneficiaries; 70,000+ people in core/buffer zones, incl. ethnic minorities (Chut, Bru-Van Kieu); local tourism workers (boat drivers, photographers, homestay/restaurant staff, freight transporters)","Supported area: 123,326 ha of terrestrial karst and forest area in Quang Binh province",2023-2028,"Responsible nature-based tourism & cave/forest adventure expeditions; local cooperative goods (dried bamboo shoots, sticky rice)","High-value karst biodiversity & endangered primate habitat protection (supporting), PWES-linked wetland services (provisioning)",https://www.undp.org/sites/g/files/zskgke326/files/2022-07/Annex%208b%20-PIMS6377_Draft%20EMPF_July2022.docx,Multilateral Grant
58,Phong Nha-Ke Bang,106.1157242,17.53607771,National Park,"BMZ, KfW & GIZ (Germany); ~USD 23,655,000",GIZ (technical cooperation/capacity building); KfW (financial cooperation/funding); Quang Binh PPC (project owner); PPMU & Phong Nha-Ke Bang NP Management Board (day-to-day implementation & enforcement),"NP rangers/staff; buffer-zone communities (e.g. Thuong Hoa, Hoa Son communes) — alternative income activities & capacity-building","The project is centered on the Phong Nha-Ke Bang National Park in Quang Binh Province, Vietnam (which was expanded from 85,754 hectares to 123,326 hectares in 2013) and its surrounding buffer zones. It also encompasses transboundary regional conservation efforts with the Hin Nam No National Conservation Area in Laos.",2007 – 2016,Biodiversity-friendly livelihood models and sustainable ecotourism development,"Primary karst forest ecosystem protection & endangered flora/fauna conservation (supporting), forest rehabilitation & geomorphological landscape/cave preservation (regulating & cultural)",https://www.giz.de/en/projects/sustainable-management-natural-resources-phong-nha-ke-bang-national-park-region,Bilateral Grant
59,Phu Canh,105.0320466,20.93353086,Nature Reserve,"JICA & Government of Vietnam/MARD; cost not in USD (total 2,254,638M VND)",MARD/MBFP (central owner); CPMB (central execution); Hoa Binh PPC/DARD (provincial owner); PPMB (provincial execution); SUFMB/NRMB (field protocols/monitoring),"Local forest-fringe villagers, community working groups, downstream municipal/agricultural water consumers","Da Bac district, Hoa Binh Province (5,304 ha)",2016-2026,"Forestry: value-dense timber, fuel wood. Livelihoods: Ba Kich plantation, bee-keeping, fodder grass, post-harvest infrastructure","Primary lower montane evergreen forest & spring water catchment protection (regulating), rare timber preservation & carbon sequestration (provisioning & regulating)",https://openjicareport.jica.go.jp/pdf/12267654.pdf,Bilateral Co-Financing
60,Phu Quoc,104.0008741,10.33506233,National park,"AusAID & German Government (via GIZ/GTZ); under Kien Giang Biosphere Reserve Project (Phase 1) & CCCEP; CCCEP budget: AusAID US$24.3M, German technical US$14.1M, KfW financial US$25.3M (no park-specific breakdown)","GIZ (implementer, Phase 1 & CCCEP); Kien Giang PPC (executing agency); DOST (partner agency); Kien Giang Biosphere Reserve Management Board (cross-sectoral planning); National Park Staff (biodiversity/park integrity managers)",NP staff (biodiversity conservation training); buffer-zone populations (livelihood improvement to reduce park incursions); local tourism sector,"Phu Quoc National Park (31,422 ha), encompassing mountain dipterocarp forests, dwarf forests on sand hills, and adjacent marine areas (coral reefs and seagrass beds)",2008-2011,"Biodiversity audits for EIAs on tourism/infrastructure projects (roads, reservoirs); park staff capacity building & training","Least-disturbed Dipterocarp forest preservation (supporting), marine habitat maintenance (700 ha coral reef, 12,000 ha seagrass) for dugongs & sea turtles (supporting)",https://www.dfat.gov.au/sites/default/files/cccep-kien-giang-lessons-learned-pd.pdf,Bilateral Co-Financing
61,Sao La,107.5845681,16.02874192,Nature Reserve,"CEPF ($235,000 core grant); co-financiers Re:wild ($20,720) & WWF Germany ($10,360) for intensive patrols/snare removal","WWF-Viet Nam (lead grantee); Re:wild (sub-grantee — species monitoring, mapping, snare removal); ATP (sub-grantee — field research, capture-mark-recapture, Bourret's Box Turtle baselines)",10 Hue/Quang Nam FPD staff (camera trapping survey training); 7 Saola NR FPD staff (turtle capture-mark-recapture training); indigenous ethnic minority communities using the protected landscape,Project Area Covered: Two identified priority micro-watersheds mapped out for rewilding (one located within the Hue Saola Nature Reserve and one within the Quang Nam Saola Nature Reserve).,2021-2025,Systematic camera trap grids (500×500m & 250×250m); turtle capture-mark-recapture methodology; occupancy baseline reports,"In-situ threat mitigation (patrolling & snare removal) & biological baseline establishment (supporting), habitat evaluation for species reintroduction (supporting)",https://www.cepf.net/resources/final-project-report/final-completion-and-impact-report-111997,Co-Financing / Grant
62,Song Thanh,107.6255108,15.48793959,National park,"USAID (VFBC Project); covers Vu Quang, Bidoup Nui Ba, Cat Tien, Cuc Phuong, Phong Nha-Ke Bang, Song Thanh, Bach Ma NPs & 7 nature reserves",WWF (main implementing partner); MARD (government oversight),"Forest communities (7,000 people targeted for improved economic benefits; 40 communities for sustainable value chains; 9 villages for community eco-tourism); local wildlife populations","Cuc Phuong National Park, Ninh Binh Province",2020 – 2025 (Unfinished),Conservation-friendly ecotourism enterprises; forest crime law enforcement & wildlife trade demand reduction,"Intact forest conservation, endangered wildlife stabilization & ecosystem protection (regulating & supporting)",https://vietnam.panda.org/en/our_work/wildlife/usaid_bca/,Bilateral Grant
63,Tram Chim,105.534805,10.714756,National park,"Australian Government (Mekong-Australia Partnership on Climate Resilience; Phase II, 2026)",WWF-Vietnam & Dong Thap DAE (implementers),"Marginalized & vulnerable buffer-zone communities (part of ~2,000 residents targeted across Dong Thap & Tay Ninh)","Project area covered: Buffer zones of Tram Chim National Park, which is part of the total 1,750 hectares of critical freshwater ecosystems being restored across Dong Thap and Tay Ninh provinces",2026 – 2029,"Nature-based solutions: flood-based livelihood models (floating rice cultivation, lotus-fish & rice-fish farming)","Natural flood dynamics restoration & freshwater ecosystem recovery, ~25% greenhouse gas emission reduction (regulating & provisioning)","https://vir.com.vn/wwf-dong-thap-launch-second-phase-of-climate-resilience-project-149630.html;
https://van.nongnghiepmoitruong.vn/wwf-expand-nature-based-solutions-to-restore-dong-thap-wetlands-d803600.html",Bilateral Grant
64,U Minh Ha,104.9483431,9.249422186,National Park,World Bank (IDA) & GEF; under US$310M IDA / US$6M GEF project (Component 4),MARD (primary implementing agency); Ca Mau PPC (local executor); U Minh Ha NP Management Board (site co-manager),Forestry-dependent buffer-zone communities; park management staff; local agricultural households,Project Area Covered: U Minh Ha National Park boundaries and its adjacent buffer zones in Ca Mau Province.,2016 – 2022,Sustainable forestry (Melaleuca timber) & freshwater fisheries,"Freshwater retention via reservoirs & peatland fire prevention (regulating), carbon sequestration & wetland biodiversity conservation (regulating & supporting)",https://ewsdata.rightsindevelopment.org/files/documents/44/WB-P153544_ldILX8r.pdf,Multilateral Co-Financing
65,U Minh Thuong National Park,105.0933606,9.596454314,National park,"AusAID & German Government (via GIZ/GTZ); under Biosphere Reserve/CCCEP budgets (AusAID US$24.3M; Germany US$14.1M technical / US$25.3M financial), with no specific park-level breakdown provided.",GIZ (implementer); MARD (central coordinator); Kien Giang PPC (executing agency); DARD (provincial partner); U Minh Thuong NP Management Board (fire/water/biodiversity plan managers),"Local buffer-zone households (fish-farming materials); NP staff (capacity building & technical advisory); eco-tourists (~28,000/year) visiting the wetland/bird sanctuary","U Minh Thuong National Park, encompassing an 8,038 ha core zone and a 13,069 ha buffer zone of peat swamp and melaleuca forests",2008-2011,New water/fire management regimes (ending dry-season flooding); NP Management Plan & contour/soil/peat mapping; biodiversity monitoring; alternative livelihoods via 'Sac Ran' fish farming under melaleuca forest (fingerlings & training),"Mekong flood buffering & dry-season aquifer recharge (regulating), peat/melaleuca carbon storage (~2.05M tonnes) (regulating), rare wetland species habitat (151 bird species, hairy-nosed otter, fishing cat) (supporting)",https://www.dfat.gov.au/sites/default/files/cccep-kien-giang-lessons-learned-pd.pdf,Bilateral Co-Financing
66,Vu Quang,105.41436,18.28042,National park,"USAID (VFBC Project); covers Vu Quang, Bidoup Nui Ba, Cat Tien, Cuc Phuong, Phong Nha-Ke Bang, Song Thanh, Bach Ma NPs & 7 nature reserves",WWF (main implementing partner); MARD (government oversight),"Forest communities (7,000 people targeted for improved economic benefits; 40 communities for sustainable value chains; 9 villages for community eco-tourism); local wildlife populations","Cuc Phuong National Park, Ninh Binh Province",2020 – 2025 (Unfinished),Conservation-friendly ecotourism enterprises; forest crime law enforcement & wildlife trade demand reduction,"Intact forest conservation, endangered wildlife stabilization & ecosystem protection (regulating & supporting)",https://vietnam.panda.org/en/our_work/wildlife/usaid_bca/,Bilateral Grant
67,Western Nghe An,104.7126437,19.29083162,UNESCO-MAB Biosphere Reserve,"GEF Trust Fund, UNDP & GOV (Nghe An provincial government); global allocation USD 43,198,222 (incl. USD 6,660,000 GEF grant); Nghe An co-financing USD 6.9M (economic development, fire prevention, elephant & forest conservation)","MONRE (national executing agency — legislative reform, coordination); VEA & BCA (project owner & day-to-day coordinators); UNDP (GEF implementing agency — fiduciary compliance, evaluations); Western Nghe An Biosphere Reserve Management Board (co-implementing partner — site interventions, PITs)","~1,000 target households (ethnic minorities: Thai, Kho Mu, H'mong, O Du, Dan Lai); community forest enterprises; field staff across Pu Mat NP, Pu Huong NR & Pu Hoat NR","A vast landscape of 1,303,285 hectares, encompassing a 191,922 ha core zone, a 503,270 ha buffer zone, and a 608,093 ha transition zone spanning nine mountainous districts",2018-2023,"Sustainable agricultural products (oranges, Nit pigs, Quy fat duck); handicrafts (brocade, rattan weaving); sustainable NTFPs (medicinal plants, Bon bo, Quy cinnamon, yellow flower tea)","Tropical rainforest & bamboo ecosystem protection (supporting), Ca River basin watershed forest preservation, soil conservation & flood regulation (regulating), carbon sequestration (regulating)","https://www.thegef.org/projects-operations/projects/9361;
https://www.undp.org/vietnam/projects/mainstreaming-natural-resource-management-and-biodiversity-conservation-objectives",Multilateral Co-Financing
68,Western Nghe An,104.7126437,19.29083162,UNESCO-MAB Biosphere Reserve,"GEF Trust Fund, UNDP & GOV (Dong Nai provincial government); within USD 43,198,222 project framework (incl. USD 6,660,000 GEF grant); Dong Nai co-financing USD 9.208M (tree & elephant conservation, biodiversity surveys, culture-nature reserve infrastructure)",MONRE (legislative lead — Biosphere Reserve integration into Biodiversity Law); VEA & BCA (project owner & administrative coordinators); UNDP (GEF implementing agency — SESP compliance); Dong Nai Biosphere Reserve Management Board (co-implementing partner — provincial dialogue & master planning),"~1,000 local households (Kinh settlers & indigenous minorities: S'Tieng, Chau Ma, Chau Ro); community self-help groups; PA staff at Cat Tien NP & Dong Nai Culture and Nature Reserve","A sprawling terrestrial area of 969,993 hectares across 5 provinces, including a 173,073 ha core zone, a 349,995 ha buffer zone, and a 446,925 ha transition zone.",2018-2023,"Sustainable crops (rice, cashew nuts, maize, cassava, coffee); native timber species; certified medicinal forest flora; low-impact ecotourism products","Secondary lowland humid forest protection (supporting), Dong Nai basin/Tri An reservoir watershed regulation & freshwater/flood control for industrial zones & HCMC (regulating & provisioning)","https://www.thegef.org/projects-operations/projects/9361;
https://www.undp.org/vietnam/projects/mainstreaming-natural-resource-management-and-biodiversity-conservation-objectives",Multilateral Co-Financing
69,Xuan Nha,104.717009,20.656421,Nature Reserve,"JICA & Government of Vietnam/MARD; (total 2,254,638M VND)",MARD/MBFP (central owner); CPMB (central execution); Son La PPC/DARD (provincial owner); PPMB (provincial execution); SUFMB/NRMB (local site plans),"Boundary-adjacent communities, village forest patrolling teams, regional agricultural networks","Van Ho and Moc Chau districts, Son La Province (22,943 ha)",2016-2026,"Forestry: firewood, woodlot timber, resins. Livelihoods: medicinal plants, bee-keeping, fodder grass, drying facilities","Isolated high-altitude ecosystem biodiversity conservation (supporting), watershed stabilization & carbon credit enhancement (regulating)",https://openjicareport.jica.go.jp/pdf/12267654.pdf,Bilateral Co-Financing
70,Yok Don,107.662001,12.956476,National Park,EU (via CITES Secretariat) & state forestry/socio-economic capital funds; under master national CITES grant (not site-specific),CCD (distribution mapping/framework design); Management Board (local execution — patrolling & threat management),Local community forest protection teams; upskilled rangers; downstream populations,Dry dipterocarp and tropical forest expanses of Dak Lak Province,2019-2021,Field survey grids; parent tree markers; forest fire prevention toolkits; community communication signage,"D. cochinchinensis (8,000–10,000) & D. oliveri (50,000–60,000) tree protection (supporting), severe forest fire mitigation (regulating)",https://cites-tsp.org/sites/default/files/project_files/2023-01/Vietname_Management-and-conservation-plan-April-2022.pdf; https://cites-tsp.org/wp-content/uploads/2019/06/Vietnam-PCA-no-budget_compressed.pdf,Co-Financing / Grant
71,Xuan Son,104.9450365,21.12540833,National Park,HEINEKEN Vietnam & Government of Vietnam; ~VND 30B (~USD 1.3M),WWF-Vietnam (technical implementer); MARD (government oversight),Local communities in core/buffer zones; downstream agricultural workers,"Dong Nai Culture & Nature Reserve, Xuan Son NP & Dong Thap Muoi (1,100 ha target area)",2022 – 2025,Water replenishment (3 billion liters restored); large native timber reforestation,"Freshwater ecosystem restoration, watershed protection & hydrological cycle regulation (provisioning & regulating)",https://heineken-vietnam.com.vn/en/news-events/press-release/heineken-vietnam-invests-vnd-30-billion-teaming-up-with-wwf-vietnam-on-water-conservation-program-in-red-dong-nai-and-tien-river-basins.html,Public-Private Partnership
72,Tram Chim,105.534805,10.714756,National park,"GEF Small Grants Programme (GEF/SGP); USD 87,714 total (USD 49,437 Grant, USD 10,000 Cash Co-Financing, USD 28,277 In-Kind Co-Financing)","Women Union of Tam Nong District, Dong Thap Province (Grantee — primary local implementer); Project Management Board (project organization, selection criteria, contracts & loan/grant management)",Local community households in Tam Nong District; local farmers; Tram Chim National Park staff/administration,"Tram Chim National Park, Tam Nong District, Dong Thap Province (2,000+ ha affected area)",N/A,Integrated weed control demonstration model; long-term action plan/strategy; invasive species database; educational community contests; project-backed household loans/contracts,Wetland habitat restoration & exotic plant control to protect native flora (regulating & supporting); critical pasture/feeding ground reclamation for endangered red-headed stork (Grus antigone sharpii) (supporting),https://sgp.undp.org/spacial-itemid-projects-landing-page/spacial-itemid-project-search-results/spacial-itemid-project-detailpage.html?view=projectdetail&id=9607,Multilateral Co-Financing
73,Ba Na - Nui Chua,107.9485687,16.09521422,Nature Reserve,"GEF Small Grants Programme (GEF/SGP); US$94,547 total (US$49,256 Grant, US$41,250 Cash Co-Financing, US$4,041 In-Kind Co-Financing)","Farmers' Association of Hoa Vang District (Grantee — technical training, asset procurement, local coordination); Hoa Bac Commune People's Committee (group establishment decisions, local regulations, MOUs); Project Steering Committee (field oversight & multi-stakeholder guidance); Hoa Vang District Government (administrative & financial backing, e.g. interest-free homestay loans)",Co Tu ethnic minority community (Ta Lang & Gian Bi villages); primary school students; local commune/village officials,"Buffer zones of Ba Na-Nui Chua Nature Reserve & Bach Ma National Park — Ta Lang & Gian Bi villages, Hoa Bac commune, Hoa Vang district, Da Nang",2016-2018,"Local income development funds; community tourism gear (tents, trekking sticks, bicycles); traditional cultural equipment (gongs, costumes); hardware (computers, 3G USB); eco-bags, firewood stoves & cement waste containers","Agroforestry biodiversity conservation & native forest protection via community patrols (supporting & regulating); forest fire risk management & pollution control (waste sorting, plastic reduction) (regulating)",https://www.sgp.undp.org/spacial-itemid-projects-landing-page/spacial-itemid-project-search-results/spacial-itemid-project-detailpage.html?view=projectdetail&id=24082,Multilateral Co-Financing
74,Tam Giang-Cau Hai,107.7461703,16.41927537,Wetland Protected Area,"GEF Small Grants Programme (SGP) / UNEP South China Sea (SCS) initiative; US$53,083.63 total (US$20,000 Grant, US$20,000 Cash Co-Financing, US$13,083.63 In-Kind Co-Financing)","Fisheries Associations of Thua Thien Hue Province/HUEFIS (Grantee — technical evaluations, boundary setup, community mobilization); DARD (review & validation agency); Thua Thien Hue Provincial People's Committee (high-level approval & resource protection mandates)","Local lagoon fishing communities (poor, resource-dependent households); grassroots government staff; Fishing Unions & local Fishery Association sub-branches","Tam Giang-Cau Hai lagoon system, Thua Thien Hue Province (small-scale zones: Con Chim-Vinh Phu, O Lau, Quang Dien, Vung Me, Con Sao, Gianh Lang, Huong Phong, Loc Binh, Con Cat, Dap Tay-Chua Ma, Doi Choi, Hon Nui)",2010-2012,Small-scale community aquatic reserves ('small zones'); standardized boundary demarcation; updated fisheries resource databases; environmental capacity-building workshops,"Aquatic breeding/nursery habitat restoration — mangroves, seaweeds & aquatic vegetation (provisioning & supporting); coastal wetland conservation (230 fish, 73 bird species) & climate-resilient lagoon stabilization (supporting & regulating)",https://www.sgp.undp.org/spacial-itemid-projects-landing-page/spacial-itemid-project-search-results/spacial-itemid-project-detailpage.html?view=projectdetail&id=16766,Multilateral Co-Financing
75,Bach Ma,107.7824611,16.13711526,National park,"GEF Small Grants Programme (GEF SGP); USD 62,415 total (USD 50,000 Grant, USD 12,415 In-Kind Co-Financing)","Center for Environment and Community Development (Grantee — primary implementer); local authorities & social organizations (support, training in credit/fund-raising); research institutions (collaborative partners)",Forest-dependent & poor households reliant on forest livelihoods; local community officials & social organizations,Buffer-zone communes (Huong Loc & Thuong Nhat) of Bach Ma National Park,2015-2018,"Livelihood funds (micro-loans averaging VND 10M); technical training (animal husbandry disease control, pig farming pollution management); marketing guidelines; policy recommendation briefs",Forest resource protection & biodiversity conservation in Bach Ma NP (supporting); 50–55% reduction in illegal forest intrusions/violations (regulating),https://www.sgp.undp.org/spacial-itemid-projects-landing-page/spacial-itemid-project-search-results/spacial-itemid-project-detailpage.html?view=projectdetail&id=23968,Multilateral Co-Financing
76,Bach Ma,107.7824611,16.13711526,National park,"GEF Small Grants Programme (GEF/SGP); US$94,547 total (US$49,256 Grant, US$41,250 Cash Co-Financing, US$4,041 In-Kind Co-Financing)","Farmers' Association of Hoa Vang District (Grantee — technical training, asset procurement, local coordination); Hoa Bac Commune People's Committee (group establishment decisions, local regulations, MOUs); Project Steering Committee (field oversight & multi-stakeholder guidance); Hoa Vang District Government (administrative & financial backing, e.g. interest-free homestay loans)",Co Tu ethnic minority community (Ta Lang & Gian Bi villages); primary school students; local commune/village officials,"Buffer zones of Ba Na-Nui Chua Nature Reserve & Bach Ma National Park — Ta Lang & Gian Bi villages, Hoa Bac commune, Hoa Vang district, Da Nang",2016-2018,"Local income development funds; community tourism gear (tents, trekking sticks, bicycles); traditional cultural equipment (gongs, costumes); hardware (computers, 3G USB); eco-bags, firewood stoves & cement waste containers","Agroforestry biodiversity conservation & native forest protection via community patrols (supporting & regulating); forest fire risk management & pollution control (waste sorting, plastic reduction) (regulating)",https://www.sgp.undp.org/spacial-itemid-projects-landing-page/spacial-itemid-project-search-results/spacial-itemid-project-detailpage.html?view=projectdetail&id=24082,Multilateral Co-Financing
77,Pu Mat,104.695387,18.938023,National park,"GEF Small Grants Programme (GEF/SGP); US$142,841 total (US$47,586 Grant, US$19,215 Cash Co-Financing, US$76,040 In-Kind Co-Financing)","Nghe An Association of Tourism (Grantee — field models, capacity building, knowledge-sharing); local authorities of Tuong Duong & Con Cuong districts (policy recommendation recipients)",Local ethnic minorities in designated buffer zones,"Buffer zones of Pu Mat National Park, Western Nghe An Biosphere Reserve — Sang Le forest (Quang Thinh hamlet), Khe Ca (Quang Phuc), Tam Dinh hamlet & Xieng hamlet (Mon Son village), Tuong Duong & Con Cuong districts",2019-2022,Ecotourism & community-based tourism models; sustainable craft villages; non-timber/timber job conversion programs; local policy recommendation frameworks,Forest protection & biodiversity conservation (supporting); sustainable forest development & degradation mitigation via reduced illegal land use/harvesting (regulating),https://www.sgp.undp.org/spacial-itemid-projects-landing-page/spacial-itemid-project-search-results/spacial-itemid-project-detailpage.html?view=projectdetail&id=28024,Multilateral Co-Financing
78,Pu Mat,104.695387,18.938023,National park,"GEF Trust Fund, UNDP & Government of Vietnam (incl. Nghe An Provincial Government); USD 43,198,222 total (GEF Grant USD 6.66M, UNDP Cash Co-Financing USD 1M, Government Baseline/In-Kind Co-Financing USD 35.538M)","MONRE (National Executing Agency — governance, legislative alignment); VEA (Project Owner); BCA (national coordination hub); UNDP Country Office (GEF Implementing Agency — cycle services, safeguards, audits, evaluations); Western Nghe An Biosphere Reserve Management Board (site-level zoning & resource protection); DPCs/CPCs (buffer-zone oversight & grant verification)","~1,000 households in core/buffer zones of Western Nghe An BR; ethnic minorities (Thai, Kho Mu, Tho, H'mong, Dan Lai, O Du); PA management boards & rangers (Pu Mat NP, Pu Huong & Pu Hoat NRs)","1,303,285 ha across 9 mountainous districts, Nghe An Province — Core Zone 191,922 ha (Pu Mat NP 91,113 ha, Pu Hoat & Pu Huong NRs); Buffer Zone 503,270 ha; Transition Zone 608,093 ha",2018-2023,"Integrated Biosphere Reserve Management Agreements (IBRMAs) & Commune Conservation Plans (CCPs); performance-based micro-capital grants via revolving funds (up to $350/group); climate-adaptive specialty crops (yellow flower tea, Bon bo, Quy cinnamon, vegetables, Nit pigs, Quy fat ducks); community tourism infrastructure, homestays & handicrafts (bamboo, rattan, brocade)","Largest pristine broad-leaved tropical forest protection, Northern Annamites (supporting); Ca River headwater watershed protection & water provisioning (provisioning & regulating); weather mitigation, soil/carbon retention (regulating); critically endangered species habitat corridors — Saola, Gaur, Asian Elephant, Northern White-cheeked Gibbon (supporting)",https://view.officeapps.live.com/op/view.aspx?src=https%3A%2F%2Fpublicpartnershipdata.azureedge.net%2Fgef%2FPMISGEFDocuments%2FMulti%2520Focal%2520Area%2FVietnam%2520-%2520%25289361%2529%2520-%2520Mainstreaming%2520Natural%2520Resource%2520Management%2520and%2520Biod%2F01-16-18%2520PIMS%25205659%2520Vietnam%2520Biosphere%2520Reserve%2520ProDoc_3Jan2018_1st%2520Resubmission_2.docx&wdOrigin=BROWSELINK,Multilateral Co-Financing
79,Cat Tien,107.3515719,11.56646094,National park,"GEF Small Grants Programme (GEF/SGP); US$109,489 total (US$49,833 Grant, US$14,905 Cash Co-Financing, US$44,751 In-Kind Co-Financing)","Youth Union of Cat Tien district, Lam Dong province (Grantee — primary local implementer)",Local ethnic minorities & economic households,"Dong Nai Thuong commune, buffer zone of Cat Tien National Park",2019-2022,Livelihood development models; agricultural economy initiatives; sustainable traditional trades; Payment for Forest Environmental Services (PFES) mechanism,"Forest protection & development, biodiversity conservation of Cat Tien NP (supporting); sustainable forest ecosystem management via local stewardship (regulating)",https://www.sgp.undp.org/spacial-itemid-projects-landing-page/spacial-itemid-project-search-results/spacial-itemid-project-detailpage.html?view=projectdetail&id=28025,Multilateral Co-Financing
80,Ba Be,105.6212545,22.41959266,National park; Wetland of International Importance (Ramsar Site),"GEF Small Grants Programme (GEF/SGP); US$73,547 total (US$49,990 Grant, US$23,557 In-Kind Co-Financing)","Bac Kan Union of Science and Technology Associations (Grantee — field models, capacity building, community-based rules); mass organizations & reputable persons (awareness-raising, leader capacity building)","Ethnic minority peoples, community leaders & local residents in the buffer zone",Buffer zone of Ba Be National Park & protected areas in Bac Kan province,2021-2023,Conserved black ants (egg harvesting for food); local specialty fruit tree varieties; community-based rules/regulations; traditional songs & poetry with fire prevention guidance,Ecological biodiversity conservation within Ba Be NP (supporting); sustainable forest protection & fire prevention/control (regulating),https://www.sgp.undp.org/spacial-itemid-projects-landing-page/spacial-itemid-project-search-results/spacial-itemid-project-detailpage.html?view=projectdetail&id=30647,Multilateral Co-Financing
81,Bach Ma,107.7824611,16.13711526,National park,"GEF Small Grants Programme (GEF/SGP); US$40,716 total (US$21,387 Grant, US$6,514 Cash Co-Financing, US$12,815 In-Kind Co-Financing)","Women Union of Phu Loc District, Thua Thien Hue Province (Grantee — revolving loans, technical training, relationship management); Phu Loc District People's Committee (regulatory approval of forest protection regulations); Bach Ma NP Management Board (co-management & forest protection plot contracts); Vietnam Biological Associations (public environmental communication)","Vulnerable/poor households (42% baseline poverty), Loc Tri Commune; school pupils; local construction workers","Loc Tri Commune (6,532 ha, incl. 3,345 ha forest land), buffer zone of Bach Ma NP, Phu Loc District, Thua Thien Hue Province",2001-2002,"Energy-saving stoves; intensive crop packages (water rice, peanuts, nuts, melons); revolving loan fund (VND 150M); village forest protection regulations; environmental booklets/leaflets","Forest protection & management of 155 ha NP land (supporting); habitat degradation mitigation via reduced firewood collection, logging & hunting (regulating); water supply conservation for Quang Nam, Da Nang & Thua Thien Hue provinces (provisioning)",https://www.sgp.undp.org/spacial-itemid-projects-landing-page/spacial-itemid-project-search-results/spacial-itemid-project-detailpage.html?view=projectdetail&id=4135,Multilateral Co-Financing
82,Tam Dao,105.5829942,21.52128641,National park,"GEF Small Grants Programme (GEF/SGP); US$60,021 total (US$27,054 Grant, US$1,548 Cash Co-Financing, US$31,419 In-Kind Co-Financing)","Farmers' Association of Vinh Phuc Province (Grantee — training, revolving loan program, community mobilization); Project Management Board (selection criteria, contracts, voting/loan process); Tay Thien Place of Interest & Tam Dao NP Management Board (community awareness events); Local Department of Agriculture (agricultural training)",Poor ethnic communities lacking agricultural knowledge; local construction workers/fire brigades; local government sectors,"Tam Quan & Dai Dinh communes (Tam Duong District) and Dao Tru commune (Lap Thach District), Tam Dao National Park region, Vinh Phuc Province",2000-2003,"Revolving loan program (VND 90M crop changes; 150,000 VND sloping-land models); firefighting tools for forest brigades; alternative agriculture (fruit trees, sustainable sloping-land cultivation); local Gardeners' Associations",Upstream watershed forest conservation & water provisioning (regulating & provisioning); biodiversity loss mitigation via reduced illegal timber harvesting/wildlife trade (supporting); barren sloping-land rehabilitation/re-greening (regulating),https://www.sgp.undp.org/spacial-itemid-projects-landing-page/spacial-itemid-project-search-results/spacial-itemid-project-detailpage.html?view=projectdetail&id=4140,Multilateral Co-Financing
83,Cat Ba,107.0358745,20.79277527,National park; UNESCO-MAB Biosphere Reserve,"GEF Small Grants Programme (GEF/SGP); US$36,029.60 total (US$24,782 Grant, US$35.60 Cash Co-Financing, US$11,212 In-Kind Co-Financing)","Women's Union of Cat Hai District (Grantee — revolving loan program, capacity training, relationship building); District & Communal People's Councils (socio-economic integration); Cat Ba NP Management Board (resource management/protection); FFI & DED (environmental advocacy)",Local households in core/buffer zones; island women; district key staff & armed forces; University of Forestry students,"Core & buffer zones (Gia Luan & Viet Hai communes) of Cat Ba National Park, Cat Hai District, Hai Phong Province",2000-2003,"Revolving loan program ($11,030); F1 crossbreed & native orange tree seedlings; agricultural crop inputs (vegetable plantations); beehives for honey/wax production","Limestone karst geomorphology & marine environment protection (supporting); endangered Golden-headed langur conservation (supporting); coral reef, seagrass & mangrove restoration (supporting & regulating); native orange variety genetic safeguarding (provisioning)",https://www.sgp.undp.org/spacial-itemid-projects-landing-page/spacial-itemid-project-search-results/spacial-itemid-project-detailpage.html?view=projectdetail&id=4146,Multilateral Co-Financing
84,Van Long,105.852061,20.384058,Nature Reserve,"GEF Small Grants Programme (GEF/SGP); US$1,093 total (US$749 Grant, US$344 In-Kind Co-Financing)","Farmers' Association of Gia Van Commune, Gia Vien District (Grantee — planning grant recipient: baseline assessments, stakeholder mobilization, proposal framing); local authorities & relevant agencies (governance alignment, feasibility appraisal)",Local community leaders; buffer-zone residents; primary/secondary school pupils,"Seven communes in the buffer zone of Van Long Nature Reserve, Gia Vien District, Ninh Binh Province",2001,Socio-economic survey materials; technical project proposal blueprints; integrated conservation-development model framework; environmental education curriculum,Forest protection & landscape management to reverse deforestation (regulating); vulnerable riverine wetland conservation & critically endangered Delacour's langur habitat preservation (supporting),https://www.sgp.undp.org/spacial-itemid-projects-landing-page/spacial-itemid-project-search-results/spacial-itemid-project-detailpage.html?view=projectdetail&id=4922,Multilateral Co-Financing
85,Van Long,105.852061,20.384058,Nature Reserve,"GEF Small Grants Programme (GEF/SGP); US$78,144.01 total (US$50,000 Grant, US$6,949.92 Cash Co-Financing, US$21,194.09 In-Kind Co-Financing)","Farmers' Association of Gia Van Commune, Gia Vien District (Grantee — livelihood training, revolving loan program, project coordination); Hoa Lu Van Long Nature Reserve Management Board (protected area regulations, forest protection classes & contracts); Ninh Binh Provincial Veterinary Department (vet training course); Gia Vien District Radio Station (broadcasting upgrades)","Local communities/households in 7 buffer-zone communes; junior secondary students & teachers (grades 6, 7, 9); local veterinarians, forest rangers & hamlet heads; Forestry committee","7 buffer-zone communes + 2,000 ha core-zone forest, Van Long Wetland Nature Reserve, Gia Vien District, Ninh Binh Province",2002-2004,"Biogas units (demo & replicated); revolving loan program ($23,164, 100% repayment); Mong Cai pigs; bamboo mat making (off-farm income); ecology lesson materials; upgraded radio broadcasting; 30 ha indigenous tree planting","Riverine wetland ecosystem conservation & 2,000 ha core-zone forest protection (supporting); indigenous tree reforestation (regulating); critically endangered Delacour's langur habitat preservation via reduced deforestation/hunting (supporting)",https://www.sgp.undp.org/spacial-itemid-projects-landing-page/spacial-itemid-project-search-results/spacial-itemid-project-detailpage.html?view=projectdetail&id=5159,Multilateral Co-Financing
86,Tram Chim,105.534805,10.714756,National park,"GEF Small Grants Programme (GEF/SGP); US$1,630 total (US$980 Grant, US$650 In-Kind Co-Financing)","Farmers' Association of Tam Nong District (Grantee — planning grant implementer: socio-economic surveys, feasibility assessment, proposal drafting); local authorities & relevant agencies (multi-stakeholder support & synergy)",Local communities in Tam Nong District; Tram Chim National Park management,"Tram Chim National Park, Tam Nong District, Dong Thap Province",2002-2003,Socio-economic surveys; GEF/SGP project proposal; integrated weed control demonstration model; invasive species database; long-term action plan & strategy,Biodiversity conservation & native wetland ecosystem protection from invasive Mimosa pigra (supporting & regulating),https://www.sgp.undp.org/spacial-itemid-projects-landing-page/spacial-itemid-project-search-results/spacial-itemid-project-detailpage.html?view=projectdetail&id=6242,Multilateral Co-Financing
87,Tram Chim,105.534805,10.714756,National park,"Grant Amount: US$ 1,490.00, Co-Financing in-Kind: US$ 850.00","Women Union of Tam Nong District, Dong Thap Province [Grantee]; GEF/SGP [review and appraisal]","Local communities, local authorities, relevant agencies","Tram Chim National Park, Tam Nong District, Dong Thap Province",N/A,"Conducting surveys on socio-economic conditions, identifying proposed project objectives and assessing feasibility, providing needed technical assistance in project design and writing project proposal, developing a demonstration model of an integrated approach to control Mimosa pigra","Preventing and Eliminating Mimosa Pigra, a dangerous exotic invasive species (supporting)",https://www.sgp.undp.org/spacial-itemid-projects-landing-page/spacial-itemid-project-search-results/spacial-itemid-project-detailpage.html?view=projectdetail&id=10609,Multilateral Co-Financing
88,Phong Nha-Ke Bang,106.1157242,17.53607771,National park,"GEF Small Grants Programme (GEF/SGP), co-funded with PTF/EU Fund for Promotion of Tropical Forests; US$138,726 total (US$50,000 Grant, US$88,726 In-Kind Co-Financing)","Women's Union of Bo Trach District (Grantee — technical trainings, model baseline setup, loan distribution); Bo Trach DPC (operational directives, land use certificates); Inter-sector Joint Board (9 members: DPC, police, forestry, national park, judicial, women's/youth unions, commune PC, Fatherland Front — joint law enforcement)",Vulnerable agricultural/forestry households; women members; community/commune leaders; Van Kieu ethnic minority (100% baseline poverty),"Son Trach commune (10,120 ha, incl. 5,000 ha core-zone forestry land), within/adjacent to Phong Nha-Ke Bang National Park, Bo Trach District, Quang Binh Province",2005-2007,Household micro-loan program; hybrid acacia/eucalyptus seedlings (112 ha community forestry); vegetable crop packets; new commune radio station; local environmental protection regulations/action plans,Largest primary limestone karst forest landscape protection in Vietnam (supporting); endemic biodiversity & natural heritage conservation (supporting); degradation reduction via slash-and-burn & illegal hunting control (regulating),https://www.sgp.undp.org/spacial-itemid-projects-landing-page/spacial-itemid-project-search-results/spacial-itemid-project-detailpage.html?view=projectdetail&id=7826,Multilateral Co-Financing
89,Tram Chim,105.534805,10.714756,National park,"GEF Small Grants Programme (GEF/SGP); US$87,714 total (US$49,437 Grant, US$10,000 Cash Co-Financing, US$28,277 In-Kind Co-Financing)","Women Union of Tam Nong District, Dong Thap Province (Grantee — primary implementer); Project Management Board (community voting, participation criteria, household contracts & loans)","Local community households in Tam Nong District, Dong Thap Province","Tram Chim National Park, Tam Nong District, Dong Thap Province (2,000+ ha infestation area)",2006-2008,Integrated weed control demonstration model; centralized invasive species database; long-term action plan & strategy; community loan management; environmental contests/workshops,Tropical wetland biodiversity conservation (supporting); indigenous herbaceous vegetation restoration (regulating); critical pasture/feeding ground recovery for red-headed stork (Grus antigone sharpii) (supporting),https://www.sgp.undp.org/spacial-itemid-projects-landing-page/spacial-itemid-project-search-results/spacial-itemid-project-detailpage.html?view=projectdetail&id=9607,Multilateral Co-Financing
90,Cat Tien,107.3515719,11.56646094,National Park; UNESCO-MAB Biosphere Reserve,"CEPF (19,916 USD), US Fish and Wildlife Service (34,138 USD)","Wildlife Conservation Society WCS (Project implementation, investigation, and facilitation); CITES Vietnam Management Authority (Cooperate in organizing a procuracy training workshop and two media workshops, developing survey outline, and carrying out initial data collection); Supreme Peopleâ€™s Procuracy (SPP) (Participated in workshops, summarizing criminal cases of rhino horn trade, outlining status, challenges, and proposals); TRAFFIC (Hosting and participating in meetings for information sharing); ENV (Hosting and participating in meetings for information sharing); Ha Noi Environmental Police (Participation in investigating retailers and wholesalers); National Forest Protection Department (Training workshop participants); General Department of Vietnam Customs (Training workshop participants); Supreme People's Court (Training workshop participants); Institute of Tropical Biology (Training workshop participants); Peopleâ€™s of Ho Chi Minh City (Cooperated in holding training workshops)","Nearly 90 participants from the provincial judiciary, courts and prosecutors from Ho Chi Minh City, Hanoi and Nghe An province; 22 government officials and 38 journalists in Hanoi and Ho Chi Minh City; Database of 180 journalists. Targeted species: rhinos, elephants, tigers, turtles, pangolins","N/A hectares; Ho Chi Minh City, Hanoi, Nghe An province, Cat Tien",2012-2013,"Online and field undercover investigations on rhino horn trade, prosecution clinics and training workshops, journalist training workshops, daily media tracking, drafting of Supreme People Procuracy Ordinance on African Elephant and Rhino crimes, legislation on domestic management of imported hunting trophies, secure registration database to track legal rhino horn trophies","Supporting (species protection and conservation for globally threatened species such as rhinos, elephants, tigers, turtles, and pangolins); Cultural (educational and awareness building among judiciary, media, and public on illegal wildlife trade and health risks of consumption)",https://www.cepf.net/grants/grantee-projects/addressing-illegal-trade-and-consumption-rhino-horn-vietnam; https://www.cepf.net/resources/final-project-report/final-project-report-2070,Small Grant
91,Phong Quang,104.915287,22.928231,Nature Reserve,"Critical Ecosystem Partnership Fund (CEPF) (Grant Amount: US$200,000; Ongoing grant: US$244,920), Corporate funders (US$44,000 for media, communication and policy activities)","Center for People and Nature Reconciliation (PanNature) (Grantee / implemented media and communication initiatives, field investigations, and policy advocacy); Vietnam Forum for Environmental Journalists (VFEJ) (Provided professional support and experts in regional media dialogue); Internewsâ€™ Earth Journalism Network (EJN) (Provided professional support and experts in regional media dialogue and training on data journalism); Vietnam Rivers Network, International Rivers, Mekong Partnership for the Environment (MPE), Save the Mekong Coalition, the Henry L. Stimson Center, IUCN, Can Tho University, the Swedish Embassy, TERRA (Thailand) (Co-organized series of local and regional events on impacts of hydropower development); ADDA, the International Centre for Research in Agroforestry (ICRAF), and Vietnam-Lao-Cambodia Association for Economic Cooperation Development (VILACAED) (Co-organized Mekong Resource Forum); Oxfam and Vietnam Chamber of Commercial and Industries (VCCI) (Collaborated to study Vietnamâ€™s ODI in agriculture sector in the region and developed voluntary safeguard guideline for ODI private sector); Forest and Environment Protection Magazine (Collaborated in environmental reporting and online publishing)","103 men and 79 women benefiting from formal training; 140 journalists from national and provincial media agencies; more than 100 participants from local mass organizations, NGOs, and experts; local communities in the impacted areas of Mekong dams and development projects; 44 national and provincial journalists participating in 22 field investigation trips; policy makers at local and national levels","N/A (Size in hectares). Geographically located in four provinces (Tuyen Quang, Ha Giang, Bac Kan, Cao Bang) within the Sino-Vietnamese Limestone, Son La province, Hoa Binh province, and the Mekong Delta in Vietnam. Laos (including Xayaburi and Pak Beng dam sites) and Cambodia (Tonle Sap Lake, Rattanakiri province) within the Mekong River and Major Tributaries Corridor.",2014-2017,"Media Bridge Programs; ThienNhien.Net environmental news outlet; field investigation trips for journalists; data journalism and social media training courses; Quarterly Policy Reviews; thematic media briefs (e.g., impacts of Mekong hydropower dams); documentary videos and national television programs (e.g., 'Mekong: Hydropower up - Communities down'); voluntary safeguard guideline for Vietnamese ODI enterprises in agriculture; open data and GIS mapping tools; establishment of the Mekong Environmental Forum (MEF)","Provisioning: Clean water, sustainable river flow, and food security/fisheries (Tonle Sap, Mekong Delta) protected against upstream water diversion and dams; timber and forest products. Regulating: Water security and basin resilience in the Mekong region; mitigating environmental risks from coal mining, industrial wastes, and overlapping hydropower development; climate resilience through forest protection. Cultural: Educational capacity building for journalists and communities; enhanced public awareness and transparency regarding environmental conservation and policy.",https://www.cepf.net/grants/grantee-projects/advancing-environmental-media-and-communications-navigating-public-discourse; https://www.cepf.net/resources/final-project-report/final-project-report-2313,Grant
92,Xuan Nha,104.717009,20.656421,Nature Reserve,"Critical Ecosystem Partnership Fund (CEPF) (Grant Amount: US$200,000; Ongoing grant: US$244,920), Corporate funders (US$44,000 for media, communication and policy activities)","Center for People and Nature Reconciliation (PanNature) (Grantee / implemented media and communication initiatives, field investigations, and policy advocacy); Vietnam Forum for Environmental Journalists (VFEJ) (Provided professional support and experts in regional media dialogue); Internewsâ€™ Earth Journalism Network (EJN) (Provided professional support and experts in regional media dialogue and training on data journalism); Vietnam Rivers Network, International Rivers, Mekong Partnership for the Environment (MPE), Save the Mekong Coalition, the Henry L. Stimson Center, IUCN, Can Tho University, the Swedish Embassy, TERRA (Thailand) (Co-organized series of local and regional events on impacts of hydropower development); ADDA, the International Centre for Research in Agroforestry (ICRAF), and Vietnam-Lao-Cambodia Association for Economic Cooperation Development (VILACAED) (Co-organized Mekong Resource Forum); Oxfam and Vietnam Chamber of Commercial and Industries (VCCI) (Collaborated to study Vietnamâ€™s ODI in agriculture sector in the region and developed voluntary safeguard guideline for ODI private sector); Forest and Environment Protection Magazine (Collaborated in environmental reporting and online publishing)","103 men and 79 women benefiting from formal training; 140 journalists from national and provincial media agencies; more than 100 participants from local mass organizations, NGOs, and experts; local communities in the impacted areas of Mekong dams and development projects; 44 national and provincial journalists participating in 22 field investigation trips; policy makers at local and national levels","N/A (Size in hectares). Geographically located in four provinces (Tuyen Quang, Ha Giang, Bac Kan, Cao Bang) within the Sino-Vietnamese Limestone, Son La province, Hoa Binh province, and the Mekong Delta in Vietnam. Laos (including Xayaburi and Pak Beng dam sites) and Cambodia (Tonle Sap Lake, Rattanakiri province) within the Mekong River and Major Tributaries Corridor.",2014-2017,"Media Bridge Programs; ThienNhien.Net environmental news outlet; field investigation trips for journalists; data journalism and social media training courses; Quarterly Policy Reviews; thematic media briefs (e.g., impacts of Mekong hydropower dams); documentary videos and national television programs (e.g., 'Mekong: Hydropower up - Communities down'); voluntary safeguard guideline for Vietnamese ODI enterprises in agriculture; open data and GIS mapping tools; establishment of the Mekong Environmental Forum (MEF)","Provisioning: Clean water, sustainable river flow, and food security/fisheries (Tonle Sap, Mekong Delta) protected against upstream water diversion and dams; timber and forest products. Regulating: Water security and basin resilience in the Mekong region; mitigating environmental risks from coal mining, industrial wastes, and overlapping hydropower development; climate resilience through forest protection. Cultural: Educational capacity building for journalists and communities; enhanced public awareness and transparency regarding environmental conservation and policy.",https://www.cepf.net/grants/grantee-projects/advancing-environmental-media-and-communications-navigating-public-discourse; https://www.cepf.net/resources/final-project-report/final-project-report-2313,Grant
93,Kon Chu Rang,108.570528,14.5053387,Nature Reserve,"Critical Ecosystem Partnership Fund (CEPF) (Grant Amount: US$200,000; Ongoing grant: US$244,920), Corporate funders (US$44,000 for media, communication and policy activities)","Center for People and Nature Reconciliation (PanNature) (Grantee / implemented media and communication initiatives, field investigations, and policy advocacy); Vietnam Forum for Environmental Journalists (VFEJ) (Provided professional support and experts in regional media dialogue); Internewsâ€™ Earth Journalism Network (EJN) (Provided professional support and experts in regional media dialogue and training on data journalism); Vietnam Rivers Network, International Rivers, Mekong Partnership for the Environment (MPE), Save the Mekong Coalition, the Henry L. Stimson Center, IUCN, Can Tho University, the Swedish Embassy, TERRA (Thailand) (Co-organized series of local and regional events on impacts of hydropower development); ADDA, the International Centre for Research in Agroforestry (ICRAF), and Vietnam-Lao-Cambodia Association for Economic Cooperation Development (VILACAED) (Co-organized Mekong Resource Forum); Oxfam and Vietnam Chamber of Commercial and Industries (VCCI) (Collaborated to study Vietnamâ€™s ODI in agriculture sector in the region and developed voluntary safeguard guideline for ODI private sector); Forest and Environment Protection Magazine (Collaborated in environmental reporting and online publishing)","103 men and 79 women benefiting from formal training; 140 journalists from national and provincial media agencies; more than 100 participants from local mass organizations, NGOs, and experts; local communities in the impacted areas of Mekong dams and development projects; 44 national and provincial journalists participating in 22 field investigation trips; policy makers at local and national levels","N/A (Size in hectares). Geographically located in four provinces (Tuyen Quang, Ha Giang, Bac Kan, Cao Bang) within the Sino-Vietnamese Limestone, Son La province, Hoa Binh province, and the Mekong Delta in Vietnam. Laos (including Xayaburi and Pak Beng dam sites) and Cambodia (Tonle Sap Lake, Rattanakiri province) within the Mekong River and Major Tributaries Corridor.",2014-2017,"Media Bridge Programs; ThienNhien.Net environmental news outlet; field investigation trips for journalists; data journalism and social media training courses; Quarterly Policy Reviews; thematic media briefs (e.g., impacts of Mekong hydropower dams); documentary videos and national television programs (e.g., 'Mekong: Hydropower up - Communities down'); voluntary safeguard guideline for Vietnamese ODI enterprises in agriculture; open data and GIS mapping tools; establishment of the Mekong Environmental Forum (MEF)","Provisioning: Clean water, sustainable river flow, and food security/fisheries (Tonle Sap, Mekong Delta) protected against upstream water diversion and dams; timber and forest products. Regulating: Water security and basin resilience in the Mekong region; mitigating environmental risks from coal mining, industrial wastes, and overlapping hydropower development; climate resilience through forest protection. Cultural: Educational capacity building for journalists and communities; enhanced public awareness and transparency regarding environmental conservation and policy.",https://www.cepf.net/grants/grantee-projects/advancing-environmental-media-and-communications-navigating-public-discourse; https://www.cepf.net/resources/final-project-report/final-project-report-2313,Grant
94,Yok Don,107.662001,12.956476,National Park,"Critical Ecosystem Partnership Fund (CEPF) (Grant Amount: US$200,000; Ongoing grant: US$244,920), Corporate funders (US$44,000 for media, communication and policy activities)","Center for People and Nature Reconciliation (PanNature) (Grantee / implemented media and communication initiatives, field investigations, and policy advocacy); Vietnam Forum for Environmental Journalists (VFEJ) (Provided professional support and experts in regional media dialogue); Internewsâ€™ Earth Journalism Network (EJN) (Provided professional support and experts in regional media dialogue and training on data journalism); Vietnam Rivers Network, International Rivers, Mekong Partnership for the Environment (MPE), Save the Mekong Coalition, the Henry L. Stimson Center, IUCN, Can Tho University, the Swedish Embassy, TERRA (Thailand) (Co-organized series of local and regional events on impacts of hydropower development); ADDA, the International Centre for Research in Agroforestry (ICRAF), and Vietnam-Lao-Cambodia Association for Economic Cooperation Development (VILACAED) (Co-organized Mekong Resource Forum); Oxfam and Vietnam Chamber of Commercial and Industries (VCCI) (Collaborated to study Vietnamâ€™s ODI in agriculture sector in the region and developed voluntary safeguard guideline for ODI private sector); Forest and Environment Protection Magazine (Collaborated in environmental reporting and online publishing)","103 men and 79 women benefiting from formal training; 140 journalists from national and provincial media agencies; more than 100 participants from local mass organizations, NGOs, and experts; local communities in the impacted areas of Mekong dams and development projects; 44 national and provincial journalists participating in 22 field investigation trips; policy makers at local and national levels","N/A (Size in hectares). Geographically located in four provinces (Tuyen Quang, Ha Giang, Bac Kan, Cao Bang) within the Sino-Vietnamese Limestone, Son La province, Hoa Binh province, and the Mekong Delta in Vietnam. Laos (including Xayaburi and Pak Beng dam sites) and Cambodia (Tonle Sap Lake, Rattanakiri province) within the Mekong River and Major Tributaries Corridor.",2014-2017,"Media Bridge Programs; ThienNhien.Net environmental news outlet; field investigation trips for journalists; data journalism and social media training courses; Quarterly Policy Reviews; thematic media briefs (e.g., impacts of Mekong hydropower dams); documentary videos and national television programs (e.g., 'Mekong: Hydropower up - Communities down'); voluntary safeguard guideline for Vietnamese ODI enterprises in agriculture; open data and GIS mapping tools; establishment of the Mekong Environmental Forum (MEF)","Provisioning: Clean water, sustainable river flow, and food security/fisheries (Tonle Sap, Mekong Delta) protected against upstream water diversion and dams; timber and forest products. Regulating: Water security and basin resilience in the Mekong region; mitigating environmental risks from coal mining, industrial wastes, and overlapping hydropower development; climate resilience through forest protection. Cultural: Educational capacity building for journalists and communities; enhanced public awareness and transparency regarding environmental conservation and policy.",https://www.cepf.net/grants/grantee-projects/advancing-environmental-media-and-communications-navigating-public-discourse; https://www.cepf.net/resources/final-project-report/final-project-report-2313,Grant
95,Dong Nai,107.056973,11.291091,Nature Reserve,"Critical Ecosystem Partnership Fund (CEPF) [$18,998 USD]; United States Fish and Wildlife Service (USFWS) [Project co-financing: $58,937 USD]; Wildlife Conservation Society (WCS) [Grantee and Partner leveraging: $39,966 USD]","Wildlife Conservation Society (WCS) Vietnam Program [Project Implementer, survey conductor, data analyst, meeting host, enforcement advisor]; Vietnam CITES Management Authority (CITES MA) [Co-host for joint-agency briefing on wildlife crimes and 1st national roundtable meeting on online trade]; Department of Agriculture and Rural Development (DARD) of Dong Nai [Co-host for high-level government briefing, representative to Provincial Peopleâ€™s Committee]; Action for Wildlife Organization (AWO) [Civil society organization, co-organizer of training workshops, provided volunteers for retail establishment and illegal wildlife trade surveys]; Department of Electronic Trade and Market Control, Viet Nam Administration of Forestry, High-Tech Crimes Police, Environment Police, Agriculture security Unit, Hanoi Department of Information and Communications, Supreme Peopleâ€™s Procuracy, Supreme Court of Viet Nam, Education for Nature â€“ Vietnam, TRAFFIC, PanNature, WWF [Participated in roundtable meeting and multi-agency coordination]","Over 100 students trained in basic wildlife identification and survey techniques (Action for Wildlife Organization volunteers); 39 officers from Environmental Police, Economic Crimes Police, Forest Protection Department, Procuracy, Department of Security, Anti-smuggling unit of Customs trained at joint-agency briefing; 31 participants from key regulatory agencies and 29 national journalists engaged at national roundtable; 12 local officers from Dong Nai engaged in high-level briefing; Targeted regional townships: Ho Chi Minh Metropolitan Area (HCMMA) defined as Bien Hoa City (Dong Nai province), Thu Dau Mot town (Binh Duong province), and Ho Chi Minh City; Threatened flagship fauna protected: 67 globally threatened species, including rescued/targeted Pygmy loris, long-tailed macaque, elongated tortoise, cobra, Siamese crocodile, tiger, elephant, leopard cat, otter, black pond turtle, red tail boa snake, big-headed turtle, black-breasted leaf turtle, collared laughing thrush, yellow-cheeked crested gibbon (Nomascus gabriellae), pileated gibbon (Hylobates pileatus), macaques (Macaca spp.), silvered langur, black-shanked douc langur, orangutan, giant Asian pond turtle, Asian box turtle, yellow-headed temple turtle, soft-shell turtles, green peafowl, painted stork, sika deer, raptors (Spizaetus nipalensis, Spilornis cheela).","Ho Chi Minh Metropolitan Area (HCMMA) encompassing Bien Hoa City (Dong Nai province), Thu Dau Mot town (Binh Duong province), and Ho Chi Minh City, Southern Vietnam (hectares N/A)",2011-2012,"Development of a Wildlife Crime and Enforcement Monitoring Tool; standardized methodology for online wildlife trade surveys; undercover survey methods for retail establishments, private zoos, and restaurants; joint-agency briefings on wildlife crimes; 1st National roundtable meeting on the online trade in wildlife; one-on-one briefings with law enforcement; enforcement campaigns and crackdowns guided by intelligence; capacity-building and on-the-job training for officers on species identification and prosecution procedures.","Supporting (protection of core populations of 67 globally threatened species from overexploitation and illegal trade, biodiversity preservation); Cultural (targeted outreach, capacity building, and awareness-raising for decision-makers, journalists, lawyers, law enforcement officers, student volunteers, and local residents).",https://www.cepf.net/grants/grantee-projects/analyzing-trade-dynamics-and-catalyzing-enforcement-responses-towards; https://www.cepf.net/resources/final-project-report/final-project-report-2078,"Small Grant, Co-financing, Leveraged Funding"
96,Cat Tien,107.3515719,11.56646094,National Park; UNESCO-MAB Biosphere Reserve,"Critical Ecosystem Partnership Fund (CEPF) [$18,998 USD]; United States Fish and Wildlife Service (USFWS) [Project co-financing: $58,937 USD]; Wildlife Conservation Society (WCS) [Grantee and Partner leveraging: $39,966 USD]","Wildlife Conservation Society (WCS) Vietnam Program [Project Implementer, survey conductor, data analyst, meeting host, enforcement advisor]; Vietnam CITES Management Authority (CITES MA) [Co-host for joint-agency briefing on wildlife crimes and 1st national roundtable meeting on online trade]; Department of Agriculture and Rural Development (DARD) of Dong Nai [Co-host for high-level government briefing, representative to Provincial Peopleâ€™s Committee]; Action for Wildlife Organization (AWO) [Civil society organization, co-organizer of training workshops, provided volunteers for retail establishment and illegal wildlife trade surveys]; Department of Electronic Trade and Market Control, Viet Nam Administration of Forestry, High-Tech Crimes Police, Environment Police, Agriculture security Unit, Hanoi Department of Information and Communications, Supreme Peopleâ€™s Procuracy, Supreme Court of Viet Nam, Education for Nature â€“ Vietnam, TRAFFIC, PanNature, WWF [Participated in roundtable meeting and multi-agency coordination]","Over 100 students trained in basic wildlife identification and survey techniques (Action for Wildlife Organization volunteers); 39 officers from Environmental Police, Economic Crimes Police, Forest Protection Department, Procuracy, Department of Security, Anti-smuggling unit of Customs trained at joint-agency briefing; 31 participants from key regulatory agencies and 29 national journalists engaged at national roundtable; 12 local officers from Dong Nai engaged in high-level briefing; Targeted regional townships: Ho Chi Minh Metropolitan Area (HCMMA) defined as Bien Hoa City (Dong Nai province), Thu Dau Mot town (Binh Duong province), and Ho Chi Minh City; Threatened flagship fauna protected: 67 globally threatened species, including rescued/targeted Pygmy loris, long-tailed macaque, elongated tortoise, cobra, Siamese crocodile, tiger, elephant, leopard cat, otter, black pond turtle, red tail boa snake, big-headed turtle, black-breasted leaf turtle, collared laughing thrush, yellow-cheeked crested gibbon (Nomascus gabriellae), pileated gibbon (Hylobates pileatus), macaques (Macaca spp.), silvered langur, black-shanked douc langur, orangutan, giant Asian pond turtle, Asian box turtle, yellow-headed temple turtle, soft-shell turtles, green peafowl, painted stork, sika deer, raptors (Spizaetus nipalensis, Spilornis cheela).","Ho Chi Minh Metropolitan Area (HCMMA) encompassing Bien Hoa City (Dong Nai province), Thu Dau Mot town (Binh Duong province), and Ho Chi Minh City, Southern Vietnam (hectares N/A)",2011-2012,"Development of a Wildlife Crime and Enforcement Monitoring Tool; standardized methodology for online wildlife trade surveys; undercover survey methods for retail establishments, private zoos, and restaurants; joint-agency briefings on wildlife crimes; 1st National roundtable meeting on the online trade in wildlife; one-on-one briefings with law enforcement; enforcement campaigns and crackdowns guided by intelligence; capacity-building and on-the-job training for officers on species identification and prosecution procedures.","Supporting (protection of core populations of 67 globally threatened species from overexploitation and illegal trade, biodiversity preservation); Cultural (targeted outreach, capacity building, and awareness-raising for decision-makers, journalists, lawyers, law enforcement officers, student volunteers, and local residents).",https://www.cepf.net/grants/grantee-projects/analyzing-trade-dynamics-and-catalyzing-enforcement-responses-towards; https://www.cepf.net/resources/final-project-report/final-project-report-2078,"Small Grant, Co-financing, Leveraged Funding"
97,Phong Dien,107.200384,16.45256,Nature Reserve,"Critical Ecosystem Partnership Fund (CEPF) [$20,000]; BirdLife International Indochina [$5,400 for 40 camera traps; $9,000 for BirdLifeâ€™s senior national ornithologistâ€™s time]; Quang Tri Center of Education and Consultancy on Agriculture and Rural Development (CECARD) [$20,000 for sharing funding and methodology]","World Pheasant Association (WPA) [Grantee/Project Lead]; BirdLife International in Indochina (BLI) [provided assistance with local knowledge on study sites, logistics and local capacity, carrying out fieldwork and data management]; Quang Tri Center of Education and Consultancy on Agriculture and Rural Development (CECARD) [assisted with transport to field sites, logistics, fieldwork, and sharing funding]; WPA Research Associates at King Mongkut's University of Technology Thonburi (KMUTT) [provided technical advice on camera trap methodology and research logistics, led a workshop on the use of camera traps in pheasant survey and monitoring]; Provincial Forest Protection Departments in Quang Binh and Quang Tri [provided accommodation in ranger stations and staff members acted as guides and field assistants]",16 senior rangers of the Quang Tri Forest Protection Department; 4 BirdLife International in Indochina (BLI) field staff; Flagship threatened fauna: Edwardsâ€™s pheasant (Lophura edwardsi),"Broadleaf evergreen forest below an elevation of 400 m above sea level in Dakrong Nature Reserve (Quang Tri Province) and Khe Nuoc Trong Watershed Protection Forest (Quang Binh Province). Additional potential sites identified across Thua Thien Hue Province, Quang Tri Province, Ha Tinh Province, and Quang Binh Province. Exact size in hectares: N/A",2011,Development of a sustainable sampling procedure and survey/monitoring protocol using camera trap methodology to determine the presence or absence of secretive species,"Supporting: Habitat refuge in broadleaf evergreen forests for ground-dwelling animals, including muntjac (Muntiacus species), civets (Viverra zibetha, Paradoxurus hermaphroditus, Paguma larvata), wild boar (Sus scrofa), macaques (Macaca species), and pheasants (Phasianinae). Provisioning: N/A. Cultural: N/A",https://www.cepf.net/grants/grantee-projects/assessing-conservation-status-edwardss-pheasant; https://www.cepf.net/resources/final-project-report/final-project-report-2084,"Small Grant, Project co-financing"
98,Bach Ma,107.7824611,16.13711526,National Park,"Critical Ecosystem Partnership Fund (CEPF) [$20,000]; BirdLife International Indochina [$5,400 for 40 camera traps; $9,000 for BirdLifeâ€™s senior national ornithologistâ€™s time]; Quang Tri Center of Education and Consultancy on Agriculture and Rural Development (CECARD) [$20,000 for sharing funding and methodology]","World Pheasant Association (WPA) [Grantee/Project Lead]; BirdLife International in Indochina (BLI) [provided assistance with local knowledge on study sites, logistics and local capacity, carrying out fieldwork and data management]; Quang Tri Center of Education and Consultancy on Agriculture and Rural Development (CECARD) [assisted with transport to field sites, logistics, fieldwork, and sharing funding]; WPA Research Associates at King Mongkut's University of Technology Thonburi (KMUTT) [provided technical advice on camera trap methodology and research logistics, led a workshop on the use of camera traps in pheasant survey and monitoring]; Provincial Forest Protection Departments in Quang Binh and Quang Tri [provided accommodation in ranger stations and staff members acted as guides and field assistants]",16 senior rangers of the Quang Tri Forest Protection Department; 4 BirdLife International in Indochina (BLI) field staff; Flagship threatened fauna: Edwardsâ€™s pheasant (Lophura edwardsi),"Broadleaf evergreen forest below an elevation of 400 m above sea level in Dakrong Nature Reserve (Quang Tri Province) and Khe Nuoc Trong Watershed Protection Forest (Quang Binh Province). Additional potential sites identified across Thua Thien Hue Province, Quang Tri Province, Ha Tinh Province, and Quang Binh Province. Exact size in hectares: N/A",2011,Development of a sustainable sampling procedure and survey/monitoring protocol using camera trap methodology to determine the presence or absence of secretive species,"Supporting: Habitat refuge in broadleaf evergreen forests for ground-dwelling animals, including muntjac (Muntiacus species), civets (Viverra zibetha, Paradoxurus hermaphroditus, Paguma larvata), wild boar (Sus scrofa), macaques (Macaca species), and pheasants (Phasianinae). Provisioning: N/A. Cultural: N/A",https://www.cepf.net/grants/grantee-projects/assessing-conservation-status-edwardss-pheasant; https://www.cepf.net/resources/final-project-report/final-project-report-2084,"Small Grant, Project co-financing"
99,Dakrong,107.037916,16.555102,Nature Reserve,"Critical Ecosystem Partnership Fund (CEPF) [$20,000]; BirdLife International Indochina [$5,400 for 40 camera traps; $9,000 for BirdLifeâ€™s senior national ornithologistâ€™s time]; Quang Tri Center of Education and Consultancy on Agriculture and Rural Development (CECARD) [$20,000 for sharing funding and methodology]","World Pheasant Association (WPA) [Grantee/Project Lead]; BirdLife International in Indochina (BLI) [provided assistance with local knowledge on study sites, logistics and local capacity, carrying out fieldwork and data management]; Quang Tri Center of Education and Consultancy on Agriculture and Rural Development (CECARD) [assisted with transport to field sites, logistics, fieldwork, and sharing funding]; WPA Research Associates at King Mongkut's University of Technology Thonburi (KMUTT) [provided technical advice on camera trap methodology and research logistics, led a workshop on the use of camera traps in pheasant survey and monitoring]; Provincial Forest Protection Departments in Quang Binh and Quang Tri [provided accommodation in ranger stations and staff members acted as guides and field assistants]",16 senior rangers of the Quang Tri Forest Protection Department; 4 BirdLife International in Indochina (BLI) field staff; Flagship threatened fauna: Edwardsâ€™s pheasant (Lophura edwardsi),"Broadleaf evergreen forest below an elevation of 400 m above sea level in Dakrong Nature Reserve (Quang Tri Province) and Khe Nuoc Trong Watershed Protection Forest (Quang Binh Province). Additional potential sites identified across Thua Thien Hue Province, Quang Tri Province, Ha Tinh Province, and Quang Binh Province. Exact size in hectares: N/A",2011,Development of a sustainable sampling procedure and survey/monitoring protocol using camera trap methodology to determine the presence or absence of secretive species,"Supporting: Habitat refuge in broadleaf evergreen forests for ground-dwelling animals, including muntjac (Muntiacus species), civets (Viverra zibetha, Paradoxurus hermaphroditus, Paguma larvata), wild boar (Sus scrofa), macaques (Macaca species), and pheasants (Phasianinae). Provisioning: N/A. Cultural: N/A",https://www.cepf.net/grants/grantee-projects/assessing-conservation-status-edwardss-pheasant; https://www.cepf.net/resources/final-project-report/final-project-report-2084,"Small Grant, Project co-financing"
100,Bac Huong Hoa,106.652402,16.85738,Nature Reserve,"Critical Ecosystem Partnership Fund (CEPF) [$20,000]; BirdLife International Indochina [$5,400 for 40 camera traps; $9,000 for BirdLifeâ€™s senior national ornithologistâ€™s time]; Quang Tri Center of Education and Consultancy on Agriculture and Rural Development (CECARD) [$20,000 for sharing funding and methodology]","World Pheasant Association (WPA) [Grantee/Project Lead]; BirdLife International in Indochina (BLI) [provided assistance with local knowledge on study sites, logistics and local capacity, carrying out fieldwork and data management]; Quang Tri Center of Education and Consultancy on Agriculture and Rural Development (CECARD) [assisted with transport to field sites, logistics, fieldwork, and sharing funding]; WPA Research Associates at King Mongkut's University of Technology Thonburi (KMUTT) [provided technical advice on camera trap methodology and research logistics, led a workshop on the use of camera traps in pheasant survey and monitoring]; Provincial Forest Protection Departments in Quang Binh and Quang Tri [provided accommodation in ranger stations and staff members acted as guides and field assistants]",16 senior rangers of the Quang Tri Forest Protection Department; 4 BirdLife International in Indochina (BLI) field staff; Flagship threatened fauna: Edwardsâ€™s pheasant (Lophura edwardsi),"Broadleaf evergreen forest below an elevation of 400 m above sea level in Dakrong Nature Reserve (Quang Tri Province) and Khe Nuoc Trong Watershed Protection Forest (Quang Binh Province). Additional potential sites identified across Thua Thien Hue Province, Quang Tri Province, Ha Tinh Province, and Quang Binh Province. Exact size in hectares: N/A",2011,Development of a sustainable sampling procedure and survey/monitoring protocol using camera trap methodology to determine the presence or absence of secretive species,"Supporting: Habitat refuge in broadleaf evergreen forests for ground-dwelling animals, including muntjac (Muntiacus species), civets (Viverra zibetha, Paradoxurus hermaphroditus, Paguma larvata), wild boar (Sus scrofa), macaques (Macaca species), and pheasants (Phasianinae). Provisioning: N/A. Cultural: N/A",https://www.cepf.net/grants/grantee-projects/assessing-conservation-status-edwardss-pheasant; https://www.cepf.net/resources/final-project-report/final-project-report-2084,"Small Grant, Project co-financing"
101,Ke Go,105.968029,18.093212,Nature Reserve,"Critical Ecosystem Partnership Fund (CEPF) [$20,000]; BirdLife International Indochina [$5,400 for 40 camera traps; $9,000 for BirdLifeâ€™s senior national ornithologistâ€™s time]; Quang Tri Center of Education and Consultancy on Agriculture and Rural Development (CECARD) [$20,000 for sharing funding and methodology]","World Pheasant Association (WPA) [Grantee/Project Lead]; BirdLife International in Indochina (BLI) [provided assistance with local knowledge on study sites, logistics and local capacity, carrying out fieldwork and data management]; Quang Tri Center of Education and Consultancy on Agriculture and Rural Development (CECARD) [assisted with transport to field sites, logistics, fieldwork, and sharing funding]; WPA Research Associates at King Mongkut's University of Technology Thonburi (KMUTT) [provided technical advice on camera trap methodology and research logistics, led a workshop on the use of camera traps in pheasant survey and monitoring]; Provincial Forest Protection Departments in Quang Binh and Quang Tri [provided accommodation in ranger stations and staff members acted as guides and field assistants]",16 senior rangers of the Quang Tri Forest Protection Department; 4 BirdLife International in Indochina (BLI) field staff; Flagship threatened fauna: Edwardsâ€™s pheasant (Lophura edwardsi),"Broadleaf evergreen forest below an elevation of 400 m above sea level in Dakrong Nature Reserve (Quang Tri Province) and Khe Nuoc Trong Watershed Protection Forest (Quang Binh Province). Additional potential sites identified across Thua Thien Hue Province, Quang Tri Province, Ha Tinh Province, and Quang Binh Province. Exact size in hectares: N/A",2011,Development of a sustainable sampling procedure and survey/monitoring protocol using camera trap methodology to determine the presence or absence of secretive species,"Supporting: Habitat refuge in broadleaf evergreen forests for ground-dwelling animals, including muntjac (Muntiacus species), civets (Viverra zibetha, Paradoxurus hermaphroditus, Paguma larvata), wild boar (Sus scrofa), macaques (Macaca species), and pheasants (Phasianinae). Provisioning: N/A. Cultural: N/A",https://www.cepf.net/grants/grantee-projects/assessing-conservation-status-edwardss-pheasant; https://www.cepf.net/resources/final-project-report/final-project-report-2084,"Small Grant, Project co-financing"
102,Vu Quang,105.41436,18.28042,National Park,"Critical Ecosystem Partnership Fund (CEPF) (Grant Amount: US$506,216); US National Geographic Society (US$17,360 NGS grant to Dr. Andrew Henderson to survey threatened species of palms in Vietnam); Missouri Botanical Garden (US$220,028: $94,717 equivalent to 50% MBG Project Manager's salary and benefits, $25,311 for waived indirect cost, and $100,000 for data hosting and maintenance in TROPICOS); Botanical Garden Conservation International (US$3,000 for travel funds for the Project Manager)","Missouri Botanical Garden (MBG) (led the collaborative regional project, provided conservation expertise and botanical resources, provided guidance and financial oversight); International Union for Conservation of Nature (IUCN) (provided training on the application of IUCN Red List Categories and Criteria, entered species data into IUCNâ€™s Species Information Service database, served as facilitators in Red Listing workshops, introduced online mapping program geocat.kew.org); Botanical Gardens Conservation International (BGCI) (participated in Red Listing workshops, helped facilitate the assessments of tree species and the entry of data into the SIS); Institute of Ecology and Biological Resources (IEBR) (provided botanical expertise to assess the threat status of plant species, gathered botanical data for species assessments); Institute of Tropical Biology (ITB) (gathered specimen data for species assessments, assisted with the organization of the workshop to identify Important Plant Areas in Vietnam); Royal University of Phnom Penh (RUPP) (provided data for threat assessments of species based on collections of Cambodian plants, participated in Red Listing workshops, co-organized the IPA workshop in Phnom Penh); National University of Laos (NUOL) (provided data for threat assessments of species based on collections of Lao plants, gathered specimen data from plants of Laos); Bangkok Forest Herbarium (BKF) (provided specimen data for threat assessments of species that occur in Thailand, gathered specimen data from plants of Thailand, co-organized the IPA workshop in Bangkok); Society for Environmental Exploration in Cambodia (Frontier-Cambodia) (made a comprehensive survey of the current knowledge of the status and distribution of 32 threatened plant species from Cambodia based on study in the field and in the herbarium and library); Indochina Plant Red List Authority (IPRLA) (conduct further plant conservation assessments and initiate projects that monitor status and conservation needs of threatened plant species)","41 local botanists trained in rigorous application of the IUCN Red List and Criteria (20 from Vietnam, 8 from Laos, 6 from Thailand, 5 from Cambodia, 2 from China); 5 project assistants trained to collect data from herbarium specimens and literature and enter data into TROPICOS and SIS; 37 plant taxonomists and ecologists who participated in national consultative workshops; 75 botanically oriented professionals who participated in the multi-institutional collaborative project; policy-makers, conservation managers, environmental consultants, journalists, and the public gaining online access to updated Red List data; Target threatened flagship flora: 607 plant species assessed (including 91 Critically Endangered, 114 Endangered, 84 Vulnerable, 18 Near Threatened, 89 Least Concern, 211 Data Deficient), aquatic plant species on the Mekong River, medicinal plants, conifers, magnolias, camellia species, Dalbergia species, cycads, dipterocarps, legumes, aroids (family Araceae), gingers (family Zingiberaceae), palms","151,653 square kilometers (or 12 percent of the Indochina region) comprising 286 Important Plant Areas (IPAs) distributed across Thailand (51,415 sq. km, 90 IPAs), Lao PDR (39,716 sq. km, 50 IPAs), Cambodia (44,952 sq. km, 47 IPAs), and Vietnam (15,570 sq. km, 99 IPAs)",2009-2012,"IUCN Red List assessments and Species Information Service (SIS) database entry; Identification and mapping of Important Plant Areas (IPAs) for site conservation action; KML files of IPAs for Google Earth; Digitized images of botanical specimens (6500 files, 18.5 Gb data) and scanned botanical literature (110 documents, 6 Gb data); Training workshops on internationally accepted methods for plant conservation assessment (IUCN Red List Categories and Criteria); Assessment Questionnaires; Expansion of internet connections and herbarium facilities (herbarium cases, laptop computers, scanners/cameras)","Supporting: Habitat refuge and biodiversity conservation for globally threatened plant species across Indochina, protection of 151,653 sq. km of Important Plant Areas covering varied forest habitats; Provisioning: Conservation of economically important and overexploited families such as the dipterocarp family (Dipterocarpaceae), legume family (Fabaceae), timber (Dalbergia species), and medicinal plants; Cultural: Scientific capacity building for local botanists, educational training, public awareness raising, and provision of open-access data to decision-makers and conservation managers for planning and monitoring",https://www.cepf.net/grants/grantee-projects/assessment-status-and-distribution-globally-threatened-plant-species-indo; https://www.cepf.net/resources/final-project-report/final-project-report-1710,"Grants, Project co-financing"
103,Cuc Phuong,105.607063,20.324884,National Park,"Critical Ecosystem Partnership Fund (CEPF) (Grant Amount: US$506,216); US National Geographic Society (US$17,360 NGS grant to Dr. Andrew Henderson to survey threatened species of palms in Vietnam); Missouri Botanical Garden (US$220,028: $94,717 equivalent to 50% MBG Project Manager's salary and benefits, $25,311 for waived indirect cost, and $100,000 for data hosting and maintenance in TROPICOS); Botanical Garden Conservation International (US$3,000 for travel funds for the Project Manager)","Missouri Botanical Garden (MBG) (led the collaborative regional project, provided conservation expertise and botanical resources, provided guidance and financial oversight); International Union for Conservation of Nature (IUCN) (provided training on the application of IUCN Red List Categories and Criteria, entered species data into IUCNâ€™s Species Information Service database, served as facilitators in Red Listing workshops, introduced online mapping program geocat.kew.org); Botanical Gardens Conservation International (BGCI) (participated in Red Listing workshops, helped facilitate the assessments of tree species and the entry of data into the SIS); Institute of Ecology and Biological Resources (IEBR) (provided botanical expertise to assess the threat status of plant species, gathered botanical data for species assessments); Institute of Tropical Biology (ITB) (gathered specimen data for species assessments, assisted with the organization of the workshop to identify Important Plant Areas in Vietnam); Royal University of Phnom Penh (RUPP) (provided data for threat assessments of species based on collections of Cambodian plants, participated in Red Listing workshops, co-organized the IPA workshop in Phnom Penh); National University of Laos (NUOL) (provided data for threat assessments of species based on collections of Lao plants, gathered specimen data from plants of Laos); Bangkok Forest Herbarium (BKF) (provided specimen data for threat assessments of species that occur in Thailand, gathered specimen data from plants of Thailand, co-organized the IPA workshop in Bangkok); Society for Environmental Exploration in Cambodia (Frontier-Cambodia) (made a comprehensive survey of the current knowledge of the status and distribution of 32 threatened plant species from Cambodia based on study in the field and in the herbarium and library); Indochina Plant Red List Authority (IPRLA) (conduct further plant conservation assessments and initiate projects that monitor status and conservation needs of threatened plant species)","41 local botanists trained in rigorous application of the IUCN Red List and Criteria (20 from Vietnam, 8 from Laos, 6 from Thailand, 5 from Cambodia, 2 from China); 5 project assistants trained to collect data from herbarium specimens and literature and enter data into TROPICOS and SIS; 37 plant taxonomists and ecologists who participated in national consultative workshops; 75 botanically oriented professionals who participated in the multi-institutional collaborative project; policy-makers, conservation managers, environmental consultants, journalists, and the public gaining online access to updated Red List data; Target threatened flagship flora: 607 plant species assessed (including 91 Critically Endangered, 114 Endangered, 84 Vulnerable, 18 Near Threatened, 89 Least Concern, 211 Data Deficient), aquatic plant species on the Mekong River, medicinal plants, conifers, magnolias, camellia species, Dalbergia species, cycads, dipterocarps, legumes, aroids (family Araceae), gingers (family Zingiberaceae), palms","151,653 square kilometers (or 12 percent of the Indochina region) comprising 286 Important Plant Areas (IPAs) distributed across Thailand (51,415 sq. km, 90 IPAs), Lao PDR (39,716 sq. km, 50 IPAs), Cambodia (44,952 sq. km, 47 IPAs), and Vietnam (15,570 sq. km, 99 IPAs)",2009-2012,"IUCN Red List assessments and Species Information Service (SIS) database entry; Identification and mapping of Important Plant Areas (IPAs) for site conservation action; KML files of IPAs for Google Earth; Digitized images of botanical specimens (6500 files, 18.5 Gb data) and scanned botanical literature (110 documents, 6 Gb data); Training workshops on internationally accepted methods for plant conservation assessment (IUCN Red List Categories and Criteria); Assessment Questionnaires; Expansion of internet connections and herbarium facilities (herbarium cases, laptop computers, scanners/cameras)","Supporting: Habitat refuge and biodiversity conservation for globally threatened plant species across Indochina, protection of 151,653 sq. km of Important Plant Areas covering varied forest habitats; Provisioning: Conservation of economically important and overexploited families such as the dipterocarp family (Dipterocarpaceae), legume family (Fabaceae), timber (Dalbergia species), and medicinal plants; Cultural: Scientific capacity building for local botanists, educational training, public awareness raising, and provision of open-access data to decision-makers and conservation managers for planning and monitoring",https://www.cepf.net/grants/grantee-projects/assessment-status-and-distribution-globally-threatened-plant-species-indo; https://www.cepf.net/resources/final-project-report/final-project-report-1710,"Grants, Project co-financing"
104,Na Hang,105.438352,22.495256,Nature Reserve,"Critical Ecosystem Partnership Fund (CEPF); DGIS ($55,000); United Nations Democracy Fund (UNDEF) ($15,000 project co-financing; $225,000 2-year grant for related work); UNDP/Global Compact ($25,000); Spatial Decisions ($10,000 in-kind contributions); German Federal Ministry for Economic Cooperation and Development (BMZ) (funder of GIZ project)","IUCN, International Union for Conservation of Nature and Natural Resources, Vietnam Country Office [Lead organization / implemented project / compiled data / provided training / advised MONRE on Ramsar site nominations / engaged VNCA / negotiated data access with PPCs]; Agricultural and Forestry Research and Development Center for Northern Mountainous Region of Vietnam (AFRDC) at Thai Nguyen University (TNU) [Implementation partner / intended regional information hub / prepared policy brief of key conservation and development issues / analyzed threats and opportunities]; Spatial Decisions [Provided technical assistance with GIS database design]; Pan Nature [Documented environmental impacts of mining / incorporated work into curriculum / media work / environmental monitoring and reporting]; CODE [Documented environmental impacts of mining / incorporated work into curriculum]; WARECOD [Environmental monitoring and reporting]; FFI (Fauna & Flora International) [Field projects / data integration]; PRCF (People Resources and Conservation Foundation) [Field projects / data integration / collaborated on LOI for Phase 2]; Deutsche Gesellschaft fÃ¼r Internationale Zusammenarbeit (GIZ) [Integrated project results into their project 'Conserving Biodiversity in Forest Ecosystems in Viet Nam' / mainstreamed biodiversity conservation into sector plans]; Vietnam Cement Association (VNCA) [Engaged to better understand and influence state-owned cement companies]; Ho Chi Minh Political Academy [Trains 500-750 high-level government officials every year / incorporated Pan Nature and CODE's work into curriculum]",Bac Kan provincial authorities (including Vice-Chair/Chair of Bac Kan People's Committee); Tuyen Quang provincial authorities; 9 DARD (Department of Agriculture and Rural Development) and DONRE (Department of Natural Resources and Environment) staff from Tuyen Quang and Bac Kan (trained in 1-week advanced GIS training course); 500-750 high-level government officials (trained every year by Ho Chi Minh Political Academy); Downstream communities (impacted by informal mining operations); Miners; Local NGOs (strengthening role in environmental monitoring and reporting); State-owned cement companies; Globally threatened plants and animals in the NHL; MONRE (Ministry of Natural Resources and Environment),Northern Highlands Limestone (NHL); Bac Kan province; Tuyen Quang province; Ha Giang province; Lang Son province; Cao Bang province; Ba Be-Na Hang conservation corridor; Gam River dam (flooded 800 hectares),2009-2010,"Payment for Ecosystem Services (PES) agreement with the Gam River dam; 1:50,000-scale GIS database (vertically integrated, topologically correct, including 30-m grid digital elevation model and 15-m ASTER images); Translated Cement Sustainability Initiative (CSI) reports; Policy brief of key conservation and development issues (highlighting impacts of mining and quarrying); Environmental monitoring and reporting; Mainstreaming biodiversity conservation into sector plans and annual revisions of the provincial SEDP; Ba Be-Na Hang conservation corridor design","Supporting: Largest areas of contiguous forest in northern Vietnam; habitat refuge for a wide range of globally threatened plants and animals; biodiversity conservation in forest ecosystems. Provisioning: Wetlands conservation (Ba Be, Vietnam's largest natural mountain lake); water ways. Regulatory: Mitigating unnecessary negative impacts of large-scale infrastructure development; mitigating environmental impacts of formal and informal mining (gold, lead-zinc) and limestone and sand quarrying.",https://www.cepf.net/grants/grantee-projects/balancing-conservation-and-development-northern-highlands-limestone-through; https://www.cepf.net/resources/final-project-report/final-project-report-1511,"Grant, Project co-financing, In-kind contributions"
105,Ba Be,105.6212545,22.41959266,National Park; Wetland of International Importance (Ramsar Site),"Critical Ecosystem Partnership Fund (CEPF); DGIS ($55,000); United Nations Democracy Fund (UNDEF) ($15,000 project co-financing; $225,000 2-year grant for related work); UNDP/Global Compact ($25,000); Spatial Decisions ($10,000 in-kind contributions); German Federal Ministry for Economic Cooperation and Development (BMZ) (funder of GIZ project)","IUCN, International Union for Conservation of Nature and Natural Resources, Vietnam Country Office [Lead organization / implemented project / compiled data / provided training / advised MONRE on Ramsar site nominations / engaged VNCA / negotiated data access with PPCs]; Agricultural and Forestry Research and Development Center for Northern Mountainous Region of Vietnam (AFRDC) at Thai Nguyen University (TNU) [Implementation partner / intended regional information hub / prepared policy brief of key conservation and development issues / analyzed threats and opportunities]; Spatial Decisions [Provided technical assistance with GIS database design]; Pan Nature [Documented environmental impacts of mining / incorporated work into curriculum / media work / environmental monitoring and reporting]; CODE [Documented environmental impacts of mining / incorporated work into curriculum]; WARECOD [Environmental monitoring and reporting]; FFI (Fauna & Flora International) [Field projects / data integration]; PRCF (People Resources and Conservation Foundation) [Field projects / data integration / collaborated on LOI for Phase 2]; Deutsche Gesellschaft fÃ¼r Internationale Zusammenarbeit (GIZ) [Integrated project results into their project 'Conserving Biodiversity in Forest Ecosystems in Viet Nam' / mainstreamed biodiversity conservation into sector plans]; Vietnam Cement Association (VNCA) [Engaged to better understand and influence state-owned cement companies]; Ho Chi Minh Political Academy [Trains 500-750 high-level government officials every year / incorporated Pan Nature and CODE's work into curriculum]",Bac Kan provincial authorities (including Vice-Chair/Chair of Bac Kan People's Committee); Tuyen Quang provincial authorities; 9 DARD (Department of Agriculture and Rural Development) and DONRE (Department of Natural Resources and Environment) staff from Tuyen Quang and Bac Kan (trained in 1-week advanced GIS training course); 500-750 high-level government officials (trained every year by Ho Chi Minh Political Academy); Downstream communities (impacted by informal mining operations); Miners; Local NGOs (strengthening role in environmental monitoring and reporting); State-owned cement companies; Globally threatened plants and animals in the NHL; MONRE (Ministry of Natural Resources and Environment),Northern Highlands Limestone (NHL); Bac Kan province; Tuyen Quang province; Ha Giang province; Lang Son province; Cao Bang province; Ba Be-Na Hang conservation corridor; Gam River dam (flooded 800 hectares),2009-2010,"Payment for Ecosystem Services (PES) agreement with the Gam River dam; 1:50,000-scale GIS database (vertically integrated, topologically correct, including 30-m grid digital elevation model and 15-m ASTER images); Translated Cement Sustainability Initiative (CSI) reports; Policy brief of key conservation and development issues (highlighting impacts of mining and quarrying); Environmental monitoring and reporting; Mainstreaming biodiversity conservation into sector plans and annual revisions of the provincial SEDP; Ba Be-Na Hang conservation corridor design","Supporting: Largest areas of contiguous forest in northern Vietnam; habitat refuge for a wide range of globally threatened plants and animals; biodiversity conservation in forest ecosystems. Provisioning: Wetlands conservation (Ba Be, Vietnam's largest natural mountain lake); water ways. Regulatory: Mitigating unnecessary negative impacts of large-scale infrastructure development; mitigating environmental impacts of formal and informal mining (gold, lead-zinc) and limestone and sand quarrying.",https://www.cepf.net/grants/grantee-projects/balancing-conservation-and-development-northern-highlands-limestone-through; https://www.cepf.net/resources/final-project-report/final-project-report-1511,"Grant, Project co-financing, In-kind contributions"
106,Tram Chim,105.534805,10.714756,National Park,"Critical Ecosystem Partnership Fund (CEPF); DGIS ($55,000); United Nations Democracy Fund (UNDEF) ($15,000 project co-financing; $225,000 2-year grant for related work); UNDP/Global Compact ($25,000); Spatial Decisions ($10,000 in-kind contributions); German Federal Ministry for Economic Cooperation and Development (BMZ) (funder of GIZ project)","IUCN, International Union for Conservation of Nature and Natural Resources, Vietnam Country Office [Lead organization / implemented project / compiled data / provided training / advised MONRE on Ramsar site nominations / engaged VNCA / negotiated data access with PPCs]; Agricultural and Forestry Research and Development Center for Northern Mountainous Region of Vietnam (AFRDC) at Thai Nguyen University (TNU) [Implementation partner / intended regional information hub / prepared policy brief of key conservation and development issues / analyzed threats and opportunities]; Spatial Decisions [Provided technical assistance with GIS database design]; Pan Nature [Documented environmental impacts of mining / incorporated work into curriculum / media work / environmental monitoring and reporting]; CODE [Documented environmental impacts of mining / incorporated work into curriculum]; WARECOD [Environmental monitoring and reporting]; FFI (Fauna & Flora International) [Field projects / data integration]; PRCF (People Resources and Conservation Foundation) [Field projects / data integration / collaborated on LOI for Phase 2]; Deutsche Gesellschaft fÃ¼r Internationale Zusammenarbeit (GIZ) [Integrated project results into their project 'Conserving Biodiversity in Forest Ecosystems in Viet Nam' / mainstreamed biodiversity conservation into sector plans]; Vietnam Cement Association (VNCA) [Engaged to better understand and influence state-owned cement companies]; Ho Chi Minh Political Academy [Trains 500-750 high-level government officials every year / incorporated Pan Nature and CODE's work into curriculum]",Bac Kan provincial authorities (including Vice-Chair/Chair of Bac Kan People's Committee); Tuyen Quang provincial authorities; 9 DARD (Department of Agriculture and Rural Development) and DONRE (Department of Natural Resources and Environment) staff from Tuyen Quang and Bac Kan (trained in 1-week advanced GIS training course); 500-750 high-level government officials (trained every year by Ho Chi Minh Political Academy); Downstream communities (impacted by informal mining operations); Miners; Local NGOs (strengthening role in environmental monitoring and reporting); State-owned cement companies; Globally threatened plants and animals in the NHL; MONRE (Ministry of Natural Resources and Environment),Northern Highlands Limestone (NHL); Bac Kan province; Tuyen Quang province; Ha Giang province; Lang Son province; Cao Bang province; Ba Be-Na Hang conservation corridor; Gam River dam (flooded 800 hectares),2009-2010,"Payment for Ecosystem Services (PES) agreement with the Gam River dam; 1:50,000-scale GIS database (vertically integrated, topologically correct, including 30-m grid digital elevation model and 15-m ASTER images); Translated Cement Sustainability Initiative (CSI) reports; Policy brief of key conservation and development issues (highlighting impacts of mining and quarrying); Environmental monitoring and reporting; Mainstreaming biodiversity conservation into sector plans and annual revisions of the provincial SEDP; Ba Be-Na Hang conservation corridor design","Supporting: Largest areas of contiguous forest in northern Vietnam; habitat refuge for a wide range of globally threatened plants and animals; biodiversity conservation in forest ecosystems. Provisioning: Wetlands conservation (Ba Be, Vietnam's largest natural mountain lake); water ways. Regulatory: Mitigating unnecessary negative impacts of large-scale infrastructure development; mitigating environmental impacts of formal and informal mining (gold, lead-zinc) and limestone and sand quarrying.",https://www.cepf.net/grants/grantee-projects/balancing-conservation-and-development-northern-highlands-limestone-through; https://www.cepf.net/resources/final-project-report/final-project-report-1511,"Grant, Project co-financing, In-kind contributions"
107,Xuan Thuy,106.541873,20.228911,National Park,"Critical Ecosystem Partnership Fund (CEPF) [USD 19,960 project budget]","Vietnam National Park and Protected Area Association / VNPPA (Grantee / Project Implementer), Ministry of Home Affairs of the Socialist Republic of Vietnam (Review and Approval Authority)",N/A,"Ba Vi National Park (Hanoi city) and Xuan Thuy National Park (Nam Dinh province), Vietnam",2022-2024,N/A,"Supporting (biodiversity conservation, wild bird conservation, migratory birds conservation)",https://www.cepf.net/grants/grantee-projects/capacity-building-biodiversity-conservation-vietnam-national-park-and; https://www.cepf.net/resources/final-project-report/final-completion-and-impact-report-113300,Small Grant
108,Ba Vi,105.391203,21.018618,National Park,"Critical Ecosystem Partnership Fund (CEPF) [USD 19,960 project budget]","Vietnam National Park and Protected Area Association / VNPPA (Grantee / Project Implementer), Ministry of Home Affairs of the Socialist Republic of Vietnam (Review and Approval Authority)",N/A,"Ba Vi National Park (Hanoi city) and Xuan Thuy National Park (Nam Dinh province), Vietnam",2022-2024,N/A,"Supporting (biodiversity conservation, wild bird conservation, migratory birds conservation)",https://www.cepf.net/grants/grantee-projects/capacity-building-biodiversity-conservation-vietnam-national-park-and; https://www.cepf.net/resources/final-project-report/final-completion-and-impact-report-113300,Small Grant
109,Na Hang,105.438352,22.495256,Nature Reserve,"Critical Ecosystem Partnership Fund (CEPF) [USD 19,994.40]; Save Our Species [USD 90,000.0]; The MacKnight Foundation [USD 100,000.0]","People Resources and Conservation Foundation (PRCF) [Project implementation, management, reporting, and facilitation of mapping and education activities]; Fauna & Flora International [Partner organization focused on verification and location of remaining populations of Francoisâ€™ Langur, community-based conservation, and participatory planning]; Tuyen Quang province and Lam Binh district Forest Protection Departments [Review project activity work plans, review back-to-office reports, and participate in monitoring visits and 3D mapping activities]; Local Community Authorities [Preparation and review of activity work plans, participation in activities, assistance in defining selection criteria for mapping, official endorsement of protection agreements with forest users and restaurant owners, and endorsement of awareness activities with schools and youth unions]",Local communities (including 27 community members from ten Khuon Ha and ten Thuong Lam communes signing protection agreements); 11 local restaurant owners and food sellers signing agreements to not sell bush meat/langur parts; 22 youth union members from Khuon Ha and Khuong La communes trained; Final year secondary school students (ages 15-16) and schoolteachers from two communes (Thuong Lam and Khuon Ha); Endangered Francoisâ€™ Langur (Trachypithecus francoisi) population,"Approximately 25,000 hectares. Located in Lam Binh Forest Area (Sinh Long), Tuyen Quang Province, Vietnam. Specific geographic areas include Nhoi, The Chuot, and Chu Valleys, and Nghiu Lai forest within Khuon Ha, Thuong Lam, Khuong La, Lang Can, and Na Hang communes.",2011-2012,"Participatory three-dimensional (3D) land-use map maquette construction; Francoisâ€™ Langur protection conservation agreements for forest users and local restaurant owners; Environmental education modules (including 6 specific lessons in Vietnamese) and training of trainers workshops; Awareness-raising materials (500 pens, 2055 calendars, and Environment Nature Vietnam (ENV) Wildlife Crime Hotline stickers); Conservation-monitoring plan.","Supporting: Protection of critical habitat refuge and home ranges (including sleeping caves and adjacent forest areas in limestone forests) for the globally threatened Francoisâ€™ Langur. Cultural: Environmental education, conservation awareness for local schoolchildren and youth union members, and building of participatory mapping and topographic map reading skills among villagers.",https://www.cepf.net/grants/grantee-projects/community-based-planning-lam-binh-forest-area-francois-langur-conservation; https://www.cepf.net/resources/final-project-report/final-project-report-2073,Small Grant / Grantee and Partner leveraging
110,Na Hang,105.438352,22.495256,Nature Reserve,"Critical Ecosystem Partnership Fund (CEPF): US$48,700.00 grant; Center for Water Resources Conservation and Development (WARECOD): US$5,356 in-kind contribution; Local authorities: 7 million VND per hectare to bring young fish and renew the aquatic species habitat in the coves. Compensation breakdown: 12 million VND for 6 electrical fishing tools (3 households); 60.6 million VND for 30 electrical fishing tools (13 households); total 72.6 million VND for 36 tools.","Center for Water Resources Conservation and Development (WARECOD) [Project Implementer, Coordinator, connecting communities and authorities]; Center of Aquaculture of Tuyen Quang [Implementation Partner, consultant for aquaculture planning]; Department of Environment and Natural Resources of Tuyen Quang province (DONRE) [Implementation Partner, consultant for aquaculture planning, Task Force member]; Department of Agriculture and Rural Development of Tuyen Quang province (DARD) [Implementation Partner, consultant for aquaculture planning, Task Force member]; Division of Environment and Natural Resources of Na Hang District [Key Partner, Task Force member]; Division of Agriculture and Rural Development of Na Hang District [Key Partner, Task Force member]; Division of Justice of Na Hang District [Key Partner]; Na Hang town's People's Committee [Local authority support, Task Force member]; Lam Binh district authorities [Local authority support]; Tuyen Quang Department of Fisheries [Regulation reviewer]; Tuyen Quang Department of Justice [Regulation reviewer]; Environmental Protection Branch of Tuyen Quang [Task Force member]; Aquatic Resources Protection Branch of Tuyen Quang [Task Force member].","16 fishing households (compensated for giving up 36 destructive fishing tools); 45 fishery households (participated in socio-economic survey); 4 co-management fishermen groups (comprising 3-7 households each in Na Hang district); 33 local people trained on communication skills and ecotourism orientation (including 9 task force members, 3 fishing men from Na Hang Town, 2 fishing men from Lam Binh District, 5 leaders of five villages in Na Hang town, 1 participant from Na Hang town People's Committee, and 5 participants from Women's Union, Youth's Union, Fatherland Front, Veteran Union and Farmer Union); 1 Task Force Group (9 members trained on co-management); Communities of Village No. 2, No. 4, No. 5, No. 8, No. 13 and No. 15 of Na Hang Town; Threatened flagship fauna species protected: cÃ¡ Nhá»‡ch (Anguilla japonica), cÃ¡ MÃ£ (Tor stracheyi), cÃ¡ Bá»™t sÃ o, cÃ¡ KÃ¬m, Giáº£i (Rafetus sp.), ÄÃ¢m Ä‘áº¥m, and Báº¡ch Láº¡ng.","Na Hang town, Lam Binh District, and Tuyen Quang reservoir (Gam and Nang River) within the LÃ´-GÃ¢m River Basin, Tuyen Quang Province, Northern Vietnam. Exact footprint size in hectares or square kilometers is N/A.",2010-2012,"Community co-management model for aquatic resources (fishermen groups formed to manage and protect coves); Village regulations for sustainable exploitation, culture, conservation, and management of aquatic resources (9 chapters, 27 articles); Compensation program to collect, destroy, and phase out destructive electric fishing gears; Communication events and festivals ('Na Hang kitchen Queen' cooking contest, 'Millionaire Fishermen Contest', 'Kitchen God' play); Communication hand books on aquatic resource management; Ecotourism orientation.","Supporting: Natural spawning grounds for fish and shrimp, habitat renewal in reservoir coves, recovery and stabilization of threatened aquatic species populations (cÃ¡ Nhá»‡ch/Anguilla japonica, cÃ¡ MÃ£/Tor stracheyi, cÃ¡ Bá»™t sÃ o, cÃ¡ KÃ¬m, Giáº£i/Rafetus sp., ÄÃ¢m Ä‘áº¥m, Báº¡ch Láº¡ng). Provisioning: Aquatic resources (fish and shrimp) for livelihoods, nutrition, food security, and aquatic trade for riparian communities. Cultural: Promotion of local food culture, utilization of traditional local knowledge for environmental management, ecotourism development.",https://www.cepf.net/grants/grantee-projects/conservation-aquatic-resources-northern-vietnam-through-promotion-community; https://www.cepf.net/resources/final-project-report/final-project-report-20,Grant and In-Kind Contribution
111,Ta Kou,107.940353,10.775125,Nature Reserve,"Critical Ecosystem Partnership Fund (CEPF) [$59,900.00]; ASAP Foundation [$13,000 for additional surveys of the Gia Lai Bent-toed Gecko and to raise awareness of local people and visitors in Ta Kou Nature Reserve]; Cologne Zoo [$7,000 for SMART trainings in Ta Kou Nature Reserve and Ba Den Historical and Tourism Complex and a captive breeding program for the Gia Lai Bent-toed Gecko]","Centre for Environment and Community Assets Development (CECAD) [Project organization]; The Center for Technology and Nature Conservation (CTNC) [ran two SMART training courses in Ta Kou Nature Reserve and Ba Den Historical and Tourism Complex, and will carry out additional SMART training]; Wildlife at Risk (WAR) [visited the project site and discussed about the possibility of establishing a breeding facility for Gia Lai bent-toed geckos]; Cologne Zoo [participated in designing conservation measures for all three gecko species, and setting up a captive breeding program for Gia Lai bent-toed geckos]; Institute of Ecology and Biological Resources (IEBR) [designed field surveys, developed conservation measures, and created materials for raising awareness of the targeted species]; National University of Forestry (NUOF) [supported the implementation of the scheme for payment for ecosystem service to protect Gia Lai bent-toed geckos and the arrangement of fieldwork in Chu Se, Gia Lai Province]; Institute of Tropical Biology (ITB) [assisted the field work in Ba Den and Ta Kou]; Central Institute for Natural Resources and Environmental Studies (CRES) [engaged extensively in the project activities and committed to support future activities to better conserve the three CR species]","Threatened fauna protected: Cyrtodactylus gialaiensis (Gialai Bent-toed Gecko, Critically Endangered), Cyrtodactylus takouensis (Takou Bent-toed Gecko, Critically Endangered), Cyrtodactylus nigriocularis (Black-eyed Bent-toed Gecko, Critically Endangered). Individuals impacted: More than 10 members of two targeted protected areas trained in SMART; 4 young researchers trained in conducting field surveys, writing reports, analyzing data, drafting scientific paper manuscripts, designing conservation activities, and presenting results; Local people and visitors in Ta Kou Nature Reserve and Ba Den Historical and Tourism Complex targeted for awareness raising.","Size: N/A. Geographic locations: Ta Kou Nature Reserve, Ba Den Historical and Tourism Complex, and Chu Se in Gia Lai Province, Vietnam.",2021-2023,Payment-for-ecosystem-service scheme to protect the confirmed habitat of Gia Lai bent-toed geckos; SMART (Spatial Monitoring and Reporting Tool) for patrolling and species monitoring; Educational materials (posters and leaflets) to raise awareness of visitors; Captive breeding program for the Gia Lai Bent-toed Gecko; Listing the three species in Vietnam's Red Data Book.,"Supporting: Habitat protection for three critically endangered bent-toed geckos, protecting the habitat from harmful human activities like pesticide and herbicide use, change of crop plantation, and soil excavation. Cultural: Educational services through raising awareness of local people and visitors using posters and leaflets.",https://www.cepf.net/grants/grantee-projects/conservation-critically-endangered-and-endemic-bent-toed-geckos-vietnam; https://www.cepf.net/resources/final-project-report/final-project-report-2860,Grant
112,Cat Tien,107.3515719,11.56646094,National Park; UNESCO-MAB Biosphere Reserve,"Critical Ecosystem Partnership Fund (CEPF) - USD 20,000","World Pheasant Association (Grantee); King Mongkutâ€™s University of Technology, Thonburi (co-operated on the design and conduct of fieldwork, and subsequent analyses); Institute of Tropical Biology, Ho Chi Minh City (co-operated on conduct of fieldwork and all liaison with park managers and other officials); Cat Tien National Park (participated in fieldwork and assisted with logistics); Yok Don National Park (participated in fieldwork and assisted with logistics)",Threatened fauna protected: Green Peafowl (Pavo muticus); 1 staff/researcher (Nguyen Tran Vy) registered for a PhD programme,"Cat Tien National Park and Yok Don National Park, Dak Lak province, southern Vietnam",2011-2013,"Standardised survey method and sampling design for monitoring green peafowl, field research capacity building for vertebrate ecology fieldwork",Supporting (habitat refuge for Green Peafowl and other Galliformes),https://www.cepf.net/grants/grantee-projects/conservation-green-peafowl-key-sites-vietnam; https://www.cepf.net/resources/final-project-report/final-project-report-2083,Small Grant
113,Yok Don,107.662001,12.956476,National Park,"Critical Ecosystem Partnership Fund (CEPF) - USD 20,000","World Pheasant Association (Grantee); King Mongkutâ€™s University of Technology, Thonburi (co-operated on the design and conduct of fieldwork, and subsequent analyses); Institute of Tropical Biology, Ho Chi Minh City (co-operated on conduct of fieldwork and all liaison with park managers and other officials); Cat Tien National Park (participated in fieldwork and assisted with logistics); Yok Don National Park (participated in fieldwork and assisted with logistics)",Threatened fauna protected: Green Peafowl (Pavo muticus); 1 staff/researcher (Nguyen Tran Vy) registered for a PhD programme,"Cat Tien National Park and Yok Don National Park, Dak Lak province, southern Vietnam",2011-2013,"Standardised survey method and sampling design for monitoring green peafowl, field research capacity building for vertebrate ecology fieldwork",Supporting (habitat refuge for Green Peafowl and other Galliformes),https://www.cepf.net/grants/grantee-projects/conservation-green-peafowl-key-sites-vietnam; https://www.cepf.net/resources/final-project-report/final-project-report-2083,Small Grant
114,Red River Delta,106.395271,20.175482,UNESCO-MAB Biosphere Reserve,"Critical Ecosystem Partnership Fund (CEPF) [Grant Amount: 20,000 US$]; RSPB – BirdLife Indochina program [Co-financing Amount: 3,500 US$ / 2,000 Pounds]","Russian Society for Conservation and Studies of Birds / BirdsRussia (Grantee and project coordinator conducting the survey); BirdLife Indochina Program (Advised on organization, identified best sites, arranged time-table, applied for co-funding, supervised Vietnamese observers); University of Sciences, Vietnam National University (Organized logistics of the survey and cooperated on the survey work); ArcCona Ecological Consulting (Assisted with satellite imageries work and provided advisory); RSPB (Consulted the survey team on field work aspects); SBS Task Force (Analyzed satellite images and recommended sites for survey); Institute Science and Technology (Governmental agency receiving recommendations to list endangered species in the Red Data Book of Vietnam)","1 Vietnamese ornithologist (Nguyen Hoai Bao), 1 main university student (Nguyen Thang), and 2 other students trained in shorebird identification and counting (yielding a trained team of 2 observers prepared for further conservation work); Target threatened flagship fauna protected: Spoon-billed Sandpiper (Critically endangered, 120-200 breeding pairs left globally, at least 8 individuals recorded at survey sites), Nordmann’s Greenshank, Chinese Egret, Asian Dowitcher, Black-faced Spoonbill, and up to 20,000 staging shorebirds/waterbirds.","Mekong Delta, Southern Vietnam, specifically outer parts of Saigon River Delta and Thanh An Island (Ho Chi Mihn Province, Long Hoa District), Mekong River Delta outer parts in Tieng Giang, Ben Tre, and Tra Vinh Provinces, and Mui Ca Mau National Park and Dat Mui settlement vicinity (Ca Mau Province). Specific locations include Binh Dai, Ba Tri, Bai Boi, Can Gio, Go Gong, Tan Thanh village, Ngang Island, Hiep Tnanh, Truong Long Hoa. Distance between two newly identified SBS sites is about 6 km. (Total area in hectares/square kilometers: N/A)",2011-2012,Field surveys and satellite imagery analysis to identify Spoon-billed Sandpiper wintering sites; Technical capacity building/training for local observers in shorebird identification and counting; Development of scientific recommendations for the Institute Science and Technology to list Spoon-billed Sandpiper and Nordmann’s Greenshank in the Red Data Book of Vietnam; Proposal for creating protected territories and designating new Important Bird Areas (IBAs); Information sharing with the Asian Waterbird Census Database.,"Supporting: Habitat refuge and staging areas for critically endangered bird species (Spoon-billed Sandpiper, Nordmann’s Greenshank, Chinese Egret, Asian Dowitcher, Black-faced Spoonbill) and huge concentrations of up to 20,000 shorebirds/waterbirds; mudflat benthic invertebrate fauna providing food sources. Provisioning: Marine resources and benthic invertebrate fauna (shellfish, other molluscs, worms, crabs) used sustainably by local people, such as at Tan Thanh village. Cultural: Educational capacity building and knowledge transfer in environmental monitoring for Vietnamese university students.",https://www.cepf.net/grants/grantee-projects/conservation-planning-spoon-billed-sandpiper-population-mekong-delta-vietnam; https://www.cepf.net/resources/final-project-report/final-project-report-2076,"Small Grant, Co-financing"
115,Mui Ca Mau,104.7526097,8.940726088,National Park; UNESCO-MAB Biosphere Reserve,"Critical Ecosystem Partnership Fund (CEPF) [Grant Amount: 20,000 US$]; RSPB – BirdLife Indochina program [Co-financing Amount: 3,500 US$ / 2,000 Pounds]","Russian Society for Conservation and Studies of Birds / BirdsRussia (Grantee and project coordinator conducting the survey); BirdLife Indochina Program (Advised on organization, identified best sites, arranged time-table, applied for co-funding, supervised Vietnamese observers); University of Sciences, Vietnam National University (Organized logistics of the survey and cooperated on the survey work); ArcCona Ecological Consulting (Assisted with satellite imageries work and provided advisory); RSPB (Consulted the survey team on field work aspects); SBS Task Force (Analyzed satellite images and recommended sites for survey); Institute Science and Technology (Governmental agency receiving recommendations to list endangered species in the Red Data Book of Vietnam)","1 Vietnamese ornithologist (Nguyen Hoai Bao), 1 main university student (Nguyen Thang), and 2 other students trained in shorebird identification and counting (yielding a trained team of 2 observers prepared for further conservation work); Target threatened flagship fauna protected: Spoon-billed Sandpiper (Critically endangered, 120-200 breeding pairs left globally, at least 8 individuals recorded at survey sites), Nordmann’s Greenshank, Chinese Egret, Asian Dowitcher, Black-faced Spoonbill, and up to 20,000 staging shorebirds/waterbirds.","Mekong Delta, Southern Vietnam, specifically outer parts of Saigon River Delta and Thanh An Island (Ho Chi Mihn Province, Long Hoa District), Mekong River Delta outer parts in Tieng Giang, Ben Tre, and Tra Vinh Provinces, and Mui Ca Mau National Park and Dat Mui settlement vicinity (Ca Mau Province). Specific locations include Binh Dai, Ba Tri, Bai Boi, Can Gio, Go Gong, Tan Thanh village, Ngang Island, Hiep Tnanh, Truong Long Hoa. Distance between two newly identified SBS sites is about 6 km. (Total area in hectares/square kilometers: N/A)",2011-2012,Field surveys and satellite imagery analysis to identify Spoon-billed Sandpiper wintering sites; Technical capacity building/training for local observers in shorebird identification and counting; Development of scientific recommendations for the Institute Science and Technology to list Spoon-billed Sandpiper and Nordmann’s Greenshank in the Red Data Book of Vietnam; Proposal for creating protected territories and designating new Important Bird Areas (IBAs); Information sharing with the Asian Waterbird Census Database.,"Supporting: Habitat refuge and staging areas for critically endangered bird species (Spoon-billed Sandpiper, Nordmann’s Greenshank, Chinese Egret, Asian Dowitcher, Black-faced Spoonbill) and huge concentrations of up to 20,000 shorebirds/waterbirds; mudflat benthic invertebrate fauna providing food sources. Provisioning: Marine resources and benthic invertebrate fauna (shellfish, other molluscs, worms, crabs) used sustainably by local people, such as at Tan Thanh village. Cultural: Educational capacity building and knowledge transfer in environmental monitoring for Vietnamese university students.",https://www.cepf.net/grants/grantee-projects/conservation-planning-spoon-billed-sandpiper-population-mekong-delta-vietnam; https://www.cepf.net/resources/final-project-report/final-project-report-2076,"Small Grant, Co-financing"
116,Pu Mat,104.695387,18.938023,National Park,"Critical Ecosystem Partnership Fund (CEPF) [$16,610]; Copenhagen Zoo [$2,000]; Fauna & Flora International [$500]; Leipzig Zoo [$3,908]; Natural History Museum of Denmark [$1,000 + $4,000]; San Diego Zoo [$2,000]; Wildlife Conservation Society [$5,000]; ZGAP [$3,901]; EAZA [$40,000]",Global Wildlife Conservation (Project Implementer); Saola Working Group (Project Implementer); Banham Zoo (UK) [Contributed travel and staff time]; Borneo Rhino Alliance (Malaysia) [Contributed travel and staff time]; Royal Zoological Society of Scotland/Highland Park Zoo [Contributed travel and staff time]; San Diego Zoo [Contributed travel and staff time]; Bronx Zoo/Wildlife Conservation Society (WCS) [Contributed travel and staff time]; Zoological Society of London [Contributed travel and staff time]; Institute of Ecology and Biological Resources (Vietnam) [Contributed staff time]; IUCN SSC Asian Species Action Partnership (ASAP) [Contributed staff time]; Kunming Institute of Zoology [Contributed staff time]; Lao Department of Forest Resources Management [Contributed staff time]; Nam Theun Watershed Management & Protection Authority (and Lao Wildlife Conservation Association) [Contributed staff time]; Rhino Foundation of Indonesia [Contributed staff time]; Smithsonian Conservation Biology Institute [Contributed staff time]; Vinh University [Contributed staff time]; WCS Lao Program [Contributed staff time]; WWF Greater Mekong Programme [Contributed staff time],Saola (Critically Endangered mammal),"N/A for spatial footprint size; Northern Limestone Highlands, Mekong River and its major tributaries, Annamites, Laos (Pakxan), and Vietnam (Dong Hoi)",2013,"3rd Meeting of the Saola Working Group, national saola meetings in Laos and Vietnam, saola protection goal for priority sites, decision and draft statement on saola captive management, clear plan and survey protocols for intensive surveys in 2013/2014 to test various methods to detect saola, 12-month SWG worklist","Supporting (safeguarding priority globally threatened species in Indochina, mitigating major threats, and reconciling biodiversity conservation and development objectives)",https://www.cepf.net/grants/grantee-projects/conservation-through-collaboration-third-meeting-saola-working-group; https://www.cepf.net/resources/final-project-report/final-project-report-2057,"Small Grant (Project co-financing, Grantee and Partner leveraging, Regional/Portfolio leveraging)"
117,Cat Ba,107.0358745,20.79277527,National Park; UNESCO-MAB Biosphere Reserve,"Critical Ecosystem Partnership Fund (CEPF): $19,982; DIG - Development Innovation Group: $245,406 (Moving toward Model Cities for Waste Management in Coastal Northeast Vietnam); The Coca Cola Foundation: $373,399 (Building a 'Plastic Action Network' and Linkages with Government, local businesses, Youth and Women to Reduce-Reuse-Recycle (3Rs) Plastic Waste in Vietnam); Pacific Environment: $20,000 (Building Vietnam's Zero Waste Movement Through Coastal Strongholds); Oxfam Novib: 95,000 EUR or ~$105,144 (Enterprises for development project â€“ phase 2- strengthening impact-driven smes in agriculture value chains in vietnam)","Centre for Supporting Green Development (GreenHub) [Implementing Grantee, developing conservation strategies, planning, and fundraising]; Cat Ba National Park Management Board [Provided conservation and management information as well as feedback for local conservation strategy]; Cat Ba Archipelago Biosphere Reserve Management Board [Shared conservation achieved results, applied SLIQ approach, provided feedback for local conservation strategy]; Phu Long Commune People's Committee [Participated in and provided local feedback at consultation meetings]; Phu Long Commune's sustainable aquaculture, mangroves forest ecosystem conservation Collaboration Group [Participated in and provided local feedback]; Phu Long Commune's community based Ecotourism Collaboration Group [Participated in and provided local feedback]; Vietnam's National Man and Biosphere (MAB) Committee [Provided review and feedback for national and local strategy]; Biodiversity Conservation Agency (BCA), Ministry of Natural resource and Environment [Shared information about biodiversity conservation policy and plan, provided comments for national strategy]; Viet Nam Association for Environmental Economics (VIASEE) [Shared information about environmental protection policy]; International Collaborating Centre for Aquaculture and Fisheries Sustainability (ICAFIS) [Consulted for strategy development]; Vietnet ICT [Consulted for strategy development]; USAID's Partner Capacity Development program [Presented common issues in organizational development]","30 men and 50 women (total 80 individuals) benefiting from formal training and increased income; GreenHub staff members; Cat Ba community (residents, local authorities, researchers)","Cat Ba Archipelago, Phu Long Commune, Ha Long - Cat Ba area. Size footprint: N/A",2017-2019,"Organizational development strategy by 2030 and action plan for 2018-2020; Fundraising strategy; Communications plan; Local KBA-Level KBA-Cat Ba VNM23 Conservation Strategy; Waste management and solid waste treatment plans (plastic waste reduction, 3Rs); Sustainable aquaculture; Mangroves forest ecosystem conservation; Community based Ecotourism; Coral restoration and coral reef conservation plans","Supporting: Mangroves forest ecosystem conservation, coral reef conservation, biodiversity conservation in Ha Long - Cat Ba area. Cultural: Community based Ecotourism, capacity building and organizational development for conservation NGOs. Provisioning: N/A",https://www.cepf.net/grants/grantee-projects/developing-and-implementing-greenhubs-strategies-and-plans-conservation; https://www.cepf.net/resources/final-project-report/final-project-report-2283,Small Grant and Grantee/Partner Leveraging
118,Nam Xuan Lac,105.51329,22.304419,Nature Reserve,"Critical Ecosystem Partnership Fund (CEPF) - Grant Amount: US$79,962.00","TRAFFIC International (Lead implementing organization, providing technical support/trainings, guidance, and project implementation), Bac Kan Provincial Forest Protection Department (FPD) (Protecting medicinal and aromatic plants, control of MAP trade, liaison and providing support/instructions to management board), People Resources and Conservation Foundation (PRCF) Viet Nam (Build upon and complement CEPF-funded projects, complete market assessment report), Management board of Nam Xuan Lac Species and Habitat Conservation Area (Daily protection of MAPs, technical guidance for local villagers towards sustainable harvesting, enforcement, encouraging local collectors), Bac Kan Traditional Medicine Association and Bac Kan Provincial Department of Health (Assist local collectors to obtain certificate on sustainable harvesting, training for local people, widen awareness of project activities), Local Peopleâ€™s Committee of Xuan Lac and Ban Thi Communes (Facilitate and monitor local collectors applying sustainable harvesting and processing techniques, control trade of target species between collectors and traders, establish inspection team), Helvetas - Swiss Association for International Cooperation (BioTrade project implementer, exchange project experiences), Vietnam Association of Traditional Medicinal Materials (National commitment to establish a network of traditional medicine shops/clinics interested in sustainably collected wild medicine products), Centre of Plant Conservation (CPC) / Dr. Nguyen Tap (Conduct resource assessment and management plan for target species)","Local collectors from Dao and Tay ethnic minority groups (particularly women); 104 trained collectors (51 villagers in May 2012 and 53 collectors in January 2013); 103 households practicing sustainable harvesting techniques across 7 villages (Ban Tun, Ban Eng, Keo Nang, Phja Khao, Khuoi Ken, Ban Na Da, Ban Khang) in Xuan Lac and Ban Thi Communes; 7 collection groups formed. Specific threatened flagship flora protected include Amomum villosum Lour, Amomum xanthioides var. xanthioides, Alpinia malaccensis, Alpinia latilabris, Alpinia menghaiensis, Aristolochia kwangsiensis, Podophyllum tonkinense, and Asarum caudigerum.","Total of 9,296 hectares (1,788 hectares core zone and 7,508 hectares buffer zone) located in Nam Xuan Lac Species and Habitat Conservation Area, Xuan Lac and Ban Thi Communes, Bac Kan Province, Northern Limestone, Vietnam.",2011-2013,Development of sustainable wild collection of Medicinal and Aromatic Plants (MAPs) model; implementation of FairWild and Fairtrade Principles; development of co-management mechanisms and a benefit-sharing mechanism; creation of 7 collection groups/cooperatives; provision of value-addition post-harvest technologies including two village-shared steel herb dryers and three brick dryers; development of management plans with sustainable harvesting quotas; provision of real-time market information and prices to collectors; establishment of a conservation and livelihood support fund contributing 5% of profits.,"Supporting: Protection of habitat and refuge for threatened wild Medicinal and Aromatic Plants (MAPs) (including Aristolochia kwangsiensis, Podophyllum tonkinense, Asarum caudigerum), biodiversity conservation, and regeneration of Alpinia and Amomum species in limestone forests. Provisioning: Sustainable harvesting and supply of wild medicinal and aromatic plants (Alpinia and Amomum species) for alternative income generation and stable livelihood for forest-dependent communities; provision of high-quality dried raw medicinal materials. Cultural: Empowerment of vulnerable ethnic minority groups (Tay and Dao people), particularly women, in community-based decision-making; improved traditional knowledge and natural resource management through co-management mechanisms; participatory capacity building and fair-trade mechanisms.",https://www.cepf.net/grants/grantee-projects/developing-model-sustainable-wild-collection-medicinal-plants-through; https://www.cepf.net/resources/final-project-report/final-project-report-1608,Grant
119,Bac Me,105.213119,22.710358,Nature Reserve,"Critical Ecosystem Partnership Fund (CEPF) Indo-Burma (Grant Amount: USD 9,150); Rufford Small Grant (Amount: Â£6,000)","Center for People and Nature Reconciliation (PanNature) [Implementing organization, facilitated EEP development, edited educational conservation materials, trained teachers, evaluated the EE program]; Ha Giang Forest Protection Department [Supported project, signed MoU allowing PanNature to develop the program]; Management Board of the Khau Ca Species and Habitat Conservation Area [Actively participated and assisted EE team in motivating teachers/schools, contributed to the development of EE and awareness materials]; Departments of Education and Training of Bac Me and Vi Xuyen districts [Supported project, signed MoU allowing PanNature to develop the program]; School Management Board and participating teachers of Yen Dinh, Minh Son, and Tung Ba secondary schools [Developed and implemented the plan and content of the EE program]; Forest rangers [Participated to help local teachers make connections with local ecological knowledge]","380 local students in grades 6 to 9 from Yen Dinh, Minh Son, and Tung Ba secondary schools; Local teachers at participating schools; Local communities (specifically Tay ethnicity in Khau Ca's buffer zone); Tonkin Snub-Nosed Monkey (TSNM) (threatened flagship fauna protected)","Khau Ca Species and Habitat Conservation Area and its buffer zone (Bac Me and Vi Xuyen districts, Ha Giang, Northern Vietnam). Exact spatial footprint size: N/A",2009-2010,School-based Environmental Education (EE) program; EE action plans; Integrated EE lessons; Forest exploration in Khau Ca; EE guidebooks; Reference materials; Sets of illustration pictures; Awareness materials (including bilingual documents in Vietnamese and Tay); TSNM and environment movies; Wall-papers painting activities; Teacher-exchange seminars,"Supporting: Biodiversity conservation and protection of the Tonkin Snub-Nosed Monkey (TSNM) and other important animal and plant species in Khau Ca forests. Provisioning: Protection of forest resources to sustain local lives and livelihoods. Cultural: Environmental education, increasing local ecological knowledge, and awareness raising for students and local communities.",https://www.cepf.net/grants/grantee-projects/development-educational-materials-and-information-focused-tonkin-snub-nosed; https://www.cepf.net/resources/final-project-report/final-project-report-2104,Small Grant
120,Cat Ba,107.0358745,20.79277527,National Park; UNESCO-MAB Biosphere Reserve,"Critical Ecosystem Partnership Fund (CEPF) [$70,000]; Australian National University (ANU) [US$8,400]; WildInvest [US$9,967]; Mohammed bin Zayed [US$6,000]; Margot Marsh [US$2,072]","Fauna & Flora International (FFI) [Project design, grantee, coordination, technical inputs]; Cat Ba National Park Management Board [Designated government authority managing the park, facilitating partner work, providing staff for research/monitoring, Chair of Technical Working Group]; Cat Ba Langur Conservation Project (CBLCP) [Implementation of all project activities, population monitoring]; Australian National University (ANU) School of Archaeology and Anthropology [Leading the scientific research agenda, collection of behavioural, ecological, and genetic data, provision of PhD students]; Cat Ba Langur Technical Working Group (CBLTWG) [Multi-stakeholder centralized decision-making forum]; IUCN Conservation Breeding Specialist Group [Conducted independent Population Viability Analysis]; Hai Phong DARD, Hai Phong DoNRE, Department of Nature Conservation at MARD, BCA at MoNRE [Government representatives on TWG]; Endangered Primate Rescue Center, IUCN Primate Specialist Group, IEBR, CRES HUS [Technical expert members on TWG]","Cat Ba langur / golden-headed langur (Trachypithecus poliocephalus poliocephalus) [Critically Endangered flagship species protected]; 3 PhD students (Rebecca Hendershott, Kirrily Apthorpe, Kayla Ruskin) and 1 MSc student (Ta Tuyet Nga) [Supported for academic research]; Vietnamese nationals (including National Park Director Mr Hoang Van Thap and Mai Sy Luan) [Supported through capacity building and translations of research documents]; Cat Ba NP rangers and FPD staff [Engaged in monitoring and population surveys]; Decision-makers at local, provincial, and central levels [Benefited from technical knowledge transfer on population management]","Cat Ba National Park, Cat Hai district, Hai Phong City, Vietnam (Specifically: Cua Dong area, the Sanctuary, Hang Cai, Cai Minh Tu - Viet Hai). N/A for exact spatial footprint size in hectares or square kilometers.",2014-2016,"Cat Ba Langur Technical Working Group (CBLTWG) governance platform; Population Viability Analysis (PVA) and models; Comprehensive population survey frameworks and manual in Vietnamese; Targeted scientific research program addressing socioecology, feeding ecology, and habitat preference; Translated technical dossiers and documentation; incorporation of the TWG model into the National Action Plan for Vietnam's Primates","Supporting: Habitat refuge for the critically endangered Cat Ba langur (Trachypithecus poliocephalus poliocephalus), protection of limestone karst habitats, conservation of the overall biodiversity of the Cat Ba Archipelago, and improved understanding of keystone plant species (43 plant taxa identified in diet). Provisioning: N/A. Cultural: N/A.",https://www.cepf.net/grants/grantee-projects/development-holistic-approach-conservation-cat-ba-langur; https://www.cepf.net/resources/final-project-report/final-project-report-1487,"Grant, Project Co-Financing"
121,Bac Me,105.213119,22.710358,Nature Reserve,"Critical Ecosystem Partnership Fund (CEPF) (Grant Amount: US$400,000.0). Additional funding providers (Total: US$273,755): Great Apes conservation fund of US Fish and Wildlife Services (USFW) (US$20,023 for Conservation of Tonkin snub-nosed monkey in Tung Vai), AZA Ape TAG (US$30,000 for Capacity building for Trung Khanh Cao Vit gibbon conservation), Twycross Zoo (US$6,960 for Salaries for CCTs in Trung Khanh for conservation of Cao Vit gibbon), FOTA (US$26,600 for Capacity development for co-management and conservation of western black-crested gibbon), Co-management Learning Network (CMLN) (US$10,833 to Strengthen co-management approach), Global Trees Campaign (GTC) (US$173,339 for Conservation of priority tree species Magnolias and conifers), and the Arcus Foundation (for development of conservation action plans for Cao Vit gibbon).","Fauna & Flora International (FFI) [Project Implementing Organization and Sub-grant provider], Centre for Plant Conservation (CPC) [Implementing components related to tree conservation at the selected sites and operating community nurseries], University of Colorado Boulder [Conducting monitoring and research on the Tonkin snub-nosed monkey in Khau Ca SHCA core zone], People Resources and Conservation Foundation (PRCF) [Leading habitat (forest) restoration work], Denver Zoo [Conducting education activities in surrounding villages of Khau Ca SHCA], Management Advisory Committees (MACs) / Tonkin Snub-nosed Monkey and Magnolia Management Committee [Broadening and improving decision making of protected areas and multi-stakeholders engagement in PA management], Community Conservation Teams (CCTs) [Species monitoring, forest patrolling and supporting law enforcement], Forest Protection Departments (FPD) and Management Boards [Centralized data management, law enforcement, and protected area management].","Local communities in 13 villages around Trung Khanh and 7 villages around Khau Ca. 243 households provided with mobile fuel efficient stoves; 70 households received VA06 grass seedlings. 10 CCT members in Tung Vai, 10 CCT members in Khau Ca, and 6 CCT members in Trung Khanh trained and employed. Secondary school students in Quan Ba and Trung Khanh engaged in outdoor environmental education. Total 280 men and 140 women benefiting from formal training and increased income. Flagship fauna/flora protected: Tonkin snub-nosed monkey (117-121 individuals in Khau Ca, 15-21 individuals in Tung Vai), Cao Vit gibbon (124-136 individuals), Magnolia grandis, Magnolia citrata, Magnolia megaphylla, Magnolia tonkinensis, Taxus chinensis, Tsuga chinensis, Nageia fleuryi, Pinus kwantungensis, Cupressus tonkinensis, Xanthocyparis vietnamensis, and Magnolia coriacea.","Tung Vai Forest (VNM100): 5,000 hectares in Tung Vai commune, Quan Ba district, Ha Giang province; Khau Ca Species Habitat Conservation Area (VNM50): 2,014 hectares (also cited as 2,024 ha) in Tung Ba commune, Vi Xuyen district and Yen Dinh and Minh Son communes, Bac Me district, Ha Giang province; Trung Khanh SHCA (VNM98): 5,736 hectares (plus 4,079 ha in neighboring protection forest buffer zone) in Ngoc Con, Ngoc Khe and Phong Nam communes, Trung Khanh district, Cao Bang province.",2014-2017,Community Conservation Teams (CCTs) utilizing Spatial Monitoring and Reporting Tool (SMART) for forest patrols; Management Advisory Committees (MACs); Species Conservation Action Plans (SCAPs) and Transboundary Conservation Action Plans; 243 mobile fuel efficient stoves; 2.17 ha of Elephant grass (VA06) silage technology for cattle feed; Metal waterwheel technology (45 wooden waterwheels replaced with metal frames); Community tree nurseries for propagation of tree saplings/cuttings.,"Supporting: Habitat restoration, biodiversity monitoring, and long-term conservation of priority CR primate populations (Tonkin snub-nosed monkey, Cao Vit gibbon) and threatened tree species (magnolias, conifers). Provisioning: Alternative cattle feed (elephant grass silage) reducing free livestock grazing impacts, fuel efficient stoves saving 40-60% of fuelwood, reduced hardwood timber extraction through metal waterwheel implementation. Cultural: Environmental education programmes in secondary schools, community co-management empowerment, awareness raising via calendar distribution, and capacity building for local conservation actors.",https://www.cepf.net/grants/grantee-projects/empowering-local-communities-engage-conservation-and-management-priority-key; https://www.cepf.net/resources/final-project-report/final-project-report-1970,Grant and Project Co-Financing
122,Trung Khanh,106.549793,22.886985,Nature Reserve,"Critical Ecosystem Partnership Fund (CEPF) (Grant Amount: US$400,000.0). Additional funding providers (Total: US$273,755): Great Apes conservation fund of US Fish and Wildlife Services (USFW) (US$20,023 for Conservation of Tonkin snub-nosed monkey in Tung Vai), AZA Ape TAG (US$30,000 for Capacity building for Trung Khanh Cao Vit gibbon conservation), Twycross Zoo (US$6,960 for Salaries for CCTs in Trung Khanh for conservation of Cao Vit gibbon), FOTA (US$26,600 for Capacity development for co-management and conservation of western black-crested gibbon), Co-management Learning Network (CMLN) (US$10,833 to Strengthen co-management approach), Global Trees Campaign (GTC) (US$173,339 for Conservation of priority tree species Magnolias and conifers), and the Arcus Foundation (for development of conservation action plans for Cao Vit gibbon).","Fauna & Flora International (FFI) [Project Implementing Organization and Sub-grant provider], Centre for Plant Conservation (CPC) [Implementing components related to tree conservation at the selected sites and operating community nurseries], University of Colorado Boulder [Conducting monitoring and research on the Tonkin snub-nosed monkey in Khau Ca SHCA core zone], People Resources and Conservation Foundation (PRCF) [Leading habitat (forest) restoration work], Denver Zoo [Conducting education activities in surrounding villages of Khau Ca SHCA], Management Advisory Committees (MACs) / Tonkin Snub-nosed Monkey and Magnolia Management Committee [Broadening and improving decision making of protected areas and multi-stakeholders engagement in PA management], Community Conservation Teams (CCTs) [Species monitoring, forest patrolling and supporting law enforcement], Forest Protection Departments (FPD) and Management Boards [Centralized data management, law enforcement, and protected area management].","Local communities in 13 villages around Trung Khanh and 7 villages around Khau Ca. 243 households provided with mobile fuel efficient stoves; 70 households received VA06 grass seedlings. 10 CCT members in Tung Vai, 10 CCT members in Khau Ca, and 6 CCT members in Trung Khanh trained and employed. Secondary school students in Quan Ba and Trung Khanh engaged in outdoor environmental education. Total 280 men and 140 women benefiting from formal training and increased income. Flagship fauna/flora protected: Tonkin snub-nosed monkey (117-121 individuals in Khau Ca, 15-21 individuals in Tung Vai), Cao Vit gibbon (124-136 individuals), Magnolia grandis, Magnolia citrata, Magnolia megaphylla, Magnolia tonkinensis, Taxus chinensis, Tsuga chinensis, Nageia fleuryi, Pinus kwantungensis, Cupressus tonkinensis, Xanthocyparis vietnamensis, and Magnolia coriacea.","Tung Vai Forest (VNM100): 5,000 hectares in Tung Vai commune, Quan Ba district, Ha Giang province; Khau Ca Species Habitat Conservation Area (VNM50): 2,014 hectares (also cited as 2,024 ha) in Tung Ba commune, Vi Xuyen district and Yen Dinh and Minh Son communes, Bac Me district, Ha Giang province; Trung Khanh SHCA (VNM98): 5,736 hectares (plus 4,079 ha in neighboring protection forest buffer zone) in Ngoc Con, Ngoc Khe and Phong Nam communes, Trung Khanh district, Cao Bang province.",2014-2017,Community Conservation Teams (CCTs) utilizing Spatial Monitoring and Reporting Tool (SMART) for forest patrols; Management Advisory Committees (MACs); Species Conservation Action Plans (SCAPs) and Transboundary Conservation Action Plans; 243 mobile fuel efficient stoves; 2.17 ha of Elephant grass (VA06) silage technology for cattle feed; Metal waterwheel technology (45 wooden waterwheels replaced with metal frames); Community tree nurseries for propagation of tree saplings/cuttings.,"Supporting: Habitat restoration, biodiversity monitoring, and long-term conservation of priority CR primate populations (Tonkin snub-nosed monkey, Cao Vit gibbon) and threatened tree species (magnolias, conifers). Provisioning: Alternative cattle feed (elephant grass silage) reducing free livestock grazing impacts, fuel efficient stoves saving 40-60% of fuelwood, reduced hardwood timber extraction through metal waterwheel implementation. Cultural: Environmental education programmes in secondary schools, community co-management empowerment, awareness raising via calendar distribution, and capacity building for local conservation actors.",https://www.cepf.net/grants/grantee-projects/empowering-local-communities-engage-conservation-and-management-priority-key; https://www.cepf.net/resources/final-project-report/final-project-report-1970,Grant and Project Co-Financing
123,Bat Dai Son,104.989262,23.126729,Nature Reserve,"Critical Ecosystem Partnership Fund (CEPF) (Grant Amount: US$400,000.0). Additional funding providers (Total: US$273,755): Great Apes conservation fund of US Fish and Wildlife Services (USFW) (US$20,023 for Conservation of Tonkin snub-nosed monkey in Tung Vai), AZA Ape TAG (US$30,000 for Capacity building for Trung Khanh Cao Vit gibbon conservation), Twycross Zoo (US$6,960 for Salaries for CCTs in Trung Khanh for conservation of Cao Vit gibbon), FOTA (US$26,600 for Capacity development for co-management and conservation of western black-crested gibbon), Co-management Learning Network (CMLN) (US$10,833 to Strengthen co-management approach), Global Trees Campaign (GTC) (US$173,339 for Conservation of priority tree species Magnolias and conifers), and the Arcus Foundation (for development of conservation action plans for Cao Vit gibbon).","Fauna & Flora International (FFI) [Project Implementing Organization and Sub-grant provider], Centre for Plant Conservation (CPC) [Implementing components related to tree conservation at the selected sites and operating community nurseries], University of Colorado Boulder [Conducting monitoring and research on the Tonkin snub-nosed monkey in Khau Ca SHCA core zone], People Resources and Conservation Foundation (PRCF) [Leading habitat (forest) restoration work], Denver Zoo [Conducting education activities in surrounding villages of Khau Ca SHCA], Management Advisory Committees (MACs) / Tonkin Snub-nosed Monkey and Magnolia Management Committee [Broadening and improving decision making of protected areas and multi-stakeholders engagement in PA management], Community Conservation Teams (CCTs) [Species monitoring, forest patrolling and supporting law enforcement], Forest Protection Departments (FPD) and Management Boards [Centralized data management, law enforcement, and protected area management].","Local communities in 13 villages around Trung Khanh and 7 villages around Khau Ca. 243 households provided with mobile fuel efficient stoves; 70 households received VA06 grass seedlings. 10 CCT members in Tung Vai, 10 CCT members in Khau Ca, and 6 CCT members in Trung Khanh trained and employed. Secondary school students in Quan Ba and Trung Khanh engaged in outdoor environmental education. Total 280 men and 140 women benefiting from formal training and increased income. Flagship fauna/flora protected: Tonkin snub-nosed monkey (117-121 individuals in Khau Ca, 15-21 individuals in Tung Vai), Cao Vit gibbon (124-136 individuals), Magnolia grandis, Magnolia citrata, Magnolia megaphylla, Magnolia tonkinensis, Taxus chinensis, Tsuga chinensis, Nageia fleuryi, Pinus kwantungensis, Cupressus tonkinensis, Xanthocyparis vietnamensis, and Magnolia coriacea.","Tung Vai Forest (VNM100): 5,000 hectares in Tung Vai commune, Quan Ba district, Ha Giang province; Khau Ca Species Habitat Conservation Area (VNM50): 2,014 hectares (also cited as 2,024 ha) in Tung Ba commune, Vi Xuyen district and Yen Dinh and Minh Son communes, Bac Me district, Ha Giang province; Trung Khanh SHCA (VNM98): 5,736 hectares (plus 4,079 ha in neighboring protection forest buffer zone) in Ngoc Con, Ngoc Khe and Phong Nam communes, Trung Khanh district, Cao Bang province.",2014-2017,Community Conservation Teams (CCTs) utilizing Spatial Monitoring and Reporting Tool (SMART) for forest patrols; Management Advisory Committees (MACs); Species Conservation Action Plans (SCAPs) and Transboundary Conservation Action Plans; 243 mobile fuel efficient stoves; 2.17 ha of Elephant grass (VA06) silage technology for cattle feed; Metal waterwheel technology (45 wooden waterwheels replaced with metal frames); Community tree nurseries for propagation of tree saplings/cuttings.,"Supporting: Habitat restoration, biodiversity monitoring, and long-term conservation of priority CR primate populations (Tonkin snub-nosed monkey, Cao Vit gibbon) and threatened tree species (magnolias, conifers). Provisioning: Alternative cattle feed (elephant grass silage) reducing free livestock grazing impacts, fuel efficient stoves saving 40-60% of fuelwood, reduced hardwood timber extraction through metal waterwheel implementation. Cultural: Environmental education programmes in secondary schools, community co-management empowerment, awareness raising via calendar distribution, and capacity building for local conservation actors.",https://www.cepf.net/grants/grantee-projects/empowering-local-communities-engage-conservation-and-management-priority-key; https://www.cepf.net/resources/final-project-report/final-project-report-1970,Grant and Project Co-Financing
124,Hoang Lien,103.870631,22.238499,National Park,"Critical Ecosystem Partnership Fund (CEPF) (Grant Amount: US$400,000.0). Additional funding providers (Total: US$273,755): Great Apes conservation fund of US Fish and Wildlife Services (USFW) (US$20,023 for Conservation of Tonkin snub-nosed monkey in Tung Vai), AZA Ape TAG (US$30,000 for Capacity building for Trung Khanh Cao Vit gibbon conservation), Twycross Zoo (US$6,960 for Salaries for CCTs in Trung Khanh for conservation of Cao Vit gibbon), FOTA (US$26,600 for Capacity development for co-management and conservation of western black-crested gibbon), Co-management Learning Network (CMLN) (US$10,833 to Strengthen co-management approach), Global Trees Campaign (GTC) (US$173,339 for Conservation of priority tree species Magnolias and conifers), and the Arcus Foundation (for development of conservation action plans for Cao Vit gibbon).","Fauna & Flora International (FFI) [Project Implementing Organization and Sub-grant provider], Centre for Plant Conservation (CPC) [Implementing components related to tree conservation at the selected sites and operating community nurseries], University of Colorado Boulder [Conducting monitoring and research on the Tonkin snub-nosed monkey in Khau Ca SHCA core zone], People Resources and Conservation Foundation (PRCF) [Leading habitat (forest) restoration work], Denver Zoo [Conducting education activities in surrounding villages of Khau Ca SHCA], Management Advisory Committees (MACs) / Tonkin Snub-nosed Monkey and Magnolia Management Committee [Broadening and improving decision making of protected areas and multi-stakeholders engagement in PA management], Community Conservation Teams (CCTs) [Species monitoring, forest patrolling and supporting law enforcement], Forest Protection Departments (FPD) and Management Boards [Centralized data management, law enforcement, and protected area management].","Local communities in 13 villages around Trung Khanh and 7 villages around Khau Ca. 243 households provided with mobile fuel efficient stoves; 70 households received VA06 grass seedlings. 10 CCT members in Tung Vai, 10 CCT members in Khau Ca, and 6 CCT members in Trung Khanh trained and employed. Secondary school students in Quan Ba and Trung Khanh engaged in outdoor environmental education. Total 280 men and 140 women benefiting from formal training and increased income. Flagship fauna/flora protected: Tonkin snub-nosed monkey (117-121 individuals in Khau Ca, 15-21 individuals in Tung Vai), Cao Vit gibbon (124-136 individuals), Magnolia grandis, Magnolia citrata, Magnolia megaphylla, Magnolia tonkinensis, Taxus chinensis, Tsuga chinensis, Nageia fleuryi, Pinus kwantungensis, Cupressus tonkinensis, Xanthocyparis vietnamensis, and Magnolia coriacea.","Tung Vai Forest (VNM100): 5,000 hectares in Tung Vai commune, Quan Ba district, Ha Giang province; Khau Ca Species Habitat Conservation Area (VNM50): 2,014 hectares (also cited as 2,024 ha) in Tung Ba commune, Vi Xuyen district and Yen Dinh and Minh Son communes, Bac Me district, Ha Giang province; Trung Khanh SHCA (VNM98): 5,736 hectares (plus 4,079 ha in neighboring protection forest buffer zone) in Ngoc Con, Ngoc Khe and Phong Nam communes, Trung Khanh district, Cao Bang province.",2014-2017,Community Conservation Teams (CCTs) utilizing Spatial Monitoring and Reporting Tool (SMART) for forest patrols; Management Advisory Committees (MACs); Species Conservation Action Plans (SCAPs) and Transboundary Conservation Action Plans; 243 mobile fuel efficient stoves; 2.17 ha of Elephant grass (VA06) silage technology for cattle feed; Metal waterwheel technology (45 wooden waterwheels replaced with metal frames); Community tree nurseries for propagation of tree saplings/cuttings.,"Supporting: Habitat restoration, biodiversity monitoring, and long-term conservation of priority CR primate populations (Tonkin snub-nosed monkey, Cao Vit gibbon) and threatened tree species (magnolias, conifers). Provisioning: Alternative cattle feed (elephant grass silage) reducing free livestock grazing impacts, fuel efficient stoves saving 40-60% of fuelwood, reduced hardwood timber extraction through metal waterwheel implementation. Cultural: Environmental education programmes in secondary schools, community co-management empowerment, awareness raising via calendar distribution, and capacity building for local conservation actors.",https://www.cepf.net/grants/grantee-projects/empowering-local-communities-engage-conservation-and-management-priority-key; https://www.cepf.net/resources/final-project-report/final-project-report-1970,Grant and Project Co-Financing
125,Du Gia,105.153149,22.901542,National Park,"Critical Ecosystem Partnership Fund (CEPF) (Grant Amount: US$400,000.0). Additional funding providers (Total: US$273,755): Great Apes conservation fund of US Fish and Wildlife Services (USFW) (US$20,023 for Conservation of Tonkin snub-nosed monkey in Tung Vai), AZA Ape TAG (US$30,000 for Capacity building for Trung Khanh Cao Vit gibbon conservation), Twycross Zoo (US$6,960 for Salaries for CCTs in Trung Khanh for conservation of Cao Vit gibbon), FOTA (US$26,600 for Capacity development for co-management and conservation of western black-crested gibbon), Co-management Learning Network (CMLN) (US$10,833 to Strengthen co-management approach), Global Trees Campaign (GTC) (US$173,339 for Conservation of priority tree species Magnolias and conifers), and the Arcus Foundation (for development of conservation action plans for Cao Vit gibbon).","Fauna & Flora International (FFI) [Project Implementing Organization and Sub-grant provider], Centre for Plant Conservation (CPC) [Implementing components related to tree conservation at the selected sites and operating community nurseries], University of Colorado Boulder [Conducting monitoring and research on the Tonkin snub-nosed monkey in Khau Ca SHCA core zone], People Resources and Conservation Foundation (PRCF) [Leading habitat (forest) restoration work], Denver Zoo [Conducting education activities in surrounding villages of Khau Ca SHCA], Management Advisory Committees (MACs) / Tonkin Snub-nosed Monkey and Magnolia Management Committee [Broadening and improving decision making of protected areas and multi-stakeholders engagement in PA management], Community Conservation Teams (CCTs) [Species monitoring, forest patrolling and supporting law enforcement], Forest Protection Departments (FPD) and Management Boards [Centralized data management, law enforcement, and protected area management].","Local communities in 13 villages around Trung Khanh and 7 villages around Khau Ca. 243 households provided with mobile fuel efficient stoves; 70 households received VA06 grass seedlings. 10 CCT members in Tung Vai, 10 CCT members in Khau Ca, and 6 CCT members in Trung Khanh trained and employed. Secondary school students in Quan Ba and Trung Khanh engaged in outdoor environmental education. Total 280 men and 140 women benefiting from formal training and increased income. Flagship fauna/flora protected: Tonkin snub-nosed monkey (117-121 individuals in Khau Ca, 15-21 individuals in Tung Vai), Cao Vit gibbon (124-136 individuals), Magnolia grandis, Magnolia citrata, Magnolia megaphylla, Magnolia tonkinensis, Taxus chinensis, Tsuga chinensis, Nageia fleuryi, Pinus kwantungensis, Cupressus tonkinensis, Xanthocyparis vietnamensis, and Magnolia coriacea.","Tung Vai Forest (VNM100): 5,000 hectares in Tung Vai commune, Quan Ba district, Ha Giang province; Khau Ca Species Habitat Conservation Area (VNM50): 2,014 hectares (also cited as 2,024 ha) in Tung Ba commune, Vi Xuyen district and Yen Dinh and Minh Son communes, Bac Me district, Ha Giang province; Trung Khanh SHCA (VNM98): 5,736 hectares (plus 4,079 ha in neighboring protection forest buffer zone) in Ngoc Con, Ngoc Khe and Phong Nam communes, Trung Khanh district, Cao Bang province.",2014-2017,Community Conservation Teams (CCTs) utilizing Spatial Monitoring and Reporting Tool (SMART) for forest patrols; Management Advisory Committees (MACs); Species Conservation Action Plans (SCAPs) and Transboundary Conservation Action Plans; 243 mobile fuel efficient stoves; 2.17 ha of Elephant grass (VA06) silage technology for cattle feed; Metal waterwheel technology (45 wooden waterwheels replaced with metal frames); Community tree nurseries for propagation of tree saplings/cuttings.,"Supporting: Habitat restoration, biodiversity monitoring, and long-term conservation of priority CR primate populations (Tonkin snub-nosed monkey, Cao Vit gibbon) and threatened tree species (magnolias, conifers). Provisioning: Alternative cattle feed (elephant grass silage) reducing free livestock grazing impacts, fuel efficient stoves saving 40-60% of fuelwood, reduced hardwood timber extraction through metal waterwheel implementation. Cultural: Environmental education programmes in secondary schools, community co-management empowerment, awareness raising via calendar distribution, and capacity building for local conservation actors.",https://www.cepf.net/grants/grantee-projects/empowering-local-communities-engage-conservation-and-management-priority-key; https://www.cepf.net/resources/final-project-report/final-project-report-1970,Grant and Project Co-Financing
126,Pu Mat,104.695387,18.938023,National Park,"Critical Ecosystem Partnership Fund (CEPF) (Grant Amount: US$400,000.0). Additional funding providers (Total: US$273,755): Great Apes conservation fund of US Fish and Wildlife Services (USFW) (US$20,023 for Conservation of Tonkin snub-nosed monkey in Tung Vai), AZA Ape TAG (US$30,000 for Capacity building for Trung Khanh Cao Vit gibbon conservation), Twycross Zoo (US$6,960 for Salaries for CCTs in Trung Khanh for conservation of Cao Vit gibbon), FOTA (US$26,600 for Capacity development for co-management and conservation of western black-crested gibbon), Co-management Learning Network (CMLN) (US$10,833 to Strengthen co-management approach), Global Trees Campaign (GTC) (US$173,339 for Conservation of priority tree species Magnolias and conifers), and the Arcus Foundation (for development of conservation action plans for Cao Vit gibbon).","Fauna & Flora International (FFI) [Project Implementing Organization and Sub-grant provider], Centre for Plant Conservation (CPC) [Implementing components related to tree conservation at the selected sites and operating community nurseries], University of Colorado Boulder [Conducting monitoring and research on the Tonkin snub-nosed monkey in Khau Ca SHCA core zone], People Resources and Conservation Foundation (PRCF) [Leading habitat (forest) restoration work], Denver Zoo [Conducting education activities in surrounding villages of Khau Ca SHCA], Management Advisory Committees (MACs) / Tonkin Snub-nosed Monkey and Magnolia Management Committee [Broadening and improving decision making of protected areas and multi-stakeholders engagement in PA management], Community Conservation Teams (CCTs) [Species monitoring, forest patrolling and supporting law enforcement], Forest Protection Departments (FPD) and Management Boards [Centralized data management, law enforcement, and protected area management].","Local communities in 13 villages around Trung Khanh and 7 villages around Khau Ca. 243 households provided with mobile fuel efficient stoves; 70 households received VA06 grass seedlings. 10 CCT members in Tung Vai, 10 CCT members in Khau Ca, and 6 CCT members in Trung Khanh trained and employed. Secondary school students in Quan Ba and Trung Khanh engaged in outdoor environmental education. Total 280 men and 140 women benefiting from formal training and increased income. Flagship fauna/flora protected: Tonkin snub-nosed monkey (117-121 individuals in Khau Ca, 15-21 individuals in Tung Vai), Cao Vit gibbon (124-136 individuals), Magnolia grandis, Magnolia citrata, Magnolia megaphylla, Magnolia tonkinensis, Taxus chinensis, Tsuga chinensis, Nageia fleuryi, Pinus kwantungensis, Cupressus tonkinensis, Xanthocyparis vietnamensis, and Magnolia coriacea.","Tung Vai Forest (VNM100): 5,000 hectares in Tung Vai commune, Quan Ba district, Ha Giang province; Khau Ca Species Habitat Conservation Area (VNM50): 2,014 hectares (also cited as 2,024 ha) in Tung Ba commune, Vi Xuyen district and Yen Dinh and Minh Son communes, Bac Me district, Ha Giang province; Trung Khanh SHCA (VNM98): 5,736 hectares (plus 4,079 ha in neighboring protection forest buffer zone) in Ngoc Con, Ngoc Khe and Phong Nam communes, Trung Khanh district, Cao Bang province.",2014-2017,Community Conservation Teams (CCTs) utilizing Spatial Monitoring and Reporting Tool (SMART) for forest patrols; Management Advisory Committees (MACs); Species Conservation Action Plans (SCAPs) and Transboundary Conservation Action Plans; 243 mobile fuel efficient stoves; 2.17 ha of Elephant grass (VA06) silage technology for cattle feed; Metal waterwheel technology (45 wooden waterwheels replaced with metal frames); Community tree nurseries for propagation of tree saplings/cuttings.,"Supporting: Habitat restoration, biodiversity monitoring, and long-term conservation of priority CR primate populations (Tonkin snub-nosed monkey, Cao Vit gibbon) and threatened tree species (magnolias, conifers). Provisioning: Alternative cattle feed (elephant grass silage) reducing free livestock grazing impacts, fuel efficient stoves saving 40-60% of fuelwood, reduced hardwood timber extraction through metal waterwheel implementation. Cultural: Environmental education programmes in secondary schools, community co-management empowerment, awareness raising via calendar distribution, and capacity building for local conservation actors.",https://www.cepf.net/grants/grantee-projects/empowering-local-communities-engage-conservation-and-management-priority-key; https://www.cepf.net/resources/final-project-report/final-project-report-1970,Grant and Project Co-Financing
127,Phong Quang,104.915287,22.928231,Nature Reserve,"Critical Ecosystem Partnership Fund (CEPF) [$109,999.97]; Payment for Forest Ecosystem Services (PFES) [funds dispersed to forest owners, communes, and households via a management board, covers 10-15% of salaries for Community Conservation Teams]; Additional Funding [$373,000.00]","Fauna & Flora International - HQ [Organization's Legal Name, main implementing organization]; Tuyen Quang Provincial Peopleâ€™s Committee (PPC) [provides strategic direction, approves project-related activities, and ensures coordination among relevant departments and local authorities]; Tuyen Quang Department of Agriculture and Rural Development (DARD) [provides oversight and technical guidance for conservation activities and ensures alignment with provincial forestry strategies and regulations]; Tuyen Quang Forest Protection Department (FPD) [serves as Fauna & Floraâ€™s main government partner, overseeing and directing subordinate agencies to implement activities at the project sites]; Du Gia National Park Management Board [manages the day-to-day operations of the Community Conservation Teams (CCTs) at Khau Ca, facilitates all project activities at the site, and supports local administrative procedures]; FPD Zone XIV [manages the daily operations of CCTs, implements field-level activities, and assists with local administrative procedures in the designated project area]; FPD Zone XV [is responsible for managing CCT operations, supporting on-the-ground project implementation, and coordinating administrative processes within its jurisdiction]; Management Advisory Committee (MAC) of Khau Ca [ensures inclusive and participatory conservation, representing local communities]; Conservation Impact [CSO implementing the project element related to communications at schools]; Socodevi [partnership to conserve biodiversity and promote gender equity at the project site]","30,500 individuals (15,000 males, 15,500 females) in local communities: Tung Ba, Minh Son, Yen Dinh, Du Gia, Bat Dai Son, Tung Vai, Cao Ma Po, Ta Van; 5 Hmong households inside Du Gia - Dong Van National Park; 5 Community Conservation Teams (CCTs) with 15 members; Species Monitoring Teams (SMTs); 130 men and 100 women trained (in forest management, biodiversity monitoring, sustainable livelihoods); 460 men and 460 women receiving cash benefits (engaged in forest protection, patrol, tree plantings, weeding); Threatened species: Tonkin snub-nosed monkey (Rhinopithecus avunculus) [CR], Magnolia grandis [CR]","17,024 hectares total (Khau Ca: 2,024 hectares, Du Gia: 13,000 hectares, Tung Vai: 2,000 hectares). Located in Tuyen Quang (formerly Ha Giang) Province, Vietnam, specifically Khau Ca Species and Habitat Conservation Area (SHCA), Tung Vai Watershed Protection Forest, Du Gia - Dong Van National Park, and Din Dam area of Tung Ba commune.",2023-2025,"Technical frameworks: Community-based SMART monitoring framework and data models (using SOP guidelines, field manuals, heatmaps, occupancy maps); Systematic 2x2 km grid-based biodiversity survey; Online back-to-office reporting system using Survey123. Governance platforms: Management Advisory Committee (MAC) strengthening; Official and legal forest protection/management contracts. Community-work plans: Participatory land use planning; Health and Safety Plan; Grievance Redress Mechanism. Livelihood commodities: Planting of native food tree species (10,000 Bischofia javanica and 10,572 Burretiodendron hsienmu seedlings, total 23,320 trees); Sustainable cardamom cultivation and enrichment planting; Ginger products cultivation; Agriculture and livestock support models; Income model group formation.","Supporting: Habitat refuge for the Critically Endangered Tonkin snub-nosed monkey, Magnolia grandis, and numerous other threatened and endemic flora and fauna; Forest regeneration, increased forest canopy cover, and improved habitat quality; Restoring and maintaining habitat connectivity (Khau Ca - Du Gia Corridor and Quan Ba - Phong Quang Corridor). Provisioning: Watershed protection; Soil conservation; Carbon sequestration; Livelihood commodities (ginger products, sustainable cardamom cultivation, agriculture and livestock). Cultural: Awareness-raising activities for nearly 30,000 people; Communications at schools; Community empowerment through capacity building in forest management and biodiversity monitoring; Preservation of indigenous customary tenure and traditional land use for Hmong households.",https://www.cepf.net/grants/grantee-projects/engaging-local-stakeholders-conserve-tonkin-snub-nosed-monkey-vietnam; https://www.cepf.net/resources/final-project-report/final-completion-and-impact-report-113639,"Grant, Payment for Forest Ecosystem Services (PFES)"
128,Bat Dai Son,104.989262,23.126729,Nature Reserve,"Critical Ecosystem Partnership Fund (CEPF) [$109,999.97]; Payment for Forest Ecosystem Services (PFES) [funds dispersed to forest owners, communes, and households via a management board, covers 10-15% of salaries for Community Conservation Teams]; Additional Funding [$373,000.00]","Fauna & Flora International - HQ [Organization's Legal Name, main implementing organization]; Tuyen Quang Provincial Peopleâ€™s Committee (PPC) [provides strategic direction, approves project-related activities, and ensures coordination among relevant departments and local authorities]; Tuyen Quang Department of Agriculture and Rural Development (DARD) [provides oversight and technical guidance for conservation activities and ensures alignment with provincial forestry strategies and regulations]; Tuyen Quang Forest Protection Department (FPD) [serves as Fauna & Floraâ€™s main government partner, overseeing and directing subordinate agencies to implement activities at the project sites]; Du Gia National Park Management Board [manages the day-to-day operations of the Community Conservation Teams (CCTs) at Khau Ca, facilitates all project activities at the site, and supports local administrative procedures]; FPD Zone XIV [manages the daily operations of CCTs, implements field-level activities, and assists with local administrative procedures in the designated project area]; FPD Zone XV [is responsible for managing CCT operations, supporting on-the-ground project implementation, and coordinating administrative processes within its jurisdiction]; Management Advisory Committee (MAC) of Khau Ca [ensures inclusive and participatory conservation, representing local communities]; Conservation Impact [CSO implementing the project element related to communications at schools]; Socodevi [partnership to conserve biodiversity and promote gender equity at the project site]","30,500 individuals (15,000 males, 15,500 females) in local communities: Tung Ba, Minh Son, Yen Dinh, Du Gia, Bat Dai Son, Tung Vai, Cao Ma Po, Ta Van; 5 Hmong households inside Du Gia - Dong Van National Park; 5 Community Conservation Teams (CCTs) with 15 members; Species Monitoring Teams (SMTs); 130 men and 100 women trained (in forest management, biodiversity monitoring, sustainable livelihoods); 460 men and 460 women receiving cash benefits (engaged in forest protection, patrol, tree plantings, weeding); Threatened species: Tonkin snub-nosed monkey (Rhinopithecus avunculus) [CR], Magnolia grandis [CR]","17,024 hectares total (Khau Ca: 2,024 hectares, Du Gia: 13,000 hectares, Tung Vai: 2,000 hectares). Located in Tuyen Quang (formerly Ha Giang) Province, Vietnam, specifically Khau Ca Species and Habitat Conservation Area (SHCA), Tung Vai Watershed Protection Forest, Du Gia - Dong Van National Park, and Din Dam area of Tung Ba commune.",2023-2025,"Technical frameworks: Community-based SMART monitoring framework and data models (using SOP guidelines, field manuals, heatmaps, occupancy maps); Systematic 2x2 km grid-based biodiversity survey; Online back-to-office reporting system using Survey123. Governance platforms: Management Advisory Committee (MAC) strengthening; Official and legal forest protection/management contracts. Community-work plans: Participatory land use planning; Health and Safety Plan; Grievance Redress Mechanism. Livelihood commodities: Planting of native food tree species (10,000 Bischofia javanica and 10,572 Burretiodendron hsienmu seedlings, total 23,320 trees); Sustainable cardamom cultivation and enrichment planting; Ginger products cultivation; Agriculture and livestock support models; Income model group formation.","Supporting: Habitat refuge for the Critically Endangered Tonkin snub-nosed monkey, Magnolia grandis, and numerous other threatened and endemic flora and fauna; Forest regeneration, increased forest canopy cover, and improved habitat quality; Restoring and maintaining habitat connectivity (Khau Ca - Du Gia Corridor and Quan Ba - Phong Quang Corridor). Provisioning: Watershed protection; Soil conservation; Carbon sequestration; Livelihood commodities (ginger products, sustainable cardamom cultivation, agriculture and livestock). Cultural: Awareness-raising activities for nearly 30,000 people; Communications at schools; Community empowerment through capacity building in forest management and biodiversity monitoring; Preservation of indigenous customary tenure and traditional land use for Hmong households.",https://www.cepf.net/grants/grantee-projects/engaging-local-stakeholders-conserve-tonkin-snub-nosed-monkey-vietnam; https://www.cepf.net/resources/final-project-report/final-completion-and-impact-report-113639,"Grant, Payment for Forest Ecosystem Services (PFES)"
129,Na Hang,105.438352,22.495256,Nature Reserve,"Critical Ecosystem Partnership Fund (CEPF) - US$100,000","Center for Water Resources Conservation and Development (WARECOD) [facilitated establishment of co-management groups, provided support and capacity building via trainings, worked on revising regulations, developed communication plans, conducted safeguard monitoring assessments]; Department of Agriculture and Rural Development in TuyenQuang province [Provided comments on draft regulations, directed the district agriculture Division in facilitating and participating in activities, advised the province's People Committee in replicating the model]; TuyenQuang Department of Fishery [supported information about local and government policies related to aquatic resources conservation, received official documents and made suggestions]; Division of Agriculture and Rural Development in NaHang District [Provided comments and information about aquatic resources exploitation status, directed communes to co-ordinate with project's group, helped disseminate project information]; People's Committee in SonPhu commune and NaHang town [worked as direct local partners in establishing and maintaining two co-management groups]; People's Committee of NaHang district (NaHang DPC) [approved applications for managing aquatic resources, issued Decision #138/QÄ â€“ UBND mainstreaming regulations in villages' conventions, granted management right of 120ha surface water to Son Phu group]; Provincial People's Committee in TuyenQuang, CaoBang, HaGiang, and PhuTho [signed the Cooperating program about protecting and developing aquatic resources in the Lo-Gam rivers basin]; Vietnam Rivers Network (VRN) [hosted annual meeting for villagers to present their work]","Fishermen community and local people in Na Hang district (specifically Na Hang town and Son Phu commune); Na Hang co-management group (20 members); Son Phu co-management group (15 members); 40 households in Na Hang district surveyed for project impacts; hundreds of audiences reached through communication events; communities in the Lo-Gam rivers basin (TuyenQuang, CaoBang, HaGiang, and PhuTho provinces)","More than 120 hectares of surface water in the Na Hang reservoir (allocated to Son Phu group); area surrounding Ben Thuy; Mo and Pac Hau waterfalls in Na Hang district, Tuyen Quang province; Gam River basin",2015-2016,"Establishment of two co-management groups for aquatic resources; mainstreaming aquatic resources conservation regulations in villages' conventions; friendly-to-environment fishing tools (shrimp muzzle, wide-mesh nets) replacing destructive tools; transition from natural fishing to aquaculture and breeding valuable fish species; application of Forum Theatre method for community communication and conflict resolution; Cooperating program agreement for protecting aquatic resources in the Lo-Gam rivers basin","Provisioning services (sustainable aquatic resources, increased food security, aquaculture and breeding valuable fish species, increased fish yield in Pac Hau waterfall area); Supporting services (aquatic resources conservation, mitigation of destructive fishing, waste reduction and cleaning in Ben Thuy area, habitat protection in Na Hang reservoir); Cultural services (improved representation and decision-making in governance through co-management model, improved recognition of traditional knowledge, heightened environmental awareness via Forum Theatre)",https://www.cepf.net/grants/grantee-projects/enhancing-co-management-sustainable-aquatic-resources-tuyen-quang-province; https://www.cepf.net/resources/final-project-report/final-project-report-1925,Grant
130,Bat Dai Son,104.989262,23.126729,Nature Reserve,"Critical Ecosystem Partnership Fund (CEPF) (Grant No. CEPF-090 / CEPF-109104) providing USD 19,581","Center for Plant Conservation (CPC) (Project implementer, propagating plants, training CIG, leading surveys, organizing workshops); Ha Giang Provincial People's Committee (Collaborated for permission and conservation plans); Ha Giang Provincial Forest Protection Department (Collaborated for permission and conservation plans, enforcing law against illegal conifer products); Quan Ba Forest Protection Station (Collaborated for permission and conservation plans); Bat Dai Son Nature Reserve (Collaborated to monitor the nursery and human resources, source of seedlings/cuttings); Quan Ba District People's Committee (Collaborated to implement activities and recommend local members for CIG); People's Committee and communities in Can Ty, Bat Dai Son, Thanh Van, Dong Ha (Collaborated to implement activities and recommend CIG members); Fauna and Flora International (FFI) Vietnam (Collaborator from previous CEPF fund for Community-Based Conservation framework); IUCN Vietnam (Participant in workshops/meetings).","Targeted Flora: Critically Endangered Xanthocyparis vietnamensis, Endangered Taxus chinensis, Endangered Magnolia coriacea, and Calocedrus rupestris. Communities/Individuals: 19 individuals overall (13 men/boys, 6 women/girls) benefiting from formal training and increased income. Specifically: Conservation Interest Group (CIG) consisting of 8 local members trained; Dao community (2 men, 2 women); Hâ€™Mong community (5 men, 2 women); Tay community (4 men); Ray community (1 man, 1 woman); Kinh community (1 man, 1 woman). Tourists: Millions of tourists visiting Dong Van - Meo Vac Karst informed by signboards.","Bat Dai Son Nature Reserve, Can Ty, Thanh Van, Dong Ha, and Bat Dai Son communes (Quan Ba district), and Tung Vai commune in Ha Giang province. The Extent of Occurrence (EOO) of the priority species was assessed as 32 km2, and Area of Occupancy (AOO) as 15 km2.",2018-2019,"Community-Based Conservation of Xanthocyparis framework; formation of a Conservation Interest Group (CIG) for regular monitoring, in-situ protection, and seedling replantation; upgrading of a local nursery (>100 square meters) with shade and water systems for cutting propagations; planting mapping; development of a draft Species Conservation Plan; installation of 2 educational signboards.","Supporting: Habitat refuge and population restoration for threatened plant species (Xanthocyparis vietnamensis, Calocedrus rupestris, Taxus chinensis, Magnolia coriacea) in natural limestone karsts and community forests. Provisioning: N/A. Cultural: Educational awareness for local communities and tourists via signboards along Dong Van - Meo Vac Karst.",https://www.cepf.net/grants/grantee-projects/enhancing-role-local-communities-conserving-threatened-plant-species-bat-dai; https://www.cepf.net/resources/final-project-report/final-project-report-2799,Small Grant
131,Na Hang,105.438352,22.495256,Nature Reserve,"Critical Ecosystem Partnership Fund (CEPF) - $19,985","Center for Water Resources Conservation and Development (WARECOD) [Project Implementer/Grantee; organizing meetings, conducting surveys, developing policy recommendations]; Tuyen Quang Department of Agriculture and Rural Development [Participating in meetings, monitoring fishing activities, discussing future activities]; Tuyen Quang Department of Natural Resources and Environment [Participating in meetings, monitoring fishing activities]; Tuyen Quang Department of Fisheries [Providing feedback on the co-management model]; Na Hang Peopleâ€™s Committee [Participating in meetings, receiving guidance documents]; Na Hang districtâ€™s Division of Agriculture and Rural Development [Including fisheries co-management in action plan, providing comments]; Na Hang districtâ€™s Division of Natural Resources and Environment [Participating in meetings]; Na Hang districtâ€™s Division of Justice [Helping the Na Hang group revise their regulations]; Commune authorities of Na Hang, Da Vi, Nang Kha, Yen Hoa, and Son Phu [Participating in meetings]; Tuyen Quang Hydropower Plant Management Board [Participating in stakeholder meetings]; Inter-agency team of forest patrols and waterway patrols [Monitoring fishing activities]; 'Listen From The Gaps â€“ LFTG' student group [Helping prepare questionnaires, facilitating community group discussions, participating in surveys]","Fisher communities in Na Hang town and 5 other communes (Son Phu, Da Vi, Yen Hoa, Khau Tinh, and Nang Kha); 73 households engaged in catching aquatic natural resources and aquaculture; 31 workshop participants including fish traders and local authorities; Members of the 'Listen From The Gaps â€“ LFTG' student group; Populations of threatened and endemic freshwater species","Tuyen Quang Reservoir, Na Hang District, Tuyen Quang Province, Northern Viet Nam (including Na Hang town, communes of Son Phu, Da Vi, Yen Hoa, Khau Tinh, and Nang Kha, as well as Mo waterfall and Dau Dang waterfall). Precise size in hectares/sq km is N/A.",2014-2015,Fisheries co-management mechanisms/models; establishment of co-management groups; dialogues between fisher communities and local authorities; policy recommendations and detailed guidelines in support of Decision No 01/2013/QD-UBND; community-proposed regulations; designation of surface water area to communities for management; communication and awareness raising activities to eliminate destructive fishing tools,"Provisioning: Aquatic natural resources, sustainable livelihoods, food security, fish populations. Supporting: Populations of threatened and endemic freshwater species, aquatic resources conservation.",https://www.cepf.net/grants/grantee-projects/evaluation-co-management-alternative-model-aquatic-resource-conservation; https://www.cepf.net/resources/final-project-report/final-project-report-537,Grant
132,Xuan Thuy,106.541873,20.228911,National Park,"Critical Ecosystem Partnership Fund (CEPF) (Total amount: USD 19,992). No line-item breakdown is provided.","Centre for People and Nature Reconciliation (PanNature) [Coordination and implementation of all project activities]; IUCN [Participated in consultation workshop, provided literature via Protected Area Working Group, acted as CEPF Regional Implementation Team (RIT)]; Ministry of Agriculture and Rural Development (Conservation Department/VNFOREST) [Partners in the study, policy makers informed about needs and hopes of communities, participated in consultation workshop]; Local governments at district, communal, and provincial levels, including Ha Giang Province Forest Protection Department [Assigned a focal person for project implementation, engaged in planning, designing methodologies, research, clarification of local context, communication with local people]; Viet Nam University of Forestry / Vietnam Forestry University [Provided 2 consultants for rapid flora and fauna surveys, participated in consultation workshop]; PRCF [Participated in consultation workshop].","Local ethnic communities in Xin Man District (households in Na Chi, Thong Nguyen, and Nam Dan communes, specifically the villages of Thom Tho, Na Lan, Khau Lau, Ngáº£i LÃ´m, and Náº¥m Chanh); 145 households interviewed; 120 householders participated in 6 village meetings; 20 local authorities (including district forest rangers, officers of Xin Man people committee, forestry officers, Department of Environment of Ha Giang) whose knowledge of biodiversity conservation was enhanced; Flagship fauna/flora protected include 28 mammal species, 66 bird species, 23 reptile species, 16 amphibian species, and 803 flora species, many of which are listed as Vulnerable or Endangered species under the IUCN Red List and Vietnam Red Book.","Xin Man district (including Na Chi, Thong Nguyen, and Nam Dan communes), Ha Giang Province, Northern Vietnam, focusing precisely on Thac Tien - Deo Gio forest. Area size (hectares/square kilometers): N/A.",2014-2015,Facilitation process for the establishment of a community-managed protected area (CPA); community organization for forest management; traditional institutional arrangements with customary laws; utilization of non-timber forest products (NTFPs) for livelihood improvements; participatory rural appraisal (PRA) tools; and integration of community tenure rights into the new Forestry Law 2017 (specifically recognizing sacred/spiritual forests and watershed protection forests of communities).,"Provisioning: Providing water, providing non-timber forest products (NTFPs) for daily use and livelihood improvements. Cultural: Preserving traditional knowledge and cultures of local communities, maintaining strong spiritual links with nature and the forest, and protecting sacred/spiritual forests. Supporting: Conserving biodiversity value, preserving natural forests, and providing habitat refuge for 28 mammal species, 66 bird species, 23 reptile species, 16 amphibian species, and 803 flora species.",https://www.cepf.net/grants/grantee-projects/feasibility-study-establishment-community-managed-protected-area-na-chi; https://www.cepf.net/resources/final-project-report/final-project-report-2212,Small Grant
133,Pu Hu,104.895,20.4915,Nature Reserve,"Critical Ecosystem Partnership Fund (Grant Amount: US$42,855.00), Vietnam National University (Regional/Portfolio leveraging: US$3,800), Centre for Natural Resources and Environmental Studies (In-Kind: US$600), Turtle Conservation Fund (Regional/Portfolio leveraging: US$4,950), Asian Turtle Program (In-Kind: US$3,190)","Centre for Natural Resources and Environmental Studies (CRES) [Grantee, coordinated survey activities, employed researcher, conducted data analysis, authored reports, developed conservation strategies], Cleveland Metroparks Zooâ€™s Asian Turtle Program (ATP) [Implementation Partner, collaborated on survey plans, hired field staff, conducted interview and field surveys, managed distribution database, collaborated on data analysis and report writing, developed conservation strategies], Forest Protection Department (FPD) [Collaborated on field surveys and received survey reports]","Local communities (around Son La, Tuyen Quang, Thanh Hoa, Ha Tinh, and Nghe An provinces), local hunters and trappers, protected area management staff, forest guards, provincial and national wildlife protection authorities. Targeted threatened fauna: Indochinese Box Turtle (Cuora galbinifrons), Four-eyed Turtle (Sacalia quadriocellata), Impressed Tortoise (Manouria impressa), Wattle-necked Softshell (Palea steindechneri), Big-headed Turtle (Platysternon megacephalum), Keeled Box Turtle (Cuora mouhotii), Rafetus swinhoei, Cuora zhoui, Geoemyda spengleri, Vietnam Leaf-nosed Bat, and 43 bat species recorded in Pu Mat National Park.","0 hectares protected (as explicitly stated in the report). Geographically located in Northern and Central Vietnam across Son La, Tuyen Quang, Thanh Hoa, Ha Tinh, and Nghe An provinces.",2010-2011,"Interview surveys, standard non-lethal aquatic traps, hunting dogs, timed and walked transects, pit fall traps, mist nets (various sizes), harp traps, standardized data collection forms, photographic records, tissue and blood sampling, unique individual identification marking, digital distribution mapping databases, community awareness meetings, action plans, and conservation recommendations.",Supporting: Habitat refuge and biodiversity conservation for globally threatened bat and turtle species across protected natural forests. Provisioning: N/A. Cultural: Educational awareness raising for local communities and enhanced scientific knowledge for protected area management staff.,https://www.cepf.net/grants/grantee-projects/identifying-priority-populations-and-reviewing-current-known-distributions; https://www.cepf.net/resources/final-project-report/final-project-report-1383,"Grant, Regional/Portfolio leveraging, In-Kind"
134,Pu Hu,104.895,20.4915,Nature Reserve,"Grant Amount: US$ 1,902.00, Co-Financing in-Kind: US$ 1,400.00","Centre for Environment and development, Union of Associations of Nghe An Province [Grantee]; GEF/SGP [review and appraisal]","Local communities in Chau Thai, Chau Cuong and Chau Thanh communes of Quy Hop District, local authorities, relevant agencies","Boundary areas in the three communes of Chau Thai, Chau Cuong and Chau Thanh of Quy Hop District, adjacent areas of Pu Huong Nature Reserve",N/A,"Conducting surveys on socio-economic conditions, identifying proposed project objectives and assessing feasibility, providing needed technical assistance in project design and writing project proposal, building and enhancing local capacity for implementation of a co-management mechanism in forest protection","Forest protection and management, controlling illegal forest logging and forest thief",https://www.sgp.undp.org/spacial-itemid-projects-landing-page/spacial-itemid-project-search-results/spacial-itemid-project-detailpage.html?view=projectdetail&id=10618,
135,Pu Mat,104.695387,18.938023,National Park,"Critical Ecosystem Partnership Fund (Grant Amount: US$42,855.00), Vietnam National University (Regional/Portfolio leveraging: US$3,800), Centre for Natural Resources and Environmental Studies (In-Kind: US$600), Turtle Conservation Fund (Regional/Portfolio leveraging: US$4,950), Asian Turtle Program (In-Kind: US$3,190)","Centre for Natural Resources and Environmental Studies (CRES) [Grantee, coordinated survey activities, employed researcher, conducted data analysis, authored reports, developed conservation strategies], Cleveland Metroparks Zooâ€™s Asian Turtle Program (ATP) [Implementation Partner, collaborated on survey plans, hired field staff, conducted interview and field surveys, managed distribution database, collaborated on data analysis and report writing, developed conservation strategies], Forest Protection Department (FPD) [Collaborated on field surveys and received survey reports]","Local communities (around Son La, Tuyen Quang, Thanh Hoa, Ha Tinh, and Nghe An provinces), local hunters and trappers, protected area management staff, forest guards, provincial and national wildlife protection authorities. Targeted threatened fauna: Indochinese Box Turtle (Cuora galbinifrons), Four-eyed Turtle (Sacalia quadriocellata), Impressed Tortoise (Manouria impressa), Wattle-necked Softshell (Palea steindechneri), Big-headed Turtle (Platysternon megacephalum), Keeled Box Turtle (Cuora mouhotii), Rafetus swinhoei, Cuora zhoui, Geoemyda spengleri, Vietnam Leaf-nosed Bat, and 43 bat species recorded in Pu Mat National Park.","0 hectares protected (as explicitly stated in the report). Geographically located in Northern and Central Vietnam across Son La, Tuyen Quang, Thanh Hoa, Ha Tinh, and Nghe An provinces.",2010-2011,"Interview surveys, standard non-lethal aquatic traps, hunting dogs, timed and walked transects, pit fall traps, mist nets (various sizes), harp traps, standardized data collection forms, photographic records, tissue and blood sampling, unique individual identification marking, digital distribution mapping databases, community awareness meetings, action plans, and conservation recommendations.",Supporting: Habitat refuge and biodiversity conservation for globally threatened bat and turtle species across protected natural forests. Provisioning: N/A. Cultural: Educational awareness raising for local communities and enhanced scientific knowledge for protected area management staff.,https://www.cepf.net/grants/grantee-projects/identifying-priority-populations-and-reviewing-current-known-distributions; https://www.cepf.net/resources/final-project-report/final-project-report-1383,"Grant, Regional/Portfolio leveraging, In-Kind"
136,Xuan Nha,104.717009,20.656421,Nature Reserve,"Critical Ecosystem Partnership Fund (Grant Amount: US$42,855.00), Vietnam National University (Regional/Portfolio leveraging: US$3,800), Centre for Natural Resources and Environmental Studies (In-Kind: US$600), Turtle Conservation Fund (Regional/Portfolio leveraging: US$4,950), Asian Turtle Program (In-Kind: US$3,190)","Centre for Natural Resources and Environmental Studies (CRES) [Grantee, coordinated survey activities, employed researcher, conducted data analysis, authored reports, developed conservation strategies], Cleveland Metroparks Zooâ€™s Asian Turtle Program (ATP) [Implementation Partner, collaborated on survey plans, hired field staff, conducted interview and field surveys, managed distribution database, collaborated on data analysis and report writing, developed conservation strategies], Forest Protection Department (FPD) [Collaborated on field surveys and received survey reports]","Local communities (around Son La, Tuyen Quang, Thanh Hoa, Ha Tinh, and Nghe An provinces), local hunters and trappers, protected area management staff, forest guards, provincial and national wildlife protection authorities. Targeted threatened fauna: Indochinese Box Turtle (Cuora galbinifrons), Four-eyed Turtle (Sacalia quadriocellata), Impressed Tortoise (Manouria impressa), Wattle-necked Softshell (Palea steindechneri), Big-headed Turtle (Platysternon megacephalum), Keeled Box Turtle (Cuora mouhotii), Rafetus swinhoei, Cuora zhoui, Geoemyda spengleri, Vietnam Leaf-nosed Bat, and 43 bat species recorded in Pu Mat National Park.","0 hectares protected (as explicitly stated in the report). Geographically located in Northern and Central Vietnam across Son La, Tuyen Quang, Thanh Hoa, Ha Tinh, and Nghe An provinces.",2010-2011,"Interview surveys, standard non-lethal aquatic traps, hunting dogs, timed and walked transects, pit fall traps, mist nets (various sizes), harp traps, standardized data collection forms, photographic records, tissue and blood sampling, unique individual identification marking, digital distribution mapping databases, community awareness meetings, action plans, and conservation recommendations.",Supporting: Habitat refuge and biodiversity conservation for globally threatened bat and turtle species across protected natural forests. Provisioning: N/A. Cultural: Educational awareness raising for local communities and enhanced scientific knowledge for protected area management staff.,https://www.cepf.net/grants/grantee-projects/identifying-priority-populations-and-reviewing-current-known-distributions; https://www.cepf.net/resources/final-project-report/final-project-report-1383,"Grant, Regional/Portfolio leveraging, In-Kind"
137,Vu Quang,105.41436,18.28042,National Park,"Critical Ecosystem Partnership Fund (Grant Amount: US$42,855.00), Vietnam National University (Regional/Portfolio leveraging: US$3,800), Centre for Natural Resources and Environmental Studies (In-Kind: US$600), Turtle Conservation Fund (Regional/Portfolio leveraging: US$4,950), Asian Turtle Program (In-Kind: US$3,190)","Centre for Natural Resources and Environmental Studies (CRES) [Grantee, coordinated survey activities, employed researcher, conducted data analysis, authored reports, developed conservation strategies], Cleveland Metroparks Zooâ€™s Asian Turtle Program (ATP) [Implementation Partner, collaborated on survey plans, hired field staff, conducted interview and field surveys, managed distribution database, collaborated on data analysis and report writing, developed conservation strategies], Forest Protection Department (FPD) [Collaborated on field surveys and received survey reports]","Local communities (around Son La, Tuyen Quang, Thanh Hoa, Ha Tinh, and Nghe An provinces), local hunters and trappers, protected area management staff, forest guards, provincial and national wildlife protection authorities. Targeted threatened fauna: Indochinese Box Turtle (Cuora galbinifrons), Four-eyed Turtle (Sacalia quadriocellata), Impressed Tortoise (Manouria impressa), Wattle-necked Softshell (Palea steindechneri), Big-headed Turtle (Platysternon megacephalum), Keeled Box Turtle (Cuora mouhotii), Rafetus swinhoei, Cuora zhoui, Geoemyda spengleri, Vietnam Leaf-nosed Bat, and 43 bat species recorded in Pu Mat National Park.","0 hectares protected (as explicitly stated in the report). Geographically located in Northern and Central Vietnam across Son La, Tuyen Quang, Thanh Hoa, Ha Tinh, and Nghe An provinces.",2010-2011,"Interview surveys, standard non-lethal aquatic traps, hunting dogs, timed and walked transects, pit fall traps, mist nets (various sizes), harp traps, standardized data collection forms, photographic records, tissue and blood sampling, unique individual identification marking, digital distribution mapping databases, community awareness meetings, action plans, and conservation recommendations.",Supporting: Habitat refuge and biodiversity conservation for globally threatened bat and turtle species across protected natural forests. Provisioning: N/A. Cultural: Educational awareness raising for local communities and enhanced scientific knowledge for protected area management staff.,https://www.cepf.net/grants/grantee-projects/identifying-priority-populations-and-reviewing-current-known-distributions; https://www.cepf.net/resources/final-project-report/final-project-report-1383,"Grant, Regional/Portfolio leveraging, In-Kind"
138,Ba Be,105.6212545,22.41959266,National Park; Wetland of International Importance (Ramsar Site),"Critical Ecosystem Partnership Fund (Grant Amount: US$42,855.00), Vietnam National University (Regional/Portfolio leveraging: US$3,800), Centre for Natural Resources and Environmental Studies (In-Kind: US$600), Turtle Conservation Fund (Regional/Portfolio leveraging: US$4,950), Asian Turtle Program (In-Kind: US$3,190)","Centre for Natural Resources and Environmental Studies (CRES) [Grantee, coordinated survey activities, employed researcher, conducted data analysis, authored reports, developed conservation strategies], Cleveland Metroparks Zooâ€™s Asian Turtle Program (ATP) [Implementation Partner, collaborated on survey plans, hired field staff, conducted interview and field surveys, managed distribution database, collaborated on data analysis and report writing, developed conservation strategies], Forest Protection Department (FPD) [Collaborated on field surveys and received survey reports]","Local communities (around Son La, Tuyen Quang, Thanh Hoa, Ha Tinh, and Nghe An provinces), local hunters and trappers, protected area management staff, forest guards, provincial and national wildlife protection authorities. Targeted threatened fauna: Indochinese Box Turtle (Cuora galbinifrons), Four-eyed Turtle (Sacalia quadriocellata), Impressed Tortoise (Manouria impressa), Wattle-necked Softshell (Palea steindechneri), Big-headed Turtle (Platysternon megacephalum), Keeled Box Turtle (Cuora mouhotii), Rafetus swinhoei, Cuora zhoui, Geoemyda spengleri, Vietnam Leaf-nosed Bat, and 43 bat species recorded in Pu Mat National Park.","0 hectares protected (as explicitly stated in the report). Geographically located in Northern and Central Vietnam across Son La, Tuyen Quang, Thanh Hoa, Ha Tinh, and Nghe An provinces.",2010-2011,"Interview surveys, standard non-lethal aquatic traps, hunting dogs, timed and walked transects, pit fall traps, mist nets (various sizes), harp traps, standardized data collection forms, photographic records, tissue and blood sampling, unique individual identification marking, digital distribution mapping databases, community awareness meetings, action plans, and conservation recommendations.",Supporting: Habitat refuge and biodiversity conservation for globally threatened bat and turtle species across protected natural forests. Provisioning: N/A. Cultural: Educational awareness raising for local communities and enhanced scientific knowledge for protected area management staff.,https://www.cepf.net/grants/grantee-projects/identifying-priority-populations-and-reviewing-current-known-distributions; https://www.cepf.net/resources/final-project-report/final-project-report-1383,"Grant, Regional/Portfolio leveraging, In-Kind"
139,Tay Con Linh,104.837032,22.800608,Nature Reserve,"Critical Ecosystem Partnership Fund (Grant Amount: US$42,855.00), Vietnam National University (Regional/Portfolio leveraging: US$3,800), Centre for Natural Resources and Environmental Studies (In-Kind: US$600), Turtle Conservation Fund (Regional/Portfolio leveraging: US$4,950), Asian Turtle Program (In-Kind: US$3,190)","Centre for Natural Resources and Environmental Studies (CRES) [Grantee, coordinated survey activities, employed researcher, conducted data analysis, authored reports, developed conservation strategies], Cleveland Metroparks Zooâ€™s Asian Turtle Program (ATP) [Implementation Partner, collaborated on survey plans, hired field staff, conducted interview and field surveys, managed distribution database, collaborated on data analysis and report writing, developed conservation strategies], Forest Protection Department (FPD) [Collaborated on field surveys and received survey reports]","Local communities (around Son La, Tuyen Quang, Thanh Hoa, Ha Tinh, and Nghe An provinces), local hunters and trappers, protected area management staff, forest guards, provincial and national wildlife protection authorities. Targeted threatened fauna: Indochinese Box Turtle (Cuora galbinifrons), Four-eyed Turtle (Sacalia quadriocellata), Impressed Tortoise (Manouria impressa), Wattle-necked Softshell (Palea steindechneri), Big-headed Turtle (Platysternon megacephalum), Keeled Box Turtle (Cuora mouhotii), Rafetus swinhoei, Cuora zhoui, Geoemyda spengleri, Vietnam Leaf-nosed Bat, and 43 bat species recorded in Pu Mat National Park.","0 hectares protected (as explicitly stated in the report). Geographically located in Northern and Central Vietnam across Son La, Tuyen Quang, Thanh Hoa, Ha Tinh, and Nghe An provinces.",2010-2011,"Interview surveys, standard non-lethal aquatic traps, hunting dogs, timed and walked transects, pit fall traps, mist nets (various sizes), harp traps, standardized data collection forms, photographic records, tissue and blood sampling, unique individual identification marking, digital distribution mapping databases, community awareness meetings, action plans, and conservation recommendations.",Supporting: Habitat refuge and biodiversity conservation for globally threatened bat and turtle species across protected natural forests. Provisioning: N/A. Cultural: Educational awareness raising for local communities and enhanced scientific knowledge for protected area management staff.,https://www.cepf.net/grants/grantee-projects/identifying-priority-populations-and-reviewing-current-known-distributions; https://www.cepf.net/resources/final-project-report/final-project-report-1383,"Grant, Regional/Portfolio leveraging, In-Kind"
140,Bac Me,105.213119,22.710358,Nature Reserve,"Critical Ecosystem Partnership Fund (CEPF) - US$ 20,000","Center for Water Resource Conservation and Development (WARECOD) [Project Implementer]; The Division of Natural Resources and Environment of Bac Me District [Key partner and supporter, provided staff support and consultation]; Bac Me District and communes' People Committees [Supported with administrative procedures, provided reports/documents on socio-economic conditions, advised on research locations]; Division of Agriculture and Rural Development of Bac Me District [Provided information on agricultural activities, helped identify negative impacts on local communities, discussed potential solutions]; Khau Ca Species and Habitat Conservation Area (Management Board) [Provided information on conservation personnel, financial resources, roles of officers, shared potential difficulties and challenges]; Ha Giang Department of Natural Resources and Environment [Helped understand policies and programs, provided list of organizations working on conservation in Ha Giang Province]; Fauna & Flora International [Shared experience, difficulties and advantages of working in Phia Deng]; Minh Son Commune People's Committee (Minh Son CPC) [Collaborated to organize the opening workshop]","50-250 people in Phia Deng village (Subsistence economy, small landowners, indigenous/ethnic peoples - Dao people); Thaibaan research group consisting of 15 villagers (9 women and 6 men); 15 households explicitly mentioned in rice field survey; Tonkin snub-nosed monkeys (threatened flagship fauna)","Phia Deng village, Minh Son commune, Bac Me District, Ha Giang Province, Vietnam. Located within the Sino-Vietnamese Limestone priority corridor, buffer zone of Khau Ca SHCA.",2016,Thaibaan research method; Indicators of resilience in socio-ecological production landscape; Establishment of a Thaibaan research team; Conservation club,"Supporting: Biodiversity conservation, habitat refuge for Tonkin snub-nosed monkeys, forest protection; Provisioning: Non-timber products, agricultural production (rice fields); Cultural: Dao traditional customs and folk songs, indigenous knowledge, traditional lifestyle, community relations, village history",https://www.cepf.net/grants/grantee-projects/impacts-khau-ca-species-and-habitat-conservation-area-establishment; https://www.cepf.net/resources/final-project-report/final-project-report-40,Grant
141,Na Hang,105.438352,22.495256,Nature Reserve,"Critical Ecosystem Partnership Fund (CEPF) - US$ 20,000","Center for Water Resource Conservation and Development (WARECOD) [Project Implementer]; The Division of Natural Resources and Environment of Bac Me District [Key partner and supporter, provided staff support and consultation]; Bac Me District and communes' People Committees [Supported with administrative procedures, provided reports/documents on socio-economic conditions, advised on research locations]; Division of Agriculture and Rural Development of Bac Me District [Provided information on agricultural activities, helped identify negative impacts on local communities, discussed potential solutions]; Khau Ca Species and Habitat Conservation Area (Management Board) [Provided information on conservation personnel, financial resources, roles of officers, shared potential difficulties and challenges]; Ha Giang Department of Natural Resources and Environment [Helped understand policies and programs, provided list of organizations working on conservation in Ha Giang Province]; Fauna & Flora International [Shared experience, difficulties and advantages of working in Phia Deng]; Minh Son Commune People's Committee (Minh Son CPC) [Collaborated to organize the opening workshop]","50-250 people in Phia Deng village (Subsistence economy, small landowners, indigenous/ethnic peoples - Dao people); Thaibaan research group consisting of 15 villagers (9 women and 6 men); 15 households explicitly mentioned in rice field survey; Tonkin snub-nosed monkeys (threatened flagship fauna)","Phia Deng village, Minh Son commune, Bac Me District, Ha Giang Province, Vietnam. Located within the Sino-Vietnamese Limestone priority corridor, buffer zone of Khau Ca SHCA.",2016,Thaibaan research method; Indicators of resilience in socio-ecological production landscape; Establishment of a Thaibaan research team; Conservation club,"Supporting: Biodiversity conservation, habitat refuge for Tonkin snub-nosed monkeys, forest protection; Provisioning: Non-timber products, agricultural production (rice fields); Cultural: Dao traditional customs and folk songs, indigenous knowledge, traditional lifestyle, community relations, village history",https://www.cepf.net/grants/grantee-projects/impacts-khau-ca-species-and-habitat-conservation-area-establishment; https://www.cepf.net/resources/final-project-report/final-project-report-40,Grant
142,Cuc Phuong,105.607063,20.324884,National Park,"Critical Ecosystem Partnership Fund (CEPF) [$4,605.53]; CEPF Indochina Regional Implementation Team","Missouri Botanical Garden (Grantee, represented by 1 participant); Institute of Ecology & Biological Resources (Nominated 25 participants, allowed staff to travel on official business, facilitated passport applications); Vietnam Nature Museum (Nominated 1 participant, allowed staff to travel on official business, facilitated passport applications); Cuc Phuong National Park (Nominated 1 participant, allowed staff to travel on official business, facilitated passport applications); National Institute of Medicinal Materials (Nominated 1 participant, allowed staff to travel on official business, facilitated passport applications); Hanoi University of Science (Nominated 2 participants, allowed staff to travel on official business, facilitated passport applications); Ho Chi Minh City University of Natural Sciences (Nominated 3 participants, allowed staff to travel on official business, facilitated passport applications); Ho Chi Minh City Biotechnology Center (Nominated 1 participant, allowed staff to travel on official business, facilitated passport applications); Institute of Tropical Biology (Nominated 2 participants, allowed staff to travel on official business, facilitated passport applications); Vietnam Creatures (Nominated 1 participant, allowed staff to travel on official business, facilitated passport applications); Center for Plant Conservation (Local NGO, nominated 3 participants, allowed staff to travel on official business, facilitated passport applications); Komarov Botanical Institute (Represented by 2 participants)","20 junior scientists and students supported by the CEPF grant; 40 total Vietnamese participants and 3 non-Vietnamese symposium participants covered by stretched project funds; more than 160 delegates representing 17 countries at the symposium; Threatened plant diversity in Indochina including priority species discussed: cycads, conifers, magnolias, orchids, begonias, palms, aroids, and gingers.","N/A (Hectares Protected: not applicable); Indochina region (Cambodia, Laos, and Vietnam); Phnom Penh, Cambodia (Symposium venue)",2008,"First International Symposium on the Flora of Cambodia, Laos, and Vietnam; professional networking; international and transboundary cooperation; writing the Flora of Vietnam; generation of scientific knowledge and primary baseline data; contributed paper and poster presentations (eight papers and eight posters presented).","Supporting (conservation of threatened plant diversity, primary baseline data for sound decision-making, plant taxonomy, plant geography, ethnobotany, GIS and informatics, conservation of national parks).",https://www.cepf.net/grants/grantee-projects/improving-linkages-collaborative-research-and-conservation-plants-indochina; https://www.cepf.net/resources/final-project-report/final-project-report-2129,Small Grant
143,Pu Huong,104.880376,19.357579,Nature Reserve,"Critical Ecosystem Partnership Fund / CEPF ($19,987 Grant Amount); Los Angeles Zoo (US$5,858 for extension to this project); Liz Claiborne Art Ortenberg Foundation (US$17,896 for project development in Nakai-Nam Theun NPA); Zoological Society for the Protection of Species and Populations / ZGAP, Germany (EUR 5,000 to begin training contract rangers in the new Hue Saola Nature Reserve); Leipzig Zoo (EUR 2,000 for the 2nd SWG meeting); European Association of Zoos and Aquaria ($4000 for the 2nd Saola Working Group meeting); Copenhagen Zoo (EUR 2000 for the 2nd Saola Working Group meeting); ZSL London/Whipsnade Zoo (US$1000 for the 2nd Saola Working Group meeting); Wildlife Conservation Network (US$1000 for the 2nd Saola Working Group meeting); Friends of Banham Zoo (GBP 500 for the 2nd Saola Working Group meeting); Givskud Zoo (EUR 995 for the 2nd Saola Working Group meeting)","IUCN, International Union for Conservation of Nature, Lao PDR Country Programme (Grantee Organization); Saola Working Group of the IUCN/SSC Asian Wild Cattle Specialist Group (key partner in day-to-day implementation); Division of Forest Resources Conservation, Lao Department of Forestry (drafted or contributed substantially to key sections of the final document); WWF Vietnam Programme (drafted or contributed substantially to key sections of the final document, sourced funding to start the enforcement training); WWF Lao Programme (drafted or contributed substantially to key sections of the final document); WCS Lao Program (drafted or contributed substantially to key sections of the final document, hosted planning workshops for Minerals and Metals Group mining company and Government of Lao PDR partners); Smithsonian Conservation Biology Institute (drafted or contributed substantially to key sections of the final document); RARE (drafted or contributed substantially to key sections of the final document); Darwin Initiative 'Threatend Annamites Ungulates' project (drafted or contributed substantially to key sections of the final document); Global Wildlife Conservation (pro bono management of Saola account)",Saola (priority globally threatened species in Indochina); 1 recent Lao university graduate in environmental science (mentored as intern and fieldtrip participant); 1 current Lao university student (mentored as Nakai-Nam Theun survey participant and working on WCS/CEPF Saola surveys); Contract rangers (received enforcement training and deployed in Hue Saola Nature Reserve); Government of Lao PDR institutions (representatives formed the National Saola Working Group); Minerals and Metals Group / MMG and Nam Theun 2 Watershed Management and Protection Authority / NT2 WMPA (industry partners encouraged and strengthened in their saola conservation efforts),"15,800 hectares (Hue Saola Nature Reserve, Central Annamites). Project activities also covered Nakai-Nam Theun NPA in Laos and Thua Thien-Hue province in Vietnam",2010-2011,"Collaborative two-country strategy for conservation of Saola; enforcement training for deployment of contract rangers; formation of a Lao National Saola Working Group; conservation outreach, one-on-one meetings, and workshops for industry and development partners (such as hydropower projects and the Sepon gold and copper mine) to ease concerns over conflict between development and Saola conservation and secure concrete commitments of support",Supporting: Biodiversity conservation and habitat protection for priority globally threatened species (Saola) in the Central Annamites and Northern Limestone Highlands and Mekong River and its major tributaries,https://www.cepf.net/grants/grantee-projects/launching-flagship-collaborative-saola-conservation; https://www.cepf.net/resources/final-project-report/final-project-report-2092,Small Grant
144,Bach Ma,107.7824611,16.13711526,National Park,"Critical Ecosystem Partnership Fund / CEPF ($19,987 Grant Amount); Los Angeles Zoo (US$5,858 for extension to this project); Liz Claiborne Art Ortenberg Foundation (US$17,896 for project development in Nakai-Nam Theun NPA); Zoological Society for the Protection of Species and Populations / ZGAP, Germany (EUR 5,000 to begin training contract rangers in the new Hue Saola Nature Reserve); Leipzig Zoo (EUR 2,000 for the 2nd SWG meeting); European Association of Zoos and Aquaria ($4000 for the 2nd Saola Working Group meeting); Copenhagen Zoo (EUR 2000 for the 2nd Saola Working Group meeting); ZSL London/Whipsnade Zoo (US$1000 for the 2nd Saola Working Group meeting); Wildlife Conservation Network (US$1000 for the 2nd Saola Working Group meeting); Friends of Banham Zoo (GBP 500 for the 2nd Saola Working Group meeting); Givskud Zoo (EUR 995 for the 2nd Saola Working Group meeting)","IUCN, International Union for Conservation of Nature, Lao PDR Country Programme (Grantee Organization); Saola Working Group of the IUCN/SSC Asian Wild Cattle Specialist Group (key partner in day-to-day implementation); Division of Forest Resources Conservation, Lao Department of Forestry (drafted or contributed substantially to key sections of the final document); WWF Vietnam Programme (drafted or contributed substantially to key sections of the final document, sourced funding to start the enforcement training); WWF Lao Programme (drafted or contributed substantially to key sections of the final document); WCS Lao Program (drafted or contributed substantially to key sections of the final document, hosted planning workshops for Minerals and Metals Group mining company and Government of Lao PDR partners); Smithsonian Conservation Biology Institute (drafted or contributed substantially to key sections of the final document); RARE (drafted or contributed substantially to key sections of the final document); Darwin Initiative 'Threatend Annamites Ungulates' project (drafted or contributed substantially to key sections of the final document); Global Wildlife Conservation (pro bono management of Saola account)",Saola (priority globally threatened species in Indochina); 1 recent Lao university graduate in environmental science (mentored as intern and fieldtrip participant); 1 current Lao university student (mentored as Nakai-Nam Theun survey participant and working on WCS/CEPF Saola surveys); Contract rangers (received enforcement training and deployed in Hue Saola Nature Reserve); Government of Lao PDR institutions (representatives formed the National Saola Working Group); Minerals and Metals Group / MMG and Nam Theun 2 Watershed Management and Protection Authority / NT2 WMPA (industry partners encouraged and strengthened in their saola conservation efforts),"15,800 hectares (Hue Saola Nature Reserve, Central Annamites). Project activities also covered Nakai-Nam Theun NPA in Laos and Thua Thien-Hue province in Vietnam",2010-2011,"Collaborative two-country strategy for conservation of Saola; enforcement training for deployment of contract rangers; formation of a Lao National Saola Working Group; conservation outreach, one-on-one meetings, and workshops for industry and development partners (such as hydropower projects and the Sepon gold and copper mine) to ease concerns over conflict between development and Saola conservation and secure concrete commitments of support",Supporting: Biodiversity conservation and habitat protection for priority globally threatened species (Saola) in the Central Annamites and Northern Limestone Highlands and Mekong River and its major tributaries,https://www.cepf.net/grants/grantee-projects/launching-flagship-collaborative-saola-conservation; https://www.cepf.net/resources/final-project-report/final-project-report-2092,Small Grant
145,Phong Dien,107.200384,16.45256,Nature Reserve,"Critical Ecosystem Partnership Fund / CEPF ($19,987 Grant Amount); Los Angeles Zoo (US$5,858 for extension to this project); Liz Claiborne Art Ortenberg Foundation (US$17,896 for project development in Nakai-Nam Theun NPA); Zoological Society for the Protection of Species and Populations / ZGAP, Germany (EUR 5,000 to begin training contract rangers in the new Hue Saola Nature Reserve); Leipzig Zoo (EUR 2,000 for the 2nd SWG meeting); European Association of Zoos and Aquaria ($4000 for the 2nd Saola Working Group meeting); Copenhagen Zoo (EUR 2000 for the 2nd Saola Working Group meeting); ZSL London/Whipsnade Zoo (US$1000 for the 2nd Saola Working Group meeting); Wildlife Conservation Network (US$1000 for the 2nd Saola Working Group meeting); Friends of Banham Zoo (GBP 500 for the 2nd Saola Working Group meeting); Givskud Zoo (EUR 995 for the 2nd Saola Working Group meeting)","IUCN, International Union for Conservation of Nature, Lao PDR Country Programme (Grantee Organization); Saola Working Group of the IUCN/SSC Asian Wild Cattle Specialist Group (key partner in day-to-day implementation); Division of Forest Resources Conservation, Lao Department of Forestry (drafted or contributed substantially to key sections of the final document); WWF Vietnam Programme (drafted or contributed substantially to key sections of the final document, sourced funding to start the enforcement training); WWF Lao Programme (drafted or contributed substantially to key sections of the final document); WCS Lao Program (drafted or contributed substantially to key sections of the final document, hosted planning workshops for Minerals and Metals Group mining company and Government of Lao PDR partners); Smithsonian Conservation Biology Institute (drafted or contributed substantially to key sections of the final document); RARE (drafted or contributed substantially to key sections of the final document); Darwin Initiative 'Threatend Annamites Ungulates' project (drafted or contributed substantially to key sections of the final document); Global Wildlife Conservation (pro bono management of Saola account)",Saola (priority globally threatened species in Indochina); 1 recent Lao university graduate in environmental science (mentored as intern and fieldtrip participant); 1 current Lao university student (mentored as Nakai-Nam Theun survey participant and working on WCS/CEPF Saola surveys); Contract rangers (received enforcement training and deployed in Hue Saola Nature Reserve); Government of Lao PDR institutions (representatives formed the National Saola Working Group); Minerals and Metals Group / MMG and Nam Theun 2 Watershed Management and Protection Authority / NT2 WMPA (industry partners encouraged and strengthened in their saola conservation efforts),"15,800 hectares (Hue Saola Nature Reserve, Central Annamites). Project activities also covered Nakai-Nam Theun NPA in Laos and Thua Thien-Hue province in Vietnam",2010-2011,"Collaborative two-country strategy for conservation of Saola; enforcement training for deployment of contract rangers; formation of a Lao National Saola Working Group; conservation outreach, one-on-one meetings, and workshops for industry and development partners (such as hydropower projects and the Sepon gold and copper mine) to ease concerns over conflict between development and Saola conservation and secure concrete commitments of support",Supporting: Biodiversity conservation and habitat protection for priority globally threatened species (Saola) in the Central Annamites and Northern Limestone Highlands and Mekong River and its major tributaries,https://www.cepf.net/grants/grantee-projects/launching-flagship-collaborative-saola-conservation; https://www.cepf.net/resources/final-project-report/final-project-report-2092,Small Grant
146,Tam Dao,105.5829942,21.52128641,National Park,"CEPF (Grant Amount: $19,794); Global Wildlife Conservation ($2600); WWF-US ($1800)","International Union for Conservation of Nature, Lao PDR Country Programme (Organization Legal Name); Saola Working Group (Coordinator, technical guidance and support); Gilman International Conservation, Lao PDR Department of Forestry, Smithsonian Institution, Vinh University (Vietnam), WCS-Lao, WWF-Lao and WWF-Vietnam (Contributors of staff time to planning, attendance and follow-up for the meeting); BirdLife-Vietnam, Global Wildlife Conservation and WWF-US (Contributors of staff time, and also travel expenses); Nam Theun 2 Watershed Management and Protection Authority (WMPA) (Responsibility for protection of Nakai-Nam Theun National Protected Area, management team, staff, and patrolling)",Saola (most globally endangered mammal in the ecosystem); Senior managers and staff of Nam Theun 2 Watershed Management and Protection Authority (WMPA),"100,000 hectares in Nakai-Nam Theun National Protected Area (NNT NPA), Khammouane Province, Lao PDR",2009,Saola conservation conceptual model and prioritised list of actions and projects; Decision on the appropriateness of Saola captive breeding; Matrix of parties or partnerships to implement each component; Agreed mechanism to track implementation progress; Increased frequency of patrols in areas believed to hold Saola; Verifying the presence of Saola by camera-trapping; Placing Saola on the agenda of planned transboundary meetings with counterparts in Vietnam,"Supporting: 100,000 hectares of Nakai-Nam Theun National Protected Area strengthened to safeguard priority globally threatened species (Saola) by mitigating major threats. Provisioning: N/A. Cultural: N/A.",https://www.cepf.net/grants/grantee-projects/moving-planning-action-save-saola-first-meeting-saola-working-group; https://www.cepf.net/resources/final-project-report/final-project-report-2105,"Small Grant, Project co-financing"
147,Pu Mat,104.695387,18.938023,National Park,"Critical Ecosystem Partnership Fund (CEPF) [$18,483]; Vinh University [$6,000 project co-financing]; Research Centre of Biodiversity and Genetic Resources (CIBIO) [$3,000 project co-financing]","Center for Environmental and Rural Development (CERD) [Grantee/Implementation Partner]; Vinh University (Vietnam) [Provide funding equipment for laboratory/fieldwork and leech analysis, fieldwork participation]; The Research Centre of Biodiversity and Genetic Resources (CIBIO) [Analyzed dung of ungulates]; The Ecology, Conservation, & Environment Center (ECEC), Kunming Institute of Zoology [Analyzed leeches]; Geography Dept, Cambridge University [Participated in fieldwork, provided technical support for interviews]; Center for DNA technology (BIOMEDIC) [Analyzed dung and leeches]; Texas University of Austin [Participated in fieldwork]; Saola Working Group [Developed saola-specific datasheet, facilitated discussions]; Pu Mat FPD [Follow up on methods to determine Saola population]","Saola (Pseudoryx nghetinhensis); Sambar (Rusa unicolor); Serow (Capricornis milneedwardsi); Muntjac; Mouse deer (Tragulus kanchil); Rhinoceros; Asian elephant (Elephas maximus); Gaur (Bos gaurus); Wild pig (Sus scrofa/bucculentus); Field staff of Pu Mat National Park; 4 Vietnamese students and 3 Laotian students from Vinh University; Communities in Pu Mat (MÃ´n SÆ¡n, Luc Da, ChÃ¢u KhÃª, Tam Dinh, Chi Khe, Tam Hop communes); Communities in Viengthong district (Na Tan and Na Nhang villages); Dan Lai ethnic group; H'Mong ethnic group","94,000 ha; Pu Mat National Park (Con Cuong district, Tuong Duong district, Nghe An province, Vietnam); Viengthong district (Bolikhamxay province, Lao PDR)",2013,Pilot interview field survey methods; Standardized community interview questionnaires; Community mapping exercises; Line transect surveys; Camera traps surveys; Dung surveys (mtDNA analysis); Leech surveys; Community-based conservation programs; Wildlife Conservation Clubs,"Supporting: Habitat refuge for Saola and other endangered mammals (primary forest, secondary forest, primary forest on limestone, bamboo forest, sub-montane forest, riverine forest, slow flowing streams). Provisioning: Non-timber forest products (NTFPs) and hunting resources for local communities. Cultural: Indigenous knowledge, local ethnozoological classification systems, and traditional names for landscape features.",https://www.cepf.net/grants/grantee-projects/pilot-different-survey-methods-identify-saola-population-pu-mat-national; https://www.cepf.net/resources/final-project-report/final-project-report-2061,"Small Grant, Project co-financing"
148,Vu Quang,105.41436,18.28042,National Park,"Critical Ecosystem Partnership Fund (CEPF) [$18,483]; Vinh University [$6,000 project co-financing]; Research Centre of Biodiversity and Genetic Resources (CIBIO) [$3,000 project co-financing]","Center for Environmental and Rural Development (CERD) [Grantee/Implementation Partner]; Vinh University (Vietnam) [Provide funding equipment for laboratory/fieldwork and leech analysis, fieldwork participation]; The Research Centre of Biodiversity and Genetic Resources (CIBIO) [Analyzed dung of ungulates]; The Ecology, Conservation, & Environment Center (ECEC), Kunming Institute of Zoology [Analyzed leeches]; Geography Dept, Cambridge University [Participated in fieldwork, provided technical support for interviews]; Center for DNA technology (BIOMEDIC) [Analyzed dung and leeches]; Texas University of Austin [Participated in fieldwork]; Saola Working Group [Developed saola-specific datasheet, facilitated discussions]; Pu Mat FPD [Follow up on methods to determine Saola population]","Saola (Pseudoryx nghetinhensis); Sambar (Rusa unicolor); Serow (Capricornis milneedwardsi); Muntjac; Mouse deer (Tragulus kanchil); Rhinoceros; Asian elephant (Elephas maximus); Gaur (Bos gaurus); Wild pig (Sus scrofa/bucculentus); Field staff of Pu Mat National Park; 4 Vietnamese students and 3 Laotian students from Vinh University; Communities in Pu Mat (MÃ´n SÆ¡n, Luc Da, ChÃ¢u KhÃª, Tam Dinh, Chi Khe, Tam Hop communes); Communities in Viengthong district (Na Tan and Na Nhang villages); Dan Lai ethnic group; H'Mong ethnic group","94,000 ha; Pu Mat National Park (Con Cuong district, Tuong Duong district, Nghe An province, Vietnam); Viengthong district (Bolikhamxay province, Lao PDR)",2013,Pilot interview field survey methods; Standardized community interview questionnaires; Community mapping exercises; Line transect surveys; Camera traps surveys; Dung surveys (mtDNA analysis); Leech surveys; Community-based conservation programs; Wildlife Conservation Clubs,"Supporting: Habitat refuge for Saola and other endangered mammals (primary forest, secondary forest, primary forest on limestone, bamboo forest, sub-montane forest, riverine forest, slow flowing streams). Provisioning: Non-timber forest products (NTFPs) and hunting resources for local communities. Cultural: Indigenous knowledge, local ethnozoological classification systems, and traditional names for landscape features.",https://www.cepf.net/grants/grantee-projects/pilot-different-survey-methods-identify-saola-population-pu-mat-national; https://www.cepf.net/resources/final-project-report/final-project-report-2061,"Small Grant, Project co-financing"
149,Pu Huong,104.880376,19.357579,Nature Reserve,"Critical Ecosystem Partnership Fund (CEPF) [$18,483]; Vinh University [$6,000 project co-financing]; Research Centre of Biodiversity and Genetic Resources (CIBIO) [$3,000 project co-financing]","Center for Environmental and Rural Development (CERD) [Grantee/Implementation Partner]; Vinh University (Vietnam) [Provide funding equipment for laboratory/fieldwork and leech analysis, fieldwork participation]; The Research Centre of Biodiversity and Genetic Resources (CIBIO) [Analyzed dung of ungulates]; The Ecology, Conservation, & Environment Center (ECEC), Kunming Institute of Zoology [Analyzed leeches]; Geography Dept, Cambridge University [Participated in fieldwork, provided technical support for interviews]; Center for DNA technology (BIOMEDIC) [Analyzed dung and leeches]; Texas University of Austin [Participated in fieldwork]; Saola Working Group [Developed saola-specific datasheet, facilitated discussions]; Pu Mat FPD [Follow up on methods to determine Saola population]","Saola (Pseudoryx nghetinhensis); Sambar (Rusa unicolor); Serow (Capricornis milneedwardsi); Muntjac; Mouse deer (Tragulus kanchil); Rhinoceros; Asian elephant (Elephas maximus); Gaur (Bos gaurus); Wild pig (Sus scrofa/bucculentus); Field staff of Pu Mat National Park; 4 Vietnamese students and 3 Laotian students from Vinh University; Communities in Pu Mat (MÃ´n SÆ¡n, Luc Da, ChÃ¢u KhÃª, Tam Dinh, Chi Khe, Tam Hop communes); Communities in Viengthong district (Na Tan and Na Nhang villages); Dan Lai ethnic group; H'Mong ethnic group","94,000 ha; Pu Mat National Park (Con Cuong district, Tuong Duong district, Nghe An province, Vietnam); Viengthong district (Bolikhamxay province, Lao PDR)",2013,Pilot interview field survey methods; Standardized community interview questionnaires; Community mapping exercises; Line transect surveys; Camera traps surveys; Dung surveys (mtDNA analysis); Leech surveys; Community-based conservation programs; Wildlife Conservation Clubs,"Supporting: Habitat refuge for Saola and other endangered mammals (primary forest, secondary forest, primary forest on limestone, bamboo forest, sub-montane forest, riverine forest, slow flowing streams). Provisioning: Non-timber forest products (NTFPs) and hunting resources for local communities. Cultural: Indigenous knowledge, local ethnozoological classification systems, and traditional names for landscape features.",https://www.cepf.net/grants/grantee-projects/pilot-different-survey-methods-identify-saola-population-pu-mat-national; https://www.cepf.net/resources/final-project-report/final-project-report-2061,"Small Grant, Project co-financing"
150,Ba Be,105.6212545,22.41959266,National Park; Wetland of International Importance (Ramsar Site),"Critical Ecosystem Partnership Fund (CEPF): US$694,009 (Grant Amount); Co-management Learning Network: US$41,054; EU Programme for Non-state actors and Local Authorities in Development: US$423,000; Margot Marsh Biodiversity Foundation: US$7,583 (Tonkin snub-nosed monkey in Quan Ba) + US$15,000 (Khau Ca) + US$15,000 (Population Assessment, Viability Analysis); Twycross Zoo: US$83,250 (Cao Vit Gibbon Conservation Project); USFWS Great Ape Conservation Fund: US$27,974 + US$51,826 + US$55,207 + US$54,860 + US$58,320 + US$53,404; USFWS Critically Endangered Animal Conservation Fund: US$29,868 + US$24,611; CEPF (additional): US$19,994; The Mohamed bin Zayed Species Conservation Fund: US$10,000; The McKnight Foundation: US$80,000 + US$45,000; Fota Wildlife Park: US$26,000","Fauna & Flora International (Project implementer and manager; supervised sub-grants, provided technical review, implemented conservation activities, coordinated with local authorities); People Resources and Conservation Foundation (Sub-grantee; coordinated field-based activities in Bac Kan and Tuyen Quang, provided technical guidance on collaborative management mechanisms with local communities); Centre for Plant Conservation (Sub-grantee; implemented components related to tree conservation, carried out surveys, supported development of species conservation action plans, managed tree nurseries); Provincial Forest Protection Departments of Bac Kan, Tuyen Quang, Cao Bang, Ha Giang, Yen Bai, Son La (Main government partners; collaborated on site selection, planning, and conservation activities); Caritas (NGO partner; supported conservation of Tonkin snub-nosed monkey and tree conservation through community development activities)","Local communities (ethnic minority groups, women via Women's Union, elderly via Veteran's Union); 1000 households in Muong La and Mu Cang Chai (received calendars); 1000 households in Quan Ba District (received calendars); Local Forest Protection Department staff, district rangers, and Community Conservation Teams (CCT) members trained in species identification, patrol techniques, and law enforcement; Specific threatened fauna/flora protected: Tonkin snub-nosed monkey (Rhinopithecus avunculus) (32-43 individuals confirmed in Tung Vai, reports of 30-40 in Than Sa Phuong Hoang), Western black crested gibbon (Nomascus concolor), Cao vit gibbon (Nomascus nasutus), Francoisâ€™ langur (Trachypithecus francoisi) (reports of 30-40 in Than Sa Phuong Hoang), Vietnamese Golden Cypress (Xanthocyparis vietnamensis), Manglietia grandis, Michelia balansae, Michelia coriacea, Michelia fulva, Parakmeria yunnanensis, Manglietia rostrata, K. septentrionalis, Magnolia liliifera, Manglietia chevalieri","40,000 hectares total protected (Mu Cang Chai: 21,000ha, Muong La: 10,000ha, Khau Ca: 2,000ha, Quan Ba: 5,000ha, Trung Khanh: 2,000ha) and additional sites (South Xuan Lac SHCA: 1,700ha, Tung Vai: 5,000ha). Geographic location: Northern Highlands Limestone Priority Corridor across Bac Kan, Tuyen Quang (Na Hang, Lam Binh districts), Ha Giang (Quan Ba, Bat Dai Son, Du Gia, Tay Con Linh), Yen Bai (Mu Cang Chai), Son La (Muong La), Cao Bang (Trung Khanh), and Thai Nguyen (Vo Nhai district) provinces in Northern Vietnam",2010-2013,"Species Conservation Action Plans (SCAPs) (local based and participatory species conservation guidelines); Community-based Conservation Teams (CCT) for patrolling, species monitoring, and law enforcement; Forest management advisory committees (stakeholder groups); Tree nurseries for threatened conifer and magnolia species; Educational/awareness tools (guidelines for participatory SCAP development, 1500 posters, signboards, booklets on Magnolia species, gibbon storybook); Integration of livelihood development links identified during Participatory Rural Appraisals to address threats","Supporting: Biodiversity conservation, habitat protection and refuge for globally threatened primate species, conifers, and magnolias. Provisioning: Watershed protection (e.g., Muong La Watershed Protection Forest, Tung Vai Watershed Protection Forest). Cultural: Participatory decision-making and incorporation of local traditional knowledge and priorities into Species Conservation Action Plans; educational and awareness building through posters, signboards, and calendars",https://www.cepf.net/grants/grantee-projects/promoting-community-based-collaborative-management-strengthen-long-term; https://www.cepf.net/resources/final-project-report/final-project-report-1731,"Grants, Sub-grants, Co-financing"
151,Bat Dai Son,104.989262,23.126729,Nature Reserve,"Critical Ecosystem Partnership Fund (CEPF): US$694,009 (Grant Amount); Co-management Learning Network: US$41,054; EU Programme for Non-state actors and Local Authorities in Development: US$423,000; Margot Marsh Biodiversity Foundation: US$7,583 (Tonkin snub-nosed monkey in Quan Ba) + US$15,000 (Khau Ca) + US$15,000 (Population Assessment, Viability Analysis); Twycross Zoo: US$83,250 (Cao Vit Gibbon Conservation Project); USFWS Great Ape Conservation Fund: US$27,974 + US$51,826 + US$55,207 + US$54,860 + US$58,320 + US$53,404; USFWS Critically Endangered Animal Conservation Fund: US$29,868 + US$24,611; CEPF (additional): US$19,994; The Mohamed bin Zayed Species Conservation Fund: US$10,000; The McKnight Foundation: US$80,000 + US$45,000; Fota Wildlife Park: US$26,000","Fauna & Flora International (Project implementer and manager; supervised sub-grants, provided technical review, implemented conservation activities, coordinated with local authorities); People Resources and Conservation Foundation (Sub-grantee; coordinated field-based activities in Bac Kan and Tuyen Quang, provided technical guidance on collaborative management mechanisms with local communities); Centre for Plant Conservation (Sub-grantee; implemented components related to tree conservation, carried out surveys, supported development of species conservation action plans, managed tree nurseries); Provincial Forest Protection Departments of Bac Kan, Tuyen Quang, Cao Bang, Ha Giang, Yen Bai, Son La (Main government partners; collaborated on site selection, planning, and conservation activities); Caritas (NGO partner; supported conservation of Tonkin snub-nosed monkey and tree conservation through community development activities)","Local communities (ethnic minority groups, women via Women's Union, elderly via Veteran's Union); 1000 households in Muong La and Mu Cang Chai (received calendars); 1000 households in Quan Ba District (received calendars); Local Forest Protection Department staff, district rangers, and Community Conservation Teams (CCT) members trained in species identification, patrol techniques, and law enforcement; Specific threatened fauna/flora protected: Tonkin snub-nosed monkey (Rhinopithecus avunculus) (32-43 individuals confirmed in Tung Vai, reports of 30-40 in Than Sa Phuong Hoang), Western black crested gibbon (Nomascus concolor), Cao vit gibbon (Nomascus nasutus), Francoisâ€™ langur (Trachypithecus francoisi) (reports of 30-40 in Than Sa Phuong Hoang), Vietnamese Golden Cypress (Xanthocyparis vietnamensis), Manglietia grandis, Michelia balansae, Michelia coriacea, Michelia fulva, Parakmeria yunnanensis, Manglietia rostrata, K. septentrionalis, Magnolia liliifera, Manglietia chevalieri","40,000 hectares total protected (Mu Cang Chai: 21,000ha, Muong La: 10,000ha, Khau Ca: 2,000ha, Quan Ba: 5,000ha, Trung Khanh: 2,000ha) and additional sites (South Xuan Lac SHCA: 1,700ha, Tung Vai: 5,000ha). Geographic location: Northern Highlands Limestone Priority Corridor across Bac Kan, Tuyen Quang (Na Hang, Lam Binh districts), Ha Giang (Quan Ba, Bat Dai Son, Du Gia, Tay Con Linh), Yen Bai (Mu Cang Chai), Son La (Muong La), Cao Bang (Trung Khanh), and Thai Nguyen (Vo Nhai district) provinces in Northern Vietnam",2010-2013,"Species Conservation Action Plans (SCAPs) (local based and participatory species conservation guidelines); Community-based Conservation Teams (CCT) for patrolling, species monitoring, and law enforcement; Forest management advisory committees (stakeholder groups); Tree nurseries for threatened conifer and magnolia species; Educational/awareness tools (guidelines for participatory SCAP development, 1500 posters, signboards, booklets on Magnolia species, gibbon storybook); Integration of livelihood development links identified during Participatory Rural Appraisals to address threats","Supporting: Biodiversity conservation, habitat protection and refuge for globally threatened primate species, conifers, and magnolias. Provisioning: Watershed protection (e.g., Muong La Watershed Protection Forest, Tung Vai Watershed Protection Forest). Cultural: Participatory decision-making and incorporation of local traditional knowledge and priorities into Species Conservation Action Plans; educational and awareness building through posters, signboards, and calendars",https://www.cepf.net/grants/grantee-projects/promoting-community-based-collaborative-management-strengthen-long-term; https://www.cepf.net/resources/final-project-report/final-project-report-1731,"Grants, Sub-grants, Co-financing"
152,Trung Khanh,106.549793,22.886985,Nature Reserve,"Critical Ecosystem Partnership Fund (CEPF): US$694,009 (Grant Amount); Co-management Learning Network: US$41,054; EU Programme for Non-state actors and Local Authorities in Development: US$423,000; Margot Marsh Biodiversity Foundation: US$7,583 (Tonkin snub-nosed monkey in Quan Ba) + US$15,000 (Khau Ca) + US$15,000 (Population Assessment, Viability Analysis); Twycross Zoo: US$83,250 (Cao Vit Gibbon Conservation Project); USFWS Great Ape Conservation Fund: US$27,974 + US$51,826 + US$55,207 + US$54,860 + US$58,320 + US$53,404; USFWS Critically Endangered Animal Conservation Fund: US$29,868 + US$24,611; CEPF (additional): US$19,994; The Mohamed bin Zayed Species Conservation Fund: US$10,000; The McKnight Foundation: US$80,000 + US$45,000; Fota Wildlife Park: US$26,000","Fauna & Flora International (Project implementer and manager; supervised sub-grants, provided technical review, implemented conservation activities, coordinated with local authorities); People Resources and Conservation Foundation (Sub-grantee; coordinated field-based activities in Bac Kan and Tuyen Quang, provided technical guidance on collaborative management mechanisms with local communities); Centre for Plant Conservation (Sub-grantee; implemented components related to tree conservation, carried out surveys, supported development of species conservation action plans, managed tree nurseries); Provincial Forest Protection Departments of Bac Kan, Tuyen Quang, Cao Bang, Ha Giang, Yen Bai, Son La (Main government partners; collaborated on site selection, planning, and conservation activities); Caritas (NGO partner; supported conservation of Tonkin snub-nosed monkey and tree conservation through community development activities)","Local communities (ethnic minority groups, women via Women's Union, elderly via Veteran's Union); 1000 households in Muong La and Mu Cang Chai (received calendars); 1000 households in Quan Ba District (received calendars); Local Forest Protection Department staff, district rangers, and Community Conservation Teams (CCT) members trained in species identification, patrol techniques, and law enforcement; Specific threatened fauna/flora protected: Tonkin snub-nosed monkey (Rhinopithecus avunculus) (32-43 individuals confirmed in Tung Vai, reports of 30-40 in Than Sa Phuong Hoang), Western black crested gibbon (Nomascus concolor), Cao vit gibbon (Nomascus nasutus), Francoisâ€™ langur (Trachypithecus francoisi) (reports of 30-40 in Than Sa Phuong Hoang), Vietnamese Golden Cypress (Xanthocyparis vietnamensis), Manglietia grandis, Michelia balansae, Michelia coriacea, Michelia fulva, Parakmeria yunnanensis, Manglietia rostrata, K. septentrionalis, Magnolia liliifera, Manglietia chevalieri","40,000 hectares total protected (Mu Cang Chai: 21,000ha, Muong La: 10,000ha, Khau Ca: 2,000ha, Quan Ba: 5,000ha, Trung Khanh: 2,000ha) and additional sites (South Xuan Lac SHCA: 1,700ha, Tung Vai: 5,000ha). Geographic location: Northern Highlands Limestone Priority Corridor across Bac Kan, Tuyen Quang (Na Hang, Lam Binh districts), Ha Giang (Quan Ba, Bat Dai Son, Du Gia, Tay Con Linh), Yen Bai (Mu Cang Chai), Son La (Muong La), Cao Bang (Trung Khanh), and Thai Nguyen (Vo Nhai district) provinces in Northern Vietnam",2010-2013,"Species Conservation Action Plans (SCAPs) (local based and participatory species conservation guidelines); Community-based Conservation Teams (CCT) for patrolling, species monitoring, and law enforcement; Forest management advisory committees (stakeholder groups); Tree nurseries for threatened conifer and magnolia species; Educational/awareness tools (guidelines for participatory SCAP development, 1500 posters, signboards, booklets on Magnolia species, gibbon storybook); Integration of livelihood development links identified during Participatory Rural Appraisals to address threats","Supporting: Biodiversity conservation, habitat protection and refuge for globally threatened primate species, conifers, and magnolias. Provisioning: Watershed protection (e.g., Muong La Watershed Protection Forest, Tung Vai Watershed Protection Forest). Cultural: Participatory decision-making and incorporation of local traditional knowledge and priorities into Species Conservation Action Plans; educational and awareness building through posters, signboards, and calendars",https://www.cepf.net/grants/grantee-projects/promoting-community-based-collaborative-management-strengthen-long-term; https://www.cepf.net/resources/final-project-report/final-project-report-1731,"Grants, Sub-grants, Co-financing"
153,Nam Xuan Lac,105.51329,22.304419,Nature Reserve,"Critical Ecosystem Partnership Fund (CEPF): US$694,009 (Grant Amount); Co-management Learning Network: US$41,054; EU Programme for Non-state actors and Local Authorities in Development: US$423,000; Margot Marsh Biodiversity Foundation: US$7,583 (Tonkin snub-nosed monkey in Quan Ba) + US$15,000 (Khau Ca) + US$15,000 (Population Assessment, Viability Analysis); Twycross Zoo: US$83,250 (Cao Vit Gibbon Conservation Project); USFWS Great Ape Conservation Fund: US$27,974 + US$51,826 + US$55,207 + US$54,860 + US$58,320 + US$53,404; USFWS Critically Endangered Animal Conservation Fund: US$29,868 + US$24,611; CEPF (additional): US$19,994; The Mohamed bin Zayed Species Conservation Fund: US$10,000; The McKnight Foundation: US$80,000 + US$45,000; Fota Wildlife Park: US$26,000","Fauna & Flora International (Project implementer and manager; supervised sub-grants, provided technical review, implemented conservation activities, coordinated with local authorities); People Resources and Conservation Foundation (Sub-grantee; coordinated field-based activities in Bac Kan and Tuyen Quang, provided technical guidance on collaborative management mechanisms with local communities); Centre for Plant Conservation (Sub-grantee; implemented components related to tree conservation, carried out surveys, supported development of species conservation action plans, managed tree nurseries); Provincial Forest Protection Departments of Bac Kan, Tuyen Quang, Cao Bang, Ha Giang, Yen Bai, Son La (Main government partners; collaborated on site selection, planning, and conservation activities); Caritas (NGO partner; supported conservation of Tonkin snub-nosed monkey and tree conservation through community development activities)","Local communities (ethnic minority groups, women via Women's Union, elderly via Veteran's Union); 1000 households in Muong La and Mu Cang Chai (received calendars); 1000 households in Quan Ba District (received calendars); Local Forest Protection Department staff, district rangers, and Community Conservation Teams (CCT) members trained in species identification, patrol techniques, and law enforcement; Specific threatened fauna/flora protected: Tonkin snub-nosed monkey (Rhinopithecus avunculus) (32-43 individuals confirmed in Tung Vai, reports of 30-40 in Than Sa Phuong Hoang), Western black crested gibbon (Nomascus concolor), Cao vit gibbon (Nomascus nasutus), Francoisâ€™ langur (Trachypithecus francoisi) (reports of 30-40 in Than Sa Phuong Hoang), Vietnamese Golden Cypress (Xanthocyparis vietnamensis), Manglietia grandis, Michelia balansae, Michelia coriacea, Michelia fulva, Parakmeria yunnanensis, Manglietia rostrata, K. septentrionalis, Magnolia liliifera, Manglietia chevalieri","40,000 hectares total protected (Mu Cang Chai: 21,000ha, Muong La: 10,000ha, Khau Ca: 2,000ha, Quan Ba: 5,000ha, Trung Khanh: 2,000ha) and additional sites (South Xuan Lac SHCA: 1,700ha, Tung Vai: 5,000ha). Geographic location: Northern Highlands Limestone Priority Corridor across Bac Kan, Tuyen Quang (Na Hang, Lam Binh districts), Ha Giang (Quan Ba, Bat Dai Son, Du Gia, Tay Con Linh), Yen Bai (Mu Cang Chai), Son La (Muong La), Cao Bang (Trung Khanh), and Thai Nguyen (Vo Nhai district) provinces in Northern Vietnam",2010-2013,"Species Conservation Action Plans (SCAPs) (local based and participatory species conservation guidelines); Community-based Conservation Teams (CCT) for patrolling, species monitoring, and law enforcement; Forest management advisory committees (stakeholder groups); Tree nurseries for threatened conifer and magnolia species; Educational/awareness tools (guidelines for participatory SCAP development, 1500 posters, signboards, booklets on Magnolia species, gibbon storybook); Integration of livelihood development links identified during Participatory Rural Appraisals to address threats","Supporting: Biodiversity conservation, habitat protection and refuge for globally threatened primate species, conifers, and magnolias. Provisioning: Watershed protection (e.g., Muong La Watershed Protection Forest, Tung Vai Watershed Protection Forest). Cultural: Participatory decision-making and incorporation of local traditional knowledge and priorities into Species Conservation Action Plans; educational and awareness building through posters, signboards, and calendars",https://www.cepf.net/grants/grantee-projects/promoting-community-based-collaborative-management-strengthen-long-term; https://www.cepf.net/resources/final-project-report/final-project-report-1731,"Grants, Sub-grants, Co-financing"
154,Na Hang,105.438352,22.495256,Nature Reserve,"Critical Ecosystem Partnership Fund (CEPF): US$694,009 (Grant Amount); Co-management Learning Network: US$41,054; EU Programme for Non-state actors and Local Authorities in Development: US$423,000; Margot Marsh Biodiversity Foundation: US$7,583 (Tonkin snub-nosed monkey in Quan Ba) + US$15,000 (Khau Ca) + US$15,000 (Population Assessment, Viability Analysis); Twycross Zoo: US$83,250 (Cao Vit Gibbon Conservation Project); USFWS Great Ape Conservation Fund: US$27,974 + US$51,826 + US$55,207 + US$54,860 + US$58,320 + US$53,404; USFWS Critically Endangered Animal Conservation Fund: US$29,868 + US$24,611; CEPF (additional): US$19,994; The Mohamed bin Zayed Species Conservation Fund: US$10,000; The McKnight Foundation: US$80,000 + US$45,000; Fota Wildlife Park: US$26,000","Fauna & Flora International (Project implementer and manager; supervised sub-grants, provided technical review, implemented conservation activities, coordinated with local authorities); People Resources and Conservation Foundation (Sub-grantee; coordinated field-based activities in Bac Kan and Tuyen Quang, provided technical guidance on collaborative management mechanisms with local communities); Centre for Plant Conservation (Sub-grantee; implemented components related to tree conservation, carried out surveys, supported development of species conservation action plans, managed tree nurseries); Provincial Forest Protection Departments of Bac Kan, Tuyen Quang, Cao Bang, Ha Giang, Yen Bai, Son La (Main government partners; collaborated on site selection, planning, and conservation activities); Caritas (NGO partner; supported conservation of Tonkin snub-nosed monkey and tree conservation through community development activities)","Local communities (ethnic minority groups, women via Women's Union, elderly via Veteran's Union); 1000 households in Muong La and Mu Cang Chai (received calendars); 1000 households in Quan Ba District (received calendars); Local Forest Protection Department staff, district rangers, and Community Conservation Teams (CCT) members trained in species identification, patrol techniques, and law enforcement; Specific threatened fauna/flora protected: Tonkin snub-nosed monkey (Rhinopithecus avunculus) (32-43 individuals confirmed in Tung Vai, reports of 30-40 in Than Sa Phuong Hoang), Western black crested gibbon (Nomascus concolor), Cao vit gibbon (Nomascus nasutus), Francoisâ€™ langur (Trachypithecus francoisi) (reports of 30-40 in Than Sa Phuong Hoang), Vietnamese Golden Cypress (Xanthocyparis vietnamensis), Manglietia grandis, Michelia balansae, Michelia coriacea, Michelia fulva, Parakmeria yunnanensis, Manglietia rostrata, K. septentrionalis, Magnolia liliifera, Manglietia chevalieri","40,000 hectares total protected (Mu Cang Chai: 21,000ha, Muong La: 10,000ha, Khau Ca: 2,000ha, Quan Ba: 5,000ha, Trung Khanh: 2,000ha) and additional sites (South Xuan Lac SHCA: 1,700ha, Tung Vai: 5,000ha). Geographic location: Northern Highlands Limestone Priority Corridor across Bac Kan, Tuyen Quang (Na Hang, Lam Binh districts), Ha Giang (Quan Ba, Bat Dai Son, Du Gia, Tay Con Linh), Yen Bai (Mu Cang Chai), Son La (Muong La), Cao Bang (Trung Khanh), and Thai Nguyen (Vo Nhai district) provinces in Northern Vietnam",2010-2013,"Species Conservation Action Plans (SCAPs) (local based and participatory species conservation guidelines); Community-based Conservation Teams (CCT) for patrolling, species monitoring, and law enforcement; Forest management advisory committees (stakeholder groups); Tree nurseries for threatened conifer and magnolia species; Educational/awareness tools (guidelines for participatory SCAP development, 1500 posters, signboards, booklets on Magnolia species, gibbon storybook); Integration of livelihood development links identified during Participatory Rural Appraisals to address threats","Supporting: Biodiversity conservation, habitat protection and refuge for globally threatened primate species, conifers, and magnolias. Provisioning: Watershed protection (e.g., Muong La Watershed Protection Forest, Tung Vai Watershed Protection Forest). Cultural: Participatory decision-making and incorporation of local traditional knowledge and priorities into Species Conservation Action Plans; educational and awareness building through posters, signboards, and calendars",https://www.cepf.net/grants/grantee-projects/promoting-community-based-collaborative-management-strengthen-long-term; https://www.cepf.net/resources/final-project-report/final-project-report-1731,"Grants, Sub-grants, Co-financing"
155,Du Gia,105.153149,22.901542,National Park,"Critical Ecosystem Partnership Fund (CEPF): US$694,009 (Grant Amount); Co-management Learning Network: US$41,054; EU Programme for Non-state actors and Local Authorities in Development: US$423,000; Margot Marsh Biodiversity Foundation: US$7,583 (Tonkin snub-nosed monkey in Quan Ba) + US$15,000 (Khau Ca) + US$15,000 (Population Assessment, Viability Analysis); Twycross Zoo: US$83,250 (Cao Vit Gibbon Conservation Project); USFWS Great Ape Conservation Fund: US$27,974 + US$51,826 + US$55,207 + US$54,860 + US$58,320 + US$53,404; USFWS Critically Endangered Animal Conservation Fund: US$29,868 + US$24,611; CEPF (additional): US$19,994; The Mohamed bin Zayed Species Conservation Fund: US$10,000; The McKnight Foundation: US$80,000 + US$45,000; Fota Wildlife Park: US$26,000","Fauna & Flora International (Project implementer and manager; supervised sub-grants, provided technical review, implemented conservation activities, coordinated with local authorities); People Resources and Conservation Foundation (Sub-grantee; coordinated field-based activities in Bac Kan and Tuyen Quang, provided technical guidance on collaborative management mechanisms with local communities); Centre for Plant Conservation (Sub-grantee; implemented components related to tree conservation, carried out surveys, supported development of species conservation action plans, managed tree nurseries); Provincial Forest Protection Departments of Bac Kan, Tuyen Quang, Cao Bang, Ha Giang, Yen Bai, Son La (Main government partners; collaborated on site selection, planning, and conservation activities); Caritas (NGO partner; supported conservation of Tonkin snub-nosed monkey and tree conservation through community development activities)","Local communities (ethnic minority groups, women via Women's Union, elderly via Veteran's Union); 1000 households in Muong La and Mu Cang Chai (received calendars); 1000 households in Quan Ba District (received calendars); Local Forest Protection Department staff, district rangers, and Community Conservation Teams (CCT) members trained in species identification, patrol techniques, and law enforcement; Specific threatened fauna/flora protected: Tonkin snub-nosed monkey (Rhinopithecus avunculus) (32-43 individuals confirmed in Tung Vai, reports of 30-40 in Than Sa Phuong Hoang), Western black crested gibbon (Nomascus concolor), Cao vit gibbon (Nomascus nasutus), Francoisâ€™ langur (Trachypithecus francoisi) (reports of 30-40 in Than Sa Phuong Hoang), Vietnamese Golden Cypress (Xanthocyparis vietnamensis), Manglietia grandis, Michelia balansae, Michelia coriacea, Michelia fulva, Parakmeria yunnanensis, Manglietia rostrata, K. septentrionalis, Magnolia liliifera, Manglietia chevalieri","40,000 hectares total protected (Mu Cang Chai: 21,000ha, Muong La: 10,000ha, Khau Ca: 2,000ha, Quan Ba: 5,000ha, Trung Khanh: 2,000ha) and additional sites (South Xuan Lac SHCA: 1,700ha, Tung Vai: 5,000ha). Geographic location: Northern Highlands Limestone Priority Corridor across Bac Kan, Tuyen Quang (Na Hang, Lam Binh districts), Ha Giang (Quan Ba, Bat Dai Son, Du Gia, Tay Con Linh), Yen Bai (Mu Cang Chai), Son La (Muong La), Cao Bang (Trung Khanh), and Thai Nguyen (Vo Nhai district) provinces in Northern Vietnam",2010-2013,"Species Conservation Action Plans (SCAPs) (local based and participatory species conservation guidelines); Community-based Conservation Teams (CCT) for patrolling, species monitoring, and law enforcement; Forest management advisory committees (stakeholder groups); Tree nurseries for threatened conifer and magnolia species; Educational/awareness tools (guidelines for participatory SCAP development, 1500 posters, signboards, booklets on Magnolia species, gibbon storybook); Integration of livelihood development links identified during Participatory Rural Appraisals to address threats","Supporting: Biodiversity conservation, habitat protection and refuge for globally threatened primate species, conifers, and magnolias. Provisioning: Watershed protection (e.g., Muong La Watershed Protection Forest, Tung Vai Watershed Protection Forest). Cultural: Participatory decision-making and incorporation of local traditional knowledge and priorities into Species Conservation Action Plans; educational and awareness building through posters, signboards, and calendars",https://www.cepf.net/grants/grantee-projects/promoting-community-based-collaborative-management-strengthen-long-term; https://www.cepf.net/resources/final-project-report/final-project-report-1731,"Grants, Sub-grants, Co-financing"
156,Tay Con Linh,104.837032,22.800608,Nature Reserve,"Critical Ecosystem Partnership Fund (CEPF): US$694,009 (Grant Amount); Co-management Learning Network: US$41,054; EU Programme for Non-state actors and Local Authorities in Development: US$423,000; Margot Marsh Biodiversity Foundation: US$7,583 (Tonkin snub-nosed monkey in Quan Ba) + US$15,000 (Khau Ca) + US$15,000 (Population Assessment, Viability Analysis); Twycross Zoo: US$83,250 (Cao Vit Gibbon Conservation Project); USFWS Great Ape Conservation Fund: US$27,974 + US$51,826 + US$55,207 + US$54,860 + US$58,320 + US$53,404; USFWS Critically Endangered Animal Conservation Fund: US$29,868 + US$24,611; CEPF (additional): US$19,994; The Mohamed bin Zayed Species Conservation Fund: US$10,000; The McKnight Foundation: US$80,000 + US$45,000; Fota Wildlife Park: US$26,000","Fauna & Flora International (Project implementer and manager; supervised sub-grants, provided technical review, implemented conservation activities, coordinated with local authorities); People Resources and Conservation Foundation (Sub-grantee; coordinated field-based activities in Bac Kan and Tuyen Quang, provided technical guidance on collaborative management mechanisms with local communities); Centre for Plant Conservation (Sub-grantee; implemented components related to tree conservation, carried out surveys, supported development of species conservation action plans, managed tree nurseries); Provincial Forest Protection Departments of Bac Kan, Tuyen Quang, Cao Bang, Ha Giang, Yen Bai, Son La (Main government partners; collaborated on site selection, planning, and conservation activities); Caritas (NGO partner; supported conservation of Tonkin snub-nosed monkey and tree conservation through community development activities)","Local communities (ethnic minority groups, women via Women's Union, elderly via Veteran's Union); 1000 households in Muong La and Mu Cang Chai (received calendars); 1000 households in Quan Ba District (received calendars); Local Forest Protection Department staff, district rangers, and Community Conservation Teams (CCT) members trained in species identification, patrol techniques, and law enforcement; Specific threatened fauna/flora protected: Tonkin snub-nosed monkey (Rhinopithecus avunculus) (32-43 individuals confirmed in Tung Vai, reports of 30-40 in Than Sa Phuong Hoang), Western black crested gibbon (Nomascus concolor), Cao vit gibbon (Nomascus nasutus), Francoisâ€™ langur (Trachypithecus francoisi) (reports of 30-40 in Than Sa Phuong Hoang), Vietnamese Golden Cypress (Xanthocyparis vietnamensis), Manglietia grandis, Michelia balansae, Michelia coriacea, Michelia fulva, Parakmeria yunnanensis, Manglietia rostrata, K. septentrionalis, Magnolia liliifera, Manglietia chevalieri","40,000 hectares total protected (Mu Cang Chai: 21,000ha, Muong La: 10,000ha, Khau Ca: 2,000ha, Quan Ba: 5,000ha, Trung Khanh: 2,000ha) and additional sites (South Xuan Lac SHCA: 1,700ha, Tung Vai: 5,000ha). Geographic location: Northern Highlands Limestone Priority Corridor across Bac Kan, Tuyen Quang (Na Hang, Lam Binh districts), Ha Giang (Quan Ba, Bat Dai Son, Du Gia, Tay Con Linh), Yen Bai (Mu Cang Chai), Son La (Muong La), Cao Bang (Trung Khanh), and Thai Nguyen (Vo Nhai district) provinces in Northern Vietnam",2010-2013,"Species Conservation Action Plans (SCAPs) (local based and participatory species conservation guidelines); Community-based Conservation Teams (CCT) for patrolling, species monitoring, and law enforcement; Forest management advisory committees (stakeholder groups); Tree nurseries for threatened conifer and magnolia species; Educational/awareness tools (guidelines for participatory SCAP development, 1500 posters, signboards, booklets on Magnolia species, gibbon storybook); Integration of livelihood development links identified during Participatory Rural Appraisals to address threats","Supporting: Biodiversity conservation, habitat protection and refuge for globally threatened primate species, conifers, and magnolias. Provisioning: Watershed protection (e.g., Muong La Watershed Protection Forest, Tung Vai Watershed Protection Forest). Cultural: Participatory decision-making and incorporation of local traditional knowledge and priorities into Species Conservation Action Plans; educational and awareness building through posters, signboards, and calendars",https://www.cepf.net/grants/grantee-projects/promoting-community-based-collaborative-management-strengthen-long-term; https://www.cepf.net/resources/final-project-report/final-project-report-1731,"Grants, Sub-grants, Co-financing"
157,Hoang Lien,103.870631,22.238499,National Park,"Critical Ecosystem Partnership Fund (CEPF): US$694,009 (Grant Amount); Co-management Learning Network: US$41,054; EU Programme for Non-state actors and Local Authorities in Development: US$423,000; Margot Marsh Biodiversity Foundation: US$7,583 (Tonkin snub-nosed monkey in Quan Ba) + US$15,000 (Khau Ca) + US$15,000 (Population Assessment, Viability Analysis); Twycross Zoo: US$83,250 (Cao Vit Gibbon Conservation Project); USFWS Great Ape Conservation Fund: US$27,974 + US$51,826 + US$55,207 + US$54,860 + US$58,320 + US$53,404; USFWS Critically Endangered Animal Conservation Fund: US$29,868 + US$24,611; CEPF (additional): US$19,994; The Mohamed bin Zayed Species Conservation Fund: US$10,000; The McKnight Foundation: US$80,000 + US$45,000; Fota Wildlife Park: US$26,000","Fauna & Flora International (Project implementer and manager; supervised sub-grants, provided technical review, implemented conservation activities, coordinated with local authorities); People Resources and Conservation Foundation (Sub-grantee; coordinated field-based activities in Bac Kan and Tuyen Quang, provided technical guidance on collaborative management mechanisms with local communities); Centre for Plant Conservation (Sub-grantee; implemented components related to tree conservation, carried out surveys, supported development of species conservation action plans, managed tree nurseries); Provincial Forest Protection Departments of Bac Kan, Tuyen Quang, Cao Bang, Ha Giang, Yen Bai, Son La (Main government partners; collaborated on site selection, planning, and conservation activities); Caritas (NGO partner; supported conservation of Tonkin snub-nosed monkey and tree conservation through community development activities)","Local communities (ethnic minority groups, women via Women's Union, elderly via Veteran's Union); 1000 households in Muong La and Mu Cang Chai (received calendars); 1000 households in Quan Ba District (received calendars); Local Forest Protection Department staff, district rangers, and Community Conservation Teams (CCT) members trained in species identification, patrol techniques, and law enforcement; Specific threatened fauna/flora protected: Tonkin snub-nosed monkey (Rhinopithecus avunculus) (32-43 individuals confirmed in Tung Vai, reports of 30-40 in Than Sa Phuong Hoang), Western black crested gibbon (Nomascus concolor), Cao vit gibbon (Nomascus nasutus), Francoisâ€™ langur (Trachypithecus francoisi) (reports of 30-40 in Than Sa Phuong Hoang), Vietnamese Golden Cypress (Xanthocyparis vietnamensis), Manglietia grandis, Michelia balansae, Michelia coriacea, Michelia fulva, Parakmeria yunnanensis, Manglietia rostrata, K. septentrionalis, Magnolia liliifera, Manglietia chevalieri","40,000 hectares total protected (Mu Cang Chai: 21,000ha, Muong La: 10,000ha, Khau Ca: 2,000ha, Quan Ba: 5,000ha, Trung Khanh: 2,000ha) and additional sites (South Xuan Lac SHCA: 1,700ha, Tung Vai: 5,000ha). Geographic location: Northern Highlands Limestone Priority Corridor across Bac Kan, Tuyen Quang (Na Hang, Lam Binh districts), Ha Giang (Quan Ba, Bat Dai Son, Du Gia, Tay Con Linh), Yen Bai (Mu Cang Chai), Son La (Muong La), Cao Bang (Trung Khanh), and Thai Nguyen (Vo Nhai district) provinces in Northern Vietnam",2010-2013,"Species Conservation Action Plans (SCAPs) (local based and participatory species conservation guidelines); Community-based Conservation Teams (CCT) for patrolling, species monitoring, and law enforcement; Forest management advisory committees (stakeholder groups); Tree nurseries for threatened conifer and magnolia species; Educational/awareness tools (guidelines for participatory SCAP development, 1500 posters, signboards, booklets on Magnolia species, gibbon storybook); Integration of livelihood development links identified during Participatory Rural Appraisals to address threats","Supporting: Biodiversity conservation, habitat protection and refuge for globally threatened primate species, conifers, and magnolias. Provisioning: Watershed protection (e.g., Muong La Watershed Protection Forest, Tung Vai Watershed Protection Forest). Cultural: Participatory decision-making and incorporation of local traditional knowledge and priorities into Species Conservation Action Plans; educational and awareness building through posters, signboards, and calendars",https://www.cepf.net/grants/grantee-projects/promoting-community-based-collaborative-management-strengthen-long-term; https://www.cepf.net/resources/final-project-report/final-project-report-1731,"Grants, Sub-grants, Co-financing"
158,Phong Quang,104.915287,22.928231,Nature Reserve,"Critical Ecosystem Partnership Fund (CEPF): US$694,009 (Grant Amount); Co-management Learning Network: US$41,054; EU Programme for Non-state actors and Local Authorities in Development: US$423,000; Margot Marsh Biodiversity Foundation: US$7,583 (Tonkin snub-nosed monkey in Quan Ba) + US$15,000 (Khau Ca) + US$15,000 (Population Assessment, Viability Analysis); Twycross Zoo: US$83,250 (Cao Vit Gibbon Conservation Project); USFWS Great Ape Conservation Fund: US$27,974 + US$51,826 + US$55,207 + US$54,860 + US$58,320 + US$53,404; USFWS Critically Endangered Animal Conservation Fund: US$29,868 + US$24,611; CEPF (additional): US$19,994; The Mohamed bin Zayed Species Conservation Fund: US$10,000; The McKnight Foundation: US$80,000 + US$45,000; Fota Wildlife Park: US$26,000","Fauna & Flora International (Project implementer and manager; supervised sub-grants, provided technical review, implemented conservation activities, coordinated with local authorities); People Resources and Conservation Foundation (Sub-grantee; coordinated field-based activities in Bac Kan and Tuyen Quang, provided technical guidance on collaborative management mechanisms with local communities); Centre for Plant Conservation (Sub-grantee; implemented components related to tree conservation, carried out surveys, supported development of species conservation action plans, managed tree nurseries); Provincial Forest Protection Departments of Bac Kan, Tuyen Quang, Cao Bang, Ha Giang, Yen Bai, Son La (Main government partners; collaborated on site selection, planning, and conservation activities); Caritas (NGO partner; supported conservation of Tonkin snub-nosed monkey and tree conservation through community development activities)","Local communities (ethnic minority groups, women via Women's Union, elderly via Veteran's Union); 1000 households in Muong La and Mu Cang Chai (received calendars); 1000 households in Quan Ba District (received calendars); Local Forest Protection Department staff, district rangers, and Community Conservation Teams (CCT) members trained in species identification, patrol techniques, and law enforcement; Specific threatened fauna/flora protected: Tonkin snub-nosed monkey (Rhinopithecus avunculus) (32-43 individuals confirmed in Tung Vai, reports of 30-40 in Than Sa Phuong Hoang), Western black crested gibbon (Nomascus concolor), Cao vit gibbon (Nomascus nasutus), Francoisâ€™ langur (Trachypithecus francoisi) (reports of 30-40 in Than Sa Phuong Hoang), Vietnamese Golden Cypress (Xanthocyparis vietnamensis), Manglietia grandis, Michelia balansae, Michelia coriacea, Michelia fulva, Parakmeria yunnanensis, Manglietia rostrata, K. septentrionalis, Magnolia liliifera, Manglietia chevalieri","40,000 hectares total protected (Mu Cang Chai: 21,000ha, Muong La: 10,000ha, Khau Ca: 2,000ha, Quan Ba: 5,000ha, Trung Khanh: 2,000ha) and additional sites (South Xuan Lac SHCA: 1,700ha, Tung Vai: 5,000ha). Geographic location: Northern Highlands Limestone Priority Corridor across Bac Kan, Tuyen Quang (Na Hang, Lam Binh districts), Ha Giang (Quan Ba, Bat Dai Son, Du Gia, Tay Con Linh), Yen Bai (Mu Cang Chai), Son La (Muong La), Cao Bang (Trung Khanh), and Thai Nguyen (Vo Nhai district) provinces in Northern Vietnam",2010-2013,"Species Conservation Action Plans (SCAPs) (local based and participatory species conservation guidelines); Community-based Conservation Teams (CCT) for patrolling, species monitoring, and law enforcement; Forest management advisory committees (stakeholder groups); Tree nurseries for threatened conifer and magnolia species; Educational/awareness tools (guidelines for participatory SCAP development, 1500 posters, signboards, booklets on Magnolia species, gibbon storybook); Integration of livelihood development links identified during Participatory Rural Appraisals to address threats","Supporting: Biodiversity conservation, habitat protection and refuge for globally threatened primate species, conifers, and magnolias. Provisioning: Watershed protection (e.g., Muong La Watershed Protection Forest, Tung Vai Watershed Protection Forest). Cultural: Participatory decision-making and incorporation of local traditional knowledge and priorities into Species Conservation Action Plans; educational and awareness building through posters, signboards, and calendars",https://www.cepf.net/grants/grantee-projects/promoting-community-based-collaborative-management-strengthen-long-term; https://www.cepf.net/resources/final-project-report/final-project-report-1731,"Grants, Sub-grants, Co-financing"
159,Na Hang,105.438352,22.495256,Nature Reserve,"Critical Ecosystem Partnership Fund (CEPF) (US$104,670); Center for People and Nature Reconciliation ($3,600 In-Kind for volunteer/intern work contribution); Ford Foundation ($7,500 Project co-financing); Foundation for Open Society Institute (FOSI) ($69,540 Project co-financing for two grants for communication activities from 2009-2013)","Center for People and Nature Reconciliation (PanNature) [Lead implementing organization, managing ThienNhien.Net, engaging journalists, organizing field trips and workshops, providing inputs to policies]; WCS Vietnam Program [Co-organized journalist workshops on wildlife trade, supported field investigations]; IUCN Vietnam [Implementing a related CEPF-funded project]; Fauna and Flora International in Vietnam (FFI) [Organized media workshop on wildlife trade and collaborated on joint projects]; PRCF [Shared field experience and provided support for communication team and journalists]; Warecod [Shared field experience and provided support]; CREDEP [Co-organized media workshop and disseminated information on trade of wild medicinal plants]; Cao Bang Association for Nature Conservation and Environmental Protection [Co-organized media workshop and disseminated information on trade of wild medicinal plants]; Vietnam National Parks and Protected Areas Association [Collaborated in organizing the workshop on Vietnam's Special-Use Forests]; Forest Trends [Presented research on illegal logging in a media briefing]","56 journalists of provincial and national newspapers; 364 members of PanNature's Google Group of collaborating journalists; 51 university student volunteers; 17 interns; 70 non-journalist collaborators; 8 senior journalists receiving briefings; local communities impacted by mining, rubber plantations, and illegal logging across the Northern Highlands Limestone Corridor; protected flora/fauna including wild medicinal plants, wildlife, and rosewood","Four provinces within the Northern Highlands Limestone Corridor in Vietnam (including Tuyen Quang, Cao Bang, Bac Kan, Ha Giang), Tam Dao National Park (Vinh Phuc, Thai Nguyen, Tuyen Quang provinces), Phia Oac Nature Reserve (Cao Bang), Na Hang Nature Reserve (Tuyen Quang). Exact size in hectares is missing/not applicable in the document.",2009-2012,"ThienNhien.Net publishing platform and news website; field exposure trips and media investigations on mining, hydropower, rubber plantations, and illegal logging; network of collaborating journalists and Google Groups email list; policy workshops and dialogues (e.g., 'Behind Mekong Dams', 'The Future of Vietnam's Special-Use Forests'); interactive maps (62 poorest districts in Vietnam, Mining hotspots in the Northern Highland Limestone Corridor); media briefings (on mining, Mekong hydropower, illegal logging); knowledge collection of translated international environmental resources (covering REDD+, PES, climate change, EITI)","Supporting: Biodiversity conservation and critical ecosystems management in the Northern Highlands Limestone Corridor; maintaining intactness of ecosystems and habitats (Special-Use Forests). Provisioning: Securing clean water and river flows (preventing water pollution from gold mining in Lo and Gam rivers), food security (related to Mekong delta ecosystems), sustainable management of wild medicinal plants and rosewood. Cultural: Public awareness and educational information dissemination through media, enhancing transparency and accountability of natural resources management, safeguarding religious vestiges (Tam Dao National Park)",https://www.cepf.net/grants/grantee-projects/raising-concerns-reducing-impacts-providing-inputs-local-development; https://www.cepf.net/resources/final-project-report/final-project-report-1377,"Grant, Project co-financing, In-Kind"
160,Tam Dao,105.5829942,21.52128641,National Park,"Critical Ecosystem Partnership Fund (CEPF) (US$104,670); Center for People and Nature Reconciliation ($3,600 In-Kind for volunteer/intern work contribution); Ford Foundation ($7,500 Project co-financing); Foundation for Open Society Institute (FOSI) ($69,540 Project co-financing for two grants for communication activities from 2009-2013)","Center for People and Nature Reconciliation (PanNature) [Lead implementing organization, managing ThienNhien.Net, engaging journalists, organizing field trips and workshops, providing inputs to policies]; WCS Vietnam Program [Co-organized journalist workshops on wildlife trade, supported field investigations]; IUCN Vietnam [Implementing a related CEPF-funded project]; Fauna and Flora International in Vietnam (FFI) [Organized media workshop on wildlife trade and collaborated on joint projects]; PRCF [Shared field experience and provided support for communication team and journalists]; Warecod [Shared field experience and provided support]; CREDEP [Co-organized media workshop and disseminated information on trade of wild medicinal plants]; Cao Bang Association for Nature Conservation and Environmental Protection [Co-organized media workshop and disseminated information on trade of wild medicinal plants]; Vietnam National Parks and Protected Areas Association [Collaborated in organizing the workshop on Vietnam's Special-Use Forests]; Forest Trends [Presented research on illegal logging in a media briefing]","56 journalists of provincial and national newspapers; 364 members of PanNature's Google Group of collaborating journalists; 51 university student volunteers; 17 interns; 70 non-journalist collaborators; 8 senior journalists receiving briefings; local communities impacted by mining, rubber plantations, and illegal logging across the Northern Highlands Limestone Corridor; protected flora/fauna including wild medicinal plants, wildlife, and rosewood","Four provinces within the Northern Highlands Limestone Corridor in Vietnam (including Tuyen Quang, Cao Bang, Bac Kan, Ha Giang), Tam Dao National Park (Vinh Phuc, Thai Nguyen, Tuyen Quang provinces), Phia Oac Nature Reserve (Cao Bang), Na Hang Nature Reserve (Tuyen Quang). Exact size in hectares is missing/not applicable in the document.",2009-2012,"ThienNhien.Net publishing platform and news website; field exposure trips and media investigations on mining, hydropower, rubber plantations, and illegal logging; network of collaborating journalists and Google Groups email list; policy workshops and dialogues (e.g., 'Behind Mekong Dams', 'The Future of Vietnam's Special-Use Forests'); interactive maps (62 poorest districts in Vietnam, Mining hotspots in the Northern Highland Limestone Corridor); media briefings (on mining, Mekong hydropower, illegal logging); knowledge collection of translated international environmental resources (covering REDD+, PES, climate change, EITI)","Supporting: Biodiversity conservation and critical ecosystems management in the Northern Highlands Limestone Corridor; maintaining intactness of ecosystems and habitats (Special-Use Forests). Provisioning: Securing clean water and river flows (preventing water pollution from gold mining in Lo and Gam rivers), food security (related to Mekong delta ecosystems), sustainable management of wild medicinal plants and rosewood. Cultural: Public awareness and educational information dissemination through media, enhancing transparency and accountability of natural resources management, safeguarding religious vestiges (Tam Dao National Park)",https://www.cepf.net/grants/grantee-projects/raising-concerns-reducing-impacts-providing-inputs-local-development; https://www.cepf.net/resources/final-project-report/final-project-report-1377,"Grant, Project co-financing, In-Kind"
161,Nui Chua,109.1410328,11.71846574,National Park,"Critical Ecosystem Partnership Fund (CEPF) - Grant Amount: $19,992","GreenViet Biodiversity Conservation Centre (Project coordinator and executor); Da Nang Tourist Promotion Centre under the Department of Culture, Sport and Tourism of Da Nang city (Connected GreenViet with Da Nang International Airport, provided information booth in arrival station to display and deliver communication materials); Da Nang Radio and Television / DRT (Produced and aired the talk show 'Threats from using wildlife products to nature and your health'); Mai Linh taxi company (Offered free space in 300 taxis to display and introduce conservation communication products, gathered cars and trained drivers); Son Tra Eco-Tourism Sea Board (Offered space at Bien Dong sea park to implement public communication activities); Da Nang Forest Protection Department / FPD (Technical supporter for objective 1, presented information on wildlife consumption and trade at the training workshop); Pan Nature (Technical supporter for objective 1, introduced communication approaches and tools); Natural Resources and Environment (NRE) Office of Hoa Vang District (Collaborated to conduct an awareness raising program in mountainous areas for ethnic people); Ranger department of Lien Chieu district (Conducted an awareness program for secondary students); 34 journalists from 29 newspapers, Vietnam Television in Da Nang, Ho Chi Minh TV 7 (Attended press conference and spread project messages); Da Nang Department of Veterinary Services (Provided a guest speaker for the talk show); Vietnam Ecology Association (Provided a guest speaker for the talk show); My Nuong, singer (Talked on the show to draw attention).","25 Government officials (out of 38 workshop participants) trained in using communication tools; targeted regional districts: Hoa Vang, Hai Chau, Son Tra, Ngu Hanh Son, and Lien Chieu; 34 journalists from 29 newspapers and online newspapers; 12 volunteers recruited and trained; 100 ethnic people living around Ba Na - Nui Chua forest; 100 secondary students in Lien Chieu district; 500 Da Nang citizens and tourists engaged at the Bien Dong sea park event; 200 taxi drivers interviewed; thousands of customers of Da Nang International Airport and 300 Mai Linh taxis; threatened flagship fauna protected: Red-shanked douc langur (featured on postcards).","Da Nang City, Central Vietnam (including Hoa Vang district, Hai Chau district, Son Tra district, Ngu Hanh Son district, Lien Chieu district, Da Nang International Airport, Bien Dong sea park, Son Tra mountain, and communities around Ba Na - Nui Chua forest). Explicit spatial footprint in hectares is N/A.",2014-2015,"Training workshop for public officials on using communication tools; Proposal of 5 distinct projects by government officials to reduce wildlife consumption; 45-minute live talk show ('Threats from using wildlife products to nature and your health'); Press conference; Communication campaign at Da Nang International Airport via an information booth; Communication campaign in 300 Mai Linh taxis utilizing information bags; Production and distribution of 5,000 free maps, 24,000 leaflets, and 12,000 bookmarks with project messages; T-shirts ('Wildlife is a National Treasure, not your lunch') and postcards; Public communication event at Bien Dong sea park; Awareness raising programs for ethnic people and students.","Supporting: Habitat refuge and biodiversity conservation by stopping demand for wildlife and cutting wildlife trading routes from the south and highlands leading to the north of Vietnam. Provisioning: N/A. Cultural: Educational benefits, public awareness, and capacity building delivered to Da Nang citizens, tourists, ethnic minorities, and government officials through extensive media campaigns, training workshops, and public events.",https://www.cepf.net/grants/grantee-projects/reducing-wildlife-consumption-da-nang-city; https://www.cepf.net/resources/final-project-report/final-project-report-536,Grant
162,Na Hang,105.438352,22.495256,Nature Reserve,"Critical Ecosystem Partnership Fund (CEPF) (Grant Number: CEPF-103468). Co-financing includes: Other donors direct cost funding USD 413,270; PRCF in-kind USD 64,000; Other in-kind USD 3,800. Also mentions Payment From Forest Environmental Services (PFES).","People Resources and Conservation Foundation (PRCF) [Organization Legal Name / Implementation partner]; Tuyen Quang Provincial Peoplesâ€™ Committee (PPC) [Local government partner]; Tuyen Quang Department of Agriculture and Rural Development (DARD) [Local government partner]; Tuyen Quang Forest Protection Department (FPD) [Local government partner]; Sinh Long Commune People's Committee [Immediate government partner, helping with project direction and compliances with government policy]; Na Hang District Peoplesâ€™ Committee [Immediate government partner, helping with project direction and compliances with government policy]; Lam Binh Forest Protection Management Board [Immediate government partner, helping with project direction and compliances with government policy]; Thai Nguyen Agroforestry University (TUAF) [Provision of technical support in agriculture, livestock, and forestry to stakeholder communities]; People and Nature Reconciliation (Pan Nature) [National non-governmental organization, participated in workings related to co-management initiatives]; Vietnam National Parks and Protected Areas Association (VNPPA) [Participated in workings related to co-management initiatives]; Department of Nature Conservation (DoNC) within MARD [Government policy discussions and support]","15 villages (primarily Tay and Hâ€™Mong ethnic communities) in the Sinh Long site and Lam Binh conservation landscape; 965 households (in nine of 15 villages targeted), with 65% (or 627) of the direct beneficiaries being women; Francois' Langur (Trachypithecus francoisi) (124-139 individuals); Other threatened species protected including Mammals (Manis pentadactyla), Amphibians (Quasipaa boulengeri), Reptiles (Geoemyda spengleri, Bungarus fasciatus), Insects (Dorcus curvidens curvidens, Dorcus titanus fafner, Cheirotonus jansoni), and Plants (Asarum balansae, Dyosama difformis, Mahonia nepalensis, Fernandoa bracteate, Fernandoa collignoni, Garcinia fagraeoides, Magnolia grandis, Magnolia rostrata, Anoectochilus calcareus, Dendrobium longicornu, Dedrobium nobile, Paphiopedilum concolor, Paphiopedilum henryanum, Madhuca pasquieri, Taxus chinensis, Burretiodedron hsienmu, Aquilaria crassna, Paris polyphylla).","24,252 ha within Lam Binh and Na Hang districts, Tuyen Quang province, northern Vietnam (Lam Binh district: 10,708 ha in Khuon Ha commune and 8,990 ha in Thuong Lam commune; Na Hang district: 4,554 ha in Sinh Long commune). Approximately 65% (15,763 ha) of this area corresponds to karst forest.",2018-2020,"Five-Year 2020-2025 Conservation and Development Plan; Annual Operational Management Plans (OMPs); Establishment of Village Co-Management Committees (VMCs), Village Self-help Groups (VSHGs), Community Conservation Teams (CCTs), and Village Forest Management Committees (VFMCs); VMC Network; SMART monitoring tools/database for species and habitat patrol; Introduction of improved agriculture, agroforestry, and forestry measures/models; Piloting of a Community-based Conservation Area model.","Supporting: Protection of 24,252 ha of habitat (including 15,763 ha of karst forest) serving as a refuge for the endangered Francois' Langur and other threatened flora and fauna species. Provisioning: Watershed protection (Lam Binh watershed protection area); potential carbon sequestration/emission reduction (drafted Plan Vivo Project Idea Note for carbon credits); livelihood improvements through sustainable agriculture and agroforestry. Cultural: N/A (Project focused heavily on empowerment, training, and recognition of natural resource management rights for local ethnic communities, but formal cultural services are not explicitly labeled as such).",https://www.cepf.net/grants/grantee-projects/reinforced-community-based-conservation-initiatives-lam-binh-landscape; https://www.cepf.net/resources/final-project-report/final-project-report-2371,"Grant, Co-financing (direct cost funding and in-kind), and Payment for Environmental Services (PFES)"
163,Nam Xuan Lac,105.51329,22.304419,Nature Reserve,"Critical Ecosystem Partnership Fund (CEPF) (Grant Number: CEPF-103468). Co-financing includes: Other donors direct cost funding USD 413,270; PRCF in-kind USD 64,000; Other in-kind USD 3,800. Also mentions Payment From Forest Environmental Services (PFES).","People Resources and Conservation Foundation (PRCF) [Organization Legal Name / Implementation partner]; Tuyen Quang Provincial Peoplesâ€™ Committee (PPC) [Local government partner]; Tuyen Quang Department of Agriculture and Rural Development (DARD) [Local government partner]; Tuyen Quang Forest Protection Department (FPD) [Local government partner]; Sinh Long Commune People's Committee [Immediate government partner, helping with project direction and compliances with government policy]; Na Hang District Peoplesâ€™ Committee [Immediate government partner, helping with project direction and compliances with government policy]; Lam Binh Forest Protection Management Board [Immediate government partner, helping with project direction and compliances with government policy]; Thai Nguyen Agroforestry University (TUAF) [Provision of technical support in agriculture, livestock, and forestry to stakeholder communities]; People and Nature Reconciliation (Pan Nature) [National non-governmental organization, participated in workings related to co-management initiatives]; Vietnam National Parks and Protected Areas Association (VNPPA) [Participated in workings related to co-management initiatives]; Department of Nature Conservation (DoNC) within MARD [Government policy discussions and support]","15 villages (primarily Tay and Hâ€™Mong ethnic communities) in the Sinh Long site and Lam Binh conservation landscape; 965 households (in nine of 15 villages targeted), with 65% (or 627) of the direct beneficiaries being women; Francois' Langur (Trachypithecus francoisi) (124-139 individuals); Other threatened species protected including Mammals (Manis pentadactyla), Amphibians (Quasipaa boulengeri), Reptiles (Geoemyda spengleri, Bungarus fasciatus), Insects (Dorcus curvidens curvidens, Dorcus titanus fafner, Cheirotonus jansoni), and Plants (Asarum balansae, Dyosama difformis, Mahonia nepalensis, Fernandoa bracteate, Fernandoa collignoni, Garcinia fagraeoides, Magnolia grandis, Magnolia rostrata, Anoectochilus calcareus, Dendrobium longicornu, Dedrobium nobile, Paphiopedilum concolor, Paphiopedilum henryanum, Madhuca pasquieri, Taxus chinensis, Burretiodedron hsienmu, Aquilaria crassna, Paris polyphylla).","24,252 ha within Lam Binh and Na Hang districts, Tuyen Quang province, northern Vietnam (Lam Binh district: 10,708 ha in Khuon Ha commune and 8,990 ha in Thuong Lam commune; Na Hang district: 4,554 ha in Sinh Long commune). Approximately 65% (15,763 ha) of this area corresponds to karst forest.",2018-2020,"Five-Year 2020-2025 Conservation and Development Plan; Annual Operational Management Plans (OMPs); Establishment of Village Co-Management Committees (VMCs), Village Self-help Groups (VSHGs), Community Conservation Teams (CCTs), and Village Forest Management Committees (VFMCs); VMC Network; SMART monitoring tools/database for species and habitat patrol; Introduction of improved agriculture, agroforestry, and forestry measures/models; Piloting of a Community-based Conservation Area model.","Supporting: Protection of 24,252 ha of habitat (including 15,763 ha of karst forest) serving as a refuge for the endangered Francois' Langur and other threatened flora and fauna species. Provisioning: Watershed protection (Lam Binh watershed protection area); potential carbon sequestration/emission reduction (drafted Plan Vivo Project Idea Note for carbon credits); livelihood improvements through sustainable agriculture and agroforestry. Cultural: N/A (Project focused heavily on empowerment, training, and recognition of natural resource management rights for local ethnic communities, but formal cultural services are not explicitly labeled as such).",https://www.cepf.net/grants/grantee-projects/reinforced-community-based-conservation-initiatives-lam-binh-landscape; https://www.cepf.net/resources/final-project-report/final-project-report-2371,"Grant, Co-financing (direct cost funding and in-kind), and Payment for Environmental Services (PFES)"
164,Kon Ka Kinh,108.570528,14.5053387,National Park,"Critical Ecosystem Partnership Fund (CEPF) (Grant Number: CEPF-103468). Co-financing includes: Other donors direct cost funding USD 413,270; PRCF in-kind USD 64,000; Other in-kind USD 3,800. Also mentions Payment From Forest Environmental Services (PFES).","People Resources and Conservation Foundation (PRCF) [Organization Legal Name / Implementation partner]; Tuyen Quang Provincial Peoplesâ€™ Committee (PPC) [Local government partner]; Tuyen Quang Department of Agriculture and Rural Development (DARD) [Local government partner]; Tuyen Quang Forest Protection Department (FPD) [Local government partner]; Sinh Long Commune People's Committee [Immediate government partner, helping with project direction and compliances with government policy]; Na Hang District Peoplesâ€™ Committee [Immediate government partner, helping with project direction and compliances with government policy]; Lam Binh Forest Protection Management Board [Immediate government partner, helping with project direction and compliances with government policy]; Thai Nguyen Agroforestry University (TUAF) [Provision of technical support in agriculture, livestock, and forestry to stakeholder communities]; People and Nature Reconciliation (Pan Nature) [National non-governmental organization, participated in workings related to co-management initiatives]; Vietnam National Parks and Protected Areas Association (VNPPA) [Participated in workings related to co-management initiatives]; Department of Nature Conservation (DoNC) within MARD [Government policy discussions and support]","15 villages (primarily Tay and Hâ€™Mong ethnic communities) in the Sinh Long site and Lam Binh conservation landscape; 965 households (in nine of 15 villages targeted), with 65% (or 627) of the direct beneficiaries being women; Francois' Langur (Trachypithecus francoisi) (124-139 individuals); Other threatened species protected including Mammals (Manis pentadactyla), Amphibians (Quasipaa boulengeri), Reptiles (Geoemyda spengleri, Bungarus fasciatus), Insects (Dorcus curvidens curvidens, Dorcus titanus fafner, Cheirotonus jansoni), and Plants (Asarum balansae, Dyosama difformis, Mahonia nepalensis, Fernandoa bracteate, Fernandoa collignoni, Garcinia fagraeoides, Magnolia grandis, Magnolia rostrata, Anoectochilus calcareus, Dendrobium longicornu, Dedrobium nobile, Paphiopedilum concolor, Paphiopedilum henryanum, Madhuca pasquieri, Taxus chinensis, Burretiodedron hsienmu, Aquilaria crassna, Paris polyphylla).","24,252 ha within Lam Binh and Na Hang districts, Tuyen Quang province, northern Vietnam (Lam Binh district: 10,708 ha in Khuon Ha commune and 8,990 ha in Thuong Lam commune; Na Hang district: 4,554 ha in Sinh Long commune). Approximately 65% (15,763 ha) of this area corresponds to karst forest.",2018-2020,"Five-Year 2020-2025 Conservation and Development Plan; Annual Operational Management Plans (OMPs); Establishment of Village Co-Management Committees (VMCs), Village Self-help Groups (VSHGs), Community Conservation Teams (CCTs), and Village Forest Management Committees (VFMCs); VMC Network; SMART monitoring tools/database for species and habitat patrol; Introduction of improved agriculture, agroforestry, and forestry measures/models; Piloting of a Community-based Conservation Area model.","Supporting: Protection of 24,252 ha of habitat (including 15,763 ha of karst forest) serving as a refuge for the endangered Francois' Langur and other threatened flora and fauna species. Provisioning: Watershed protection (Lam Binh watershed protection area); potential carbon sequestration/emission reduction (drafted Plan Vivo Project Idea Note for carbon credits); livelihood improvements through sustainable agriculture and agroforestry. Cultural: N/A (Project focused heavily on empowerment, training, and recognition of natural resource management rights for local ethnic communities, but formal cultural services are not explicitly labeled as such).",https://www.cepf.net/grants/grantee-projects/reinforced-community-based-conservation-initiatives-lam-binh-landscape; https://www.cepf.net/resources/final-project-report/final-project-report-2371,"Grant, Co-financing (direct cost funding and in-kind), and Payment for Environmental Services (PFES)"
165,Cuc Phuong,105.607063,20.324884,National Park,"Critical Ecosystem Partnership Fund (CEPF) [US$154,950]; Wildlife Conservation Society (WCS) [US$32,000 for core support for staff in Cambodia, finances and management]; Turtle Survival Alliance (TSA) [US$15,000 for technical expert support covering design and implementation of Batagur project]; Mohamed bin Zayed Species Conservation Fund (MBZ) [US$5,000 for support of field surveys for Cuora species in central Vietnam]; IUCN Netherlands Small grants for the Purchase of Nature (SPN)","Cleveland Zoological Society (CZS) [Program Coordinator]; Asian Turtle Program (ATP) [Program implementation]; Education for Nature Vietnam (ENV) [development and implementation of all awareness and environmental education components, wildlife trade hotline]; Turtle Conservation Centre (TCC) of Cuc Phuong National Park [rescue centre, captive breeding]; Forest Protection Departments (FPD) [enforcement, surveys, patrols]; Centre for Resources and Environmental Studies (CRES) [joint surveys]; Wildlife Conservation Society (WCS) [led work on B.affinis in Cambodia, co-finance]; Fisheries Administration (FiA) of the Ministry of Agriculture, Forestry and Fisheries (MAFF) Cambodia [patrols, enforcement]; IUCN [up-listing proposals, Netherlands SPN grant provider]; Southern Institute of Ecology (SIE) [Species Habitat Conservation Area establishment]; Turtle Survival Alliance (TSA) [Technical expert support]; Mohamed bin Zayed Species Conservation Fund (MBZ) [Support of field surveys]","685 participants in 18 villages for community meetings; 4,910 pupils in 153 classes for school programs; 805 village members engaged in awareness activities; 34 community awareness events in four provinces; over 27 journalists; 77 rangers from FPD trained; 31 students participating in training courses; 104 individual land users involved in mapping; local fishermen in Cambodia. Targeted fauna: Vietnamese pond turtle (Mauremys annamensis), Mangrove Terrapin / Southern River Terrapin (Batagur affinis), Indochinese box turtle (Cuora galbinifrons), Lesser Indochinese Box Turtle (Cuora picturata), Bourretâ€™s Indochinese Box Turtle (Cuora bourreti), Chinese three-striped box turtle (Cuora trifasciata), Chinese striped-necked turtle (Mauremys sinensis), Impressed tortoise (Manouria impressa), Asiatic softshell turtle (Amyda cartilaginea), Wattle-necked softshell turtle (Palea steindachneri), Asian giant softshell turtle (Pelochelys cantorii), Four-eyed turtle (Sacalia quadriocellata), Cuora mouhotii obsti.","330,957 square kilometers area in central Vietnam (extending from 12th - 17th parallel, including Kon Tum, Gia Lai, Dak Lak, Dak Nong, Thua-Thien Hue, Da Nang, Quang Nam, Quang Ngai, Binh Dinh, Phu Yen, Khanh Hoa provinces); 130 hectares / 153 hectares mapped / 400 hectares block identified for Species Habitat Conservation Area (SHCA) in Binh Son District, Quang Ngai province, Vietnam; Sre Ambel River, Kho Khong province, Cambodia.",2009-2013,"Establishment of a Species Habitat Conservation Area (SHCA), environmental education components, school programs ('Lucky Turtle' game), community awareness events ('Turtle Cup' football matches), training for Forest Protection Department (FPD) and rangers (GPS, SMART software), head-starting facility, nest protection, community patrols, radio telemetry study / satellite transmitter for tracking, nonlethal aquatic trapping, time search transects, dog surveys for turtle monitoring.","Supporting: Habitat refuge for threatened tortoise and freshwater turtle species, forest protection, wetland conservation. Provisioning: N/A. Cultural: Educational programs for schools, training for local rangers and students, community football matches, awareness raising among communities and journalists.",https://www.cepf.net/grants/grantee-projects/research-and-conservation-action-tortoises-and-freshwater-turtles-indo-burma; https://www.cepf.net/resources/final-project-report/final-project-report-1421,"Bilateral Grant, Co-financing, Grantee and Partner leveraging"
166,Song Thanh,107.625511,15.48794,Nature Reserve,"Critical Ecosystem Partnership Fund (CEPF) [US$154,950]; Wildlife Conservation Society (WCS) [US$32,000 for core support for staff in Cambodia, finances and management]; Turtle Survival Alliance (TSA) [US$15,000 for technical expert support covering design and implementation of Batagur project]; Mohamed bin Zayed Species Conservation Fund (MBZ) [US$5,000 for support of field surveys for Cuora species in central Vietnam]; IUCN Netherlands Small grants for the Purchase of Nature (SPN)","Cleveland Zoological Society (CZS) [Program Coordinator]; Asian Turtle Program (ATP) [Program implementation]; Education for Nature Vietnam (ENV) [development and implementation of all awareness and environmental education components, wildlife trade hotline]; Turtle Conservation Centre (TCC) of Cuc Phuong National Park [rescue centre, captive breeding]; Forest Protection Departments (FPD) [enforcement, surveys, patrols]; Centre for Resources and Environmental Studies (CRES) [joint surveys]; Wildlife Conservation Society (WCS) [led work on B.affinis in Cambodia, co-finance]; Fisheries Administration (FiA) of the Ministry of Agriculture, Forestry and Fisheries (MAFF) Cambodia [patrols, enforcement]; IUCN [up-listing proposals, Netherlands SPN grant provider]; Southern Institute of Ecology (SIE) [Species Habitat Conservation Area establishment]; Turtle Survival Alliance (TSA) [Technical expert support]; Mohamed bin Zayed Species Conservation Fund (MBZ) [Support of field surveys]","685 participants in 18 villages for community meetings; 4,910 pupils in 153 classes for school programs; 805 village members engaged in awareness activities; 34 community awareness events in four provinces; over 27 journalists; 77 rangers from FPD trained; 31 students participating in training courses; 104 individual land users involved in mapping; local fishermen in Cambodia. Targeted fauna: Vietnamese pond turtle (Mauremys annamensis), Mangrove Terrapin / Southern River Terrapin (Batagur affinis), Indochinese box turtle (Cuora galbinifrons), Lesser Indochinese Box Turtle (Cuora picturata), Bourretâ€™s Indochinese Box Turtle (Cuora bourreti), Chinese three-striped box turtle (Cuora trifasciata), Chinese striped-necked turtle (Mauremys sinensis), Impressed tortoise (Manouria impressa), Asiatic softshell turtle (Amyda cartilaginea), Wattle-necked softshell turtle (Palea steindachneri), Asian giant softshell turtle (Pelochelys cantorii), Four-eyed turtle (Sacalia quadriocellata), Cuora mouhotii obsti.","330,957 square kilometers area in central Vietnam (extending from 12th - 17th parallel, including Kon Tum, Gia Lai, Dak Lak, Dak Nong, Thua-Thien Hue, Da Nang, Quang Nam, Quang Ngai, Binh Dinh, Phu Yen, Khanh Hoa provinces); 130 hectares / 153 hectares mapped / 400 hectares block identified for Species Habitat Conservation Area (SHCA) in Binh Son District, Quang Ngai province, Vietnam; Sre Ambel River, Kho Khong province, Cambodia.",2009-2013,"Establishment of a Species Habitat Conservation Area (SHCA), environmental education components, school programs ('Lucky Turtle' game), community awareness events ('Turtle Cup' football matches), training for Forest Protection Department (FPD) and rangers (GPS, SMART software), head-starting facility, nest protection, community patrols, radio telemetry study / satellite transmitter for tracking, nonlethal aquatic trapping, time search transects, dog surveys for turtle monitoring.","Supporting: Habitat refuge for threatened tortoise and freshwater turtle species, forest protection, wetland conservation. Provisioning: N/A. Cultural: Educational programs for schools, training for local rangers and students, community football matches, awareness raising among communities and journalists.",https://www.cepf.net/grants/grantee-projects/research-and-conservation-action-tortoises-and-freshwater-turtles-indo-burma; https://www.cepf.net/resources/final-project-report/final-project-report-1421,"Bilateral Grant, Co-financing, Grantee and Partner leveraging"
167,Sao La,107.5845681,16.02874192,Nature Reserve,"Critical Ecosystem Partnership Fund (CEPF) [US$154,950]; Wildlife Conservation Society (WCS) [US$32,000 for core support for staff in Cambodia, finances and management]; Turtle Survival Alliance (TSA) [US$15,000 for technical expert support covering design and implementation of Batagur project]; Mohamed bin Zayed Species Conservation Fund (MBZ) [US$5,000 for support of field surveys for Cuora species in central Vietnam]; IUCN Netherlands Small grants for the Purchase of Nature (SPN)","Cleveland Zoological Society (CZS) [Program Coordinator]; Asian Turtle Program (ATP) [Program implementation]; Education for Nature Vietnam (ENV) [development and implementation of all awareness and environmental education components, wildlife trade hotline]; Turtle Conservation Centre (TCC) of Cuc Phuong National Park [rescue centre, captive breeding]; Forest Protection Departments (FPD) [enforcement, surveys, patrols]; Centre for Resources and Environmental Studies (CRES) [joint surveys]; Wildlife Conservation Society (WCS) [led work on B.affinis in Cambodia, co-finance]; Fisheries Administration (FiA) of the Ministry of Agriculture, Forestry and Fisheries (MAFF) Cambodia [patrols, enforcement]; IUCN [up-listing proposals, Netherlands SPN grant provider]; Southern Institute of Ecology (SIE) [Species Habitat Conservation Area establishment]; Turtle Survival Alliance (TSA) [Technical expert support]; Mohamed bin Zayed Species Conservation Fund (MBZ) [Support of field surveys]","685 participants in 18 villages for community meetings; 4,910 pupils in 153 classes for school programs; 805 village members engaged in awareness activities; 34 community awareness events in four provinces; over 27 journalists; 77 rangers from FPD trained; 31 students participating in training courses; 104 individual land users involved in mapping; local fishermen in Cambodia. Targeted fauna: Vietnamese pond turtle (Mauremys annamensis), Mangrove Terrapin / Southern River Terrapin (Batagur affinis), Indochinese box turtle (Cuora galbinifrons), Lesser Indochinese Box Turtle (Cuora picturata), Bourretâ€™s Indochinese Box Turtle (Cuora bourreti), Chinese three-striped box turtle (Cuora trifasciata), Chinese striped-necked turtle (Mauremys sinensis), Impressed tortoise (Manouria impressa), Asiatic softshell turtle (Amyda cartilaginea), Wattle-necked softshell turtle (Palea steindachneri), Asian giant softshell turtle (Pelochelys cantorii), Four-eyed turtle (Sacalia quadriocellata), Cuora mouhotii obsti.","330,957 square kilometers area in central Vietnam (extending from 12th - 17th parallel, including Kon Tum, Gia Lai, Dak Lak, Dak Nong, Thua-Thien Hue, Da Nang, Quang Nam, Quang Ngai, Binh Dinh, Phu Yen, Khanh Hoa provinces); 130 hectares / 153 hectares mapped / 400 hectares block identified for Species Habitat Conservation Area (SHCA) in Binh Son District, Quang Ngai province, Vietnam; Sre Ambel River, Kho Khong province, Cambodia.",2009-2013,"Establishment of a Species Habitat Conservation Area (SHCA), environmental education components, school programs ('Lucky Turtle' game), community awareness events ('Turtle Cup' football matches), training for Forest Protection Department (FPD) and rangers (GPS, SMART software), head-starting facility, nest protection, community patrols, radio telemetry study / satellite transmitter for tracking, nonlethal aquatic trapping, time search transects, dog surveys for turtle monitoring.","Supporting: Habitat refuge for threatened tortoise and freshwater turtle species, forest protection, wetland conservation. Provisioning: N/A. Cultural: Educational programs for schools, training for local rangers and students, community football matches, awareness raising among communities and journalists.",https://www.cepf.net/grants/grantee-projects/research-and-conservation-action-tortoises-and-freshwater-turtles-indo-burma; https://www.cepf.net/resources/final-project-report/final-project-report-1421,"Bilateral Grant, Co-financing, Grantee and Partner leveraging"
168,Phong Dien,107.200384,16.45256,Nature Reserve,"Critical Ecosystem Partnership Fund (CEPF) [US$154,950]; Wildlife Conservation Society (WCS) [US$32,000 for core support for staff in Cambodia, finances and management]; Turtle Survival Alliance (TSA) [US$15,000 for technical expert support covering design and implementation of Batagur project]; Mohamed bin Zayed Species Conservation Fund (MBZ) [US$5,000 for support of field surveys for Cuora species in central Vietnam]; IUCN Netherlands Small grants for the Purchase of Nature (SPN)","Cleveland Zoological Society (CZS) [Program Coordinator]; Asian Turtle Program (ATP) [Program implementation]; Education for Nature Vietnam (ENV) [development and implementation of all awareness and environmental education components, wildlife trade hotline]; Turtle Conservation Centre (TCC) of Cuc Phuong National Park [rescue centre, captive breeding]; Forest Protection Departments (FPD) [enforcement, surveys, patrols]; Centre for Resources and Environmental Studies (CRES) [joint surveys]; Wildlife Conservation Society (WCS) [led work on B.affinis in Cambodia, co-finance]; Fisheries Administration (FiA) of the Ministry of Agriculture, Forestry and Fisheries (MAFF) Cambodia [patrols, enforcement]; IUCN [up-listing proposals, Netherlands SPN grant provider]; Southern Institute of Ecology (SIE) [Species Habitat Conservation Area establishment]; Turtle Survival Alliance (TSA) [Technical expert support]; Mohamed bin Zayed Species Conservation Fund (MBZ) [Support of field surveys]","685 participants in 18 villages for community meetings; 4,910 pupils in 153 classes for school programs; 805 village members engaged in awareness activities; 34 community awareness events in four provinces; over 27 journalists; 77 rangers from FPD trained; 31 students participating in training courses; 104 individual land users involved in mapping; local fishermen in Cambodia. Targeted fauna: Vietnamese pond turtle (Mauremys annamensis), Mangrove Terrapin / Southern River Terrapin (Batagur affinis), Indochinese box turtle (Cuora galbinifrons), Lesser Indochinese Box Turtle (Cuora picturata), Bourretâ€™s Indochinese Box Turtle (Cuora bourreti), Chinese three-striped box turtle (Cuora trifasciata), Chinese striped-necked turtle (Mauremys sinensis), Impressed tortoise (Manouria impressa), Asiatic softshell turtle (Amyda cartilaginea), Wattle-necked softshell turtle (Palea steindachneri), Asian giant softshell turtle (Pelochelys cantorii), Four-eyed turtle (Sacalia quadriocellata), Cuora mouhotii obsti.","330,957 square kilometers area in central Vietnam (extending from 12th - 17th parallel, including Kon Tum, Gia Lai, Dak Lak, Dak Nong, Thua-Thien Hue, Da Nang, Quang Nam, Quang Ngai, Binh Dinh, Phu Yen, Khanh Hoa provinces); 130 hectares / 153 hectares mapped / 400 hectares block identified for Species Habitat Conservation Area (SHCA) in Binh Son District, Quang Ngai province, Vietnam; Sre Ambel River, Kho Khong province, Cambodia.",2009-2013,"Establishment of a Species Habitat Conservation Area (SHCA), environmental education components, school programs ('Lucky Turtle' game), community awareness events ('Turtle Cup' football matches), training for Forest Protection Department (FPD) and rangers (GPS, SMART software), head-starting facility, nest protection, community patrols, radio telemetry study / satellite transmitter for tracking, nonlethal aquatic trapping, time search transects, dog surveys for turtle monitoring.","Supporting: Habitat refuge for threatened tortoise and freshwater turtle species, forest protection, wetland conservation. Provisioning: N/A. Cultural: Educational programs for schools, training for local rangers and students, community football matches, awareness raising among communities and journalists.",https://www.cepf.net/grants/grantee-projects/research-and-conservation-action-tortoises-and-freshwater-turtles-indo-burma; https://www.cepf.net/resources/final-project-report/final-project-report-1421,"Bilateral Grant, Co-financing, Grantee and Partner leveraging"
169,Bach Ma,107.7824611,16.13711526,National Park,"Critical Ecosystem Partnership Fund (CEPF) [US$154,950]; Wildlife Conservation Society (WCS) [US$32,000 for core support for staff in Cambodia, finances and management]; Turtle Survival Alliance (TSA) [US$15,000 for technical expert support covering design and implementation of Batagur project]; Mohamed bin Zayed Species Conservation Fund (MBZ) [US$5,000 for support of field surveys for Cuora species in central Vietnam]; IUCN Netherlands Small grants for the Purchase of Nature (SPN)","Cleveland Zoological Society (CZS) [Program Coordinator]; Asian Turtle Program (ATP) [Program implementation]; Education for Nature Vietnam (ENV) [development and implementation of all awareness and environmental education components, wildlife trade hotline]; Turtle Conservation Centre (TCC) of Cuc Phuong National Park [rescue centre, captive breeding]; Forest Protection Departments (FPD) [enforcement, surveys, patrols]; Centre for Resources and Environmental Studies (CRES) [joint surveys]; Wildlife Conservation Society (WCS) [led work on B.affinis in Cambodia, co-finance]; Fisheries Administration (FiA) of the Ministry of Agriculture, Forestry and Fisheries (MAFF) Cambodia [patrols, enforcement]; IUCN [up-listing proposals, Netherlands SPN grant provider]; Southern Institute of Ecology (SIE) [Species Habitat Conservation Area establishment]; Turtle Survival Alliance (TSA) [Technical expert support]; Mohamed bin Zayed Species Conservation Fund (MBZ) [Support of field surveys]","685 participants in 18 villages for community meetings; 4,910 pupils in 153 classes for school programs; 805 village members engaged in awareness activities; 34 community awareness events in four provinces; over 27 journalists; 77 rangers from FPD trained; 31 students participating in training courses; 104 individual land users involved in mapping; local fishermen in Cambodia. Targeted fauna: Vietnamese pond turtle (Mauremys annamensis), Mangrove Terrapin / Southern River Terrapin (Batagur affinis), Indochinese box turtle (Cuora galbinifrons), Lesser Indochinese Box Turtle (Cuora picturata), Bourretâ€™s Indochinese Box Turtle (Cuora bourreti), Chinese three-striped box turtle (Cuora trifasciata), Chinese striped-necked turtle (Mauremys sinensis), Impressed tortoise (Manouria impressa), Asiatic softshell turtle (Amyda cartilaginea), Wattle-necked softshell turtle (Palea steindachneri), Asian giant softshell turtle (Pelochelys cantorii), Four-eyed turtle (Sacalia quadriocellata), Cuora mouhotii obsti.","330,957 square kilometers area in central Vietnam (extending from 12th - 17th parallel, including Kon Tum, Gia Lai, Dak Lak, Dak Nong, Thua-Thien Hue, Da Nang, Quang Nam, Quang Ngai, Binh Dinh, Phu Yen, Khanh Hoa provinces); 130 hectares / 153 hectares mapped / 400 hectares block identified for Species Habitat Conservation Area (SHCA) in Binh Son District, Quang Ngai province, Vietnam; Sre Ambel River, Kho Khong province, Cambodia.",2009-2013,"Establishment of a Species Habitat Conservation Area (SHCA), environmental education components, school programs ('Lucky Turtle' game), community awareness events ('Turtle Cup' football matches), training for Forest Protection Department (FPD) and rangers (GPS, SMART software), head-starting facility, nest protection, community patrols, radio telemetry study / satellite transmitter for tracking, nonlethal aquatic trapping, time search transects, dog surveys for turtle monitoring.","Supporting: Habitat refuge for threatened tortoise and freshwater turtle species, forest protection, wetland conservation. Provisioning: N/A. Cultural: Educational programs for schools, training for local rangers and students, community football matches, awareness raising among communities and journalists.",https://www.cepf.net/grants/grantee-projects/research-and-conservation-action-tortoises-and-freshwater-turtles-indo-burma; https://www.cepf.net/resources/final-project-report/final-project-report-1421,"Bilateral Grant, Co-financing, Grantee and Partner leveraging"
170,Yok Don,107.662001,12.956476,National Park,"Critical Ecosystem Partnership Fund (CEPF) [US$154,950]; Wildlife Conservation Society (WCS) [US$32,000 for core support for staff in Cambodia, finances and management]; Turtle Survival Alliance (TSA) [US$15,000 for technical expert support covering design and implementation of Batagur project]; Mohamed bin Zayed Species Conservation Fund (MBZ) [US$5,000 for support of field surveys for Cuora species in central Vietnam]; IUCN Netherlands Small grants for the Purchase of Nature (SPN)","Cleveland Zoological Society (CZS) [Program Coordinator]; Asian Turtle Program (ATP) [Program implementation]; Education for Nature Vietnam (ENV) [development and implementation of all awareness and environmental education components, wildlife trade hotline]; Turtle Conservation Centre (TCC) of Cuc Phuong National Park [rescue centre, captive breeding]; Forest Protection Departments (FPD) [enforcement, surveys, patrols]; Centre for Resources and Environmental Studies (CRES) [joint surveys]; Wildlife Conservation Society (WCS) [led work on B.affinis in Cambodia, co-finance]; Fisheries Administration (FiA) of the Ministry of Agriculture, Forestry and Fisheries (MAFF) Cambodia [patrols, enforcement]; IUCN [up-listing proposals, Netherlands SPN grant provider]; Southern Institute of Ecology (SIE) [Species Habitat Conservation Area establishment]; Turtle Survival Alliance (TSA) [Technical expert support]; Mohamed bin Zayed Species Conservation Fund (MBZ) [Support of field surveys]","685 participants in 18 villages for community meetings; 4,910 pupils in 153 classes for school programs; 805 village members engaged in awareness activities; 34 community awareness events in four provinces; over 27 journalists; 77 rangers from FPD trained; 31 students participating in training courses; 104 individual land users involved in mapping; local fishermen in Cambodia. Targeted fauna: Vietnamese pond turtle (Mauremys annamensis), Mangrove Terrapin / Southern River Terrapin (Batagur affinis), Indochinese box turtle (Cuora galbinifrons), Lesser Indochinese Box Turtle (Cuora picturata), Bourretâ€™s Indochinese Box Turtle (Cuora bourreti), Chinese three-striped box turtle (Cuora trifasciata), Chinese striped-necked turtle (Mauremys sinensis), Impressed tortoise (Manouria impressa), Asiatic softshell turtle (Amyda cartilaginea), Wattle-necked softshell turtle (Palea steindachneri), Asian giant softshell turtle (Pelochelys cantorii), Four-eyed turtle (Sacalia quadriocellata), Cuora mouhotii obsti.","330,957 square kilometers area in central Vietnam (extending from 12th - 17th parallel, including Kon Tum, Gia Lai, Dak Lak, Dak Nong, Thua-Thien Hue, Da Nang, Quang Nam, Quang Ngai, Binh Dinh, Phu Yen, Khanh Hoa provinces); 130 hectares / 153 hectares mapped / 400 hectares block identified for Species Habitat Conservation Area (SHCA) in Binh Son District, Quang Ngai province, Vietnam; Sre Ambel River, Kho Khong province, Cambodia.",2009-2013,"Establishment of a Species Habitat Conservation Area (SHCA), environmental education components, school programs ('Lucky Turtle' game), community awareness events ('Turtle Cup' football matches), training for Forest Protection Department (FPD) and rangers (GPS, SMART software), head-starting facility, nest protection, community patrols, radio telemetry study / satellite transmitter for tracking, nonlethal aquatic trapping, time search transects, dog surveys for turtle monitoring.","Supporting: Habitat refuge for threatened tortoise and freshwater turtle species, forest protection, wetland conservation. Provisioning: N/A. Cultural: Educational programs for schools, training for local rangers and students, community football matches, awareness raising among communities and journalists.",https://www.cepf.net/grants/grantee-projects/research-and-conservation-action-tortoises-and-freshwater-turtles-indo-burma; https://www.cepf.net/resources/final-project-report/final-project-report-1421,"Bilateral Grant, Co-financing, Grantee and Partner leveraging"
171,Hon Ba,108.967361,12.126323,Nature Reserve,"Critical Ecosystem Partnership Fund (CEPF) [US$154,950]; Wildlife Conservation Society (WCS) [US$32,000 for core support for staff in Cambodia, finances and management]; Turtle Survival Alliance (TSA) [US$15,000 for technical expert support covering design and implementation of Batagur project]; Mohamed bin Zayed Species Conservation Fund (MBZ) [US$5,000 for support of field surveys for Cuora species in central Vietnam]; IUCN Netherlands Small grants for the Purchase of Nature (SPN)","Cleveland Zoological Society (CZS) [Program Coordinator]; Asian Turtle Program (ATP) [Program implementation]; Education for Nature Vietnam (ENV) [development and implementation of all awareness and environmental education components, wildlife trade hotline]; Turtle Conservation Centre (TCC) of Cuc Phuong National Park [rescue centre, captive breeding]; Forest Protection Departments (FPD) [enforcement, surveys, patrols]; Centre for Resources and Environmental Studies (CRES) [joint surveys]; Wildlife Conservation Society (WCS) [led work on B.affinis in Cambodia, co-finance]; Fisheries Administration (FiA) of the Ministry of Agriculture, Forestry and Fisheries (MAFF) Cambodia [patrols, enforcement]; IUCN [up-listing proposals, Netherlands SPN grant provider]; Southern Institute of Ecology (SIE) [Species Habitat Conservation Area establishment]; Turtle Survival Alliance (TSA) [Technical expert support]; Mohamed bin Zayed Species Conservation Fund (MBZ) [Support of field surveys]","685 participants in 18 villages for community meetings; 4,910 pupils in 153 classes for school programs; 805 village members engaged in awareness activities; 34 community awareness events in four provinces; over 27 journalists; 77 rangers from FPD trained; 31 students participating in training courses; 104 individual land users involved in mapping; local fishermen in Cambodia. Targeted fauna: Vietnamese pond turtle (Mauremys annamensis), Mangrove Terrapin / Southern River Terrapin (Batagur affinis), Indochinese box turtle (Cuora galbinifrons), Lesser Indochinese Box Turtle (Cuora picturata), Bourretâ€™s Indochinese Box Turtle (Cuora bourreti), Chinese three-striped box turtle (Cuora trifasciata), Chinese striped-necked turtle (Mauremys sinensis), Impressed tortoise (Manouria impressa), Asiatic softshell turtle (Amyda cartilaginea), Wattle-necked softshell turtle (Palea steindachneri), Asian giant softshell turtle (Pelochelys cantorii), Four-eyed turtle (Sacalia quadriocellata), Cuora mouhotii obsti.","330,957 square kilometers area in central Vietnam (extending from 12th - 17th parallel, including Kon Tum, Gia Lai, Dak Lak, Dak Nong, Thua-Thien Hue, Da Nang, Quang Nam, Quang Ngai, Binh Dinh, Phu Yen, Khanh Hoa provinces); 130 hectares / 153 hectares mapped / 400 hectares block identified for Species Habitat Conservation Area (SHCA) in Binh Son District, Quang Ngai province, Vietnam; Sre Ambel River, Kho Khong province, Cambodia.",2009-2013,"Establishment of a Species Habitat Conservation Area (SHCA), environmental education components, school programs ('Lucky Turtle' game), community awareness events ('Turtle Cup' football matches), training for Forest Protection Department (FPD) and rangers (GPS, SMART software), head-starting facility, nest protection, community patrols, radio telemetry study / satellite transmitter for tracking, nonlethal aquatic trapping, time search transects, dog surveys for turtle monitoring.","Supporting: Habitat refuge for threatened tortoise and freshwater turtle species, forest protection, wetland conservation. Provisioning: N/A. Cultural: Educational programs for schools, training for local rangers and students, community football matches, awareness raising among communities and journalists.",https://www.cepf.net/grants/grantee-projects/research-and-conservation-action-tortoises-and-freshwater-turtles-indo-burma; https://www.cepf.net/resources/final-project-report/final-project-report-1421,"Bilateral Grant, Co-financing, Grantee and Partner leveraging"
172,Bach Ma,107.7824611,16.13711526,National Park,"Critical Ecosystem Partnership Fund (CEPF) [$235,000.00], with additional budget from Re:wild and other donors for the Center's construction","World Wide Fund for Nature - Greater Mekong / WWF-Viet Nam (Grantee and Lead implementer); Global Wildlife Conservation / Re:wild (Project partner developing materials, MOUs, protocols, guidelines and reports for focal species, identifying micro-watersheds, providing additional budget); Asian Turtle Program / ATP (Project partner developing materials, protocols, guidelines and reports for Bourretâ€™s Box Turtle); Mr. Jeff Holland (Consultancy service developing materials and protocols related to animal husbandry guidelines and operating procedures); Phong Chau Joint Stock Company (Construction Contractor to build the Bach Ma Conservation Breeding Center); Song Ty Construction Consulting Company Limited (Supervising the construction of Bach Ma Conservation Breeding Center); Central Institute for Natural Resources and Environmental Studies / CRES (Providing consultancy on Environmental Impact Assessment for the breeding center); Vietnamese Construction Design Company (Designing the Center); Bach Ma National Park Management Board (Implementation partner for the breeding center)","24 staff trained (22 men, 2 women) including 10 Hue and Quang Nam Forest Protection staff trained on camera trapping, 7 Forest Protection staff in Quang Nam and Hue Saola Nature Reserves trained on turtle capture-mark-recapture, and 7 Bach Ma Conservation Center staff trained on husbandry biosafety. Targeted threatened flagship fauna protected: Large-antlered Muntjac, Annamite Striped Rabbit, Annamite Crested Argus, and Bourretâ€™s Box Turtle (including 12 individuals transferred for breeding).","2,500 square meters for the Bach Ma Conservation Breeding Center (within a 95,000 square meters designated ex-situ conservation area in Bach Ma National Park), plus two micro-watersheds identified in Hue Saola Nature Reserve and Quang Nam Saola Nature Reserve. Geographically located in Hue and Da Nang cities, Central Annamites, Viet Nam.",2021-2025,"Conservation Breeding Center construction (including animal enclosures, aviary, internal road system, and wastewater treatment tank); Husbandry guidelines; Biosecurity and standard operating protocols; Conservation Breeding Plans (One Plan Approach); Population viability analyses (PVAs) using Vortex computer models; Systematic camera-trapping grids (500x500m and 250x250m) and turtle capture-mark-recapture transect surveys for baseline monitoring; Awareness-raising training materials and identification guides.","Supporting: Species population recovery and rewilding, ex-situ and in-situ habitat refuge for globally threatened species (Large-antlered Muntjac, Annamite Striped Rabbit, Annamite Crested Argus, Bourret's Box Turtle). Cultural: Educational capacity building for forest protection staff and awareness-raising for local communities. Provisioning: N/A.",https://www.cepf.net/grants/grantee-projects/rewilding-annamites-vietnam; https://www.cepf.net/resources/final-project-report/final-completion-and-impact-report-111997,Grant (including sub-grants and consultancy contracts)
173,Cuc Phuong,105.607063,20.324884,National Park,"Critical Ecosystem Partnership Fund (CEPF) [$235,000.00], with additional budget from Re:wild and other donors for the Center's construction","World Wide Fund for Nature - Greater Mekong / WWF-Viet Nam (Grantee and Lead implementer); Global Wildlife Conservation / Re:wild (Project partner developing materials, MOUs, protocols, guidelines and reports for focal species, identifying micro-watersheds, providing additional budget); Asian Turtle Program / ATP (Project partner developing materials, protocols, guidelines and reports for Bourretâ€™s Box Turtle); Mr. Jeff Holland (Consultancy service developing materials and protocols related to animal husbandry guidelines and operating procedures); Phong Chau Joint Stock Company (Construction Contractor to build the Bach Ma Conservation Breeding Center); Song Ty Construction Consulting Company Limited (Supervising the construction of Bach Ma Conservation Breeding Center); Central Institute for Natural Resources and Environmental Studies / CRES (Providing consultancy on Environmental Impact Assessment for the breeding center); Vietnamese Construction Design Company (Designing the Center); Bach Ma National Park Management Board (Implementation partner for the breeding center)","24 staff trained (22 men, 2 women) including 10 Hue and Quang Nam Forest Protection staff trained on camera trapping, 7 Forest Protection staff in Quang Nam and Hue Saola Nature Reserves trained on turtle capture-mark-recapture, and 7 Bach Ma Conservation Center staff trained on husbandry biosafety. Targeted threatened flagship fauna protected: Large-antlered Muntjac, Annamite Striped Rabbit, Annamite Crested Argus, and Bourretâ€™s Box Turtle (including 12 individuals transferred for breeding).","2,500 square meters for the Bach Ma Conservation Breeding Center (within a 95,000 square meters designated ex-situ conservation area in Bach Ma National Park), plus two micro-watersheds identified in Hue Saola Nature Reserve and Quang Nam Saola Nature Reserve. Geographically located in Hue and Da Nang cities, Central Annamites, Viet Nam.",2021-2025,"Conservation Breeding Center construction (including animal enclosures, aviary, internal road system, and wastewater treatment tank); Husbandry guidelines; Biosecurity and standard operating protocols; Conservation Breeding Plans (One Plan Approach); Population viability analyses (PVAs) using Vortex computer models; Systematic camera-trapping grids (500x500m and 250x250m) and turtle capture-mark-recapture transect surveys for baseline monitoring; Awareness-raising training materials and identification guides.","Supporting: Species population recovery and rewilding, ex-situ and in-situ habitat refuge for globally threatened species (Large-antlered Muntjac, Annamite Striped Rabbit, Annamite Crested Argus, Bourret's Box Turtle). Cultural: Educational capacity building for forest protection staff and awareness-raising for local communities. Provisioning: N/A.",https://www.cepf.net/grants/grantee-projects/rewilding-annamites-vietnam; https://www.cepf.net/resources/final-project-report/final-completion-and-impact-report-111997,Grant (including sub-grants and consultancy contracts)
174,Bach Ma,107.7824611,16.13711526,National Park,"Primary Donor: Critical Ecosystem Partnership Fund (CEPF) [US$242,674.00]. Additional Funding and Co-financiers: Centre for Ancient Genetics at the University of Copenhagen [20,000 EUR], Darwin Initiative [US$80,000 / 150,000 GBP from 2009-2012], World Wide Fund for Nature (WWF) via CarBi, France, and USFWS [US$200,000, including US$70,000 from WWF US and WWF France], German Government (KfW) for the CarBi project [3,773,284 EUR for Saola conservation out of a total 7,000,000 EUR], MacArthur Foundation [US$75,000], Wildlife Conservation Network (WCN) [minimum US$10,000].","World Wide Fund for Nature (WWF) Vietnam [Implementation partner, project execution, technical support, and co-management of Forest Guards], Saola Working Group (SWG) of the IUCN/SSC Asian Wild Cattle Specialist Group [Coordination, technical support, information sharing, and design of the regional Saola recovery plan], WCS Lao [Information sharing], Nam Theun 2 Watershed Management & Protection Authority [Information sharing], Forest Protection Department (FPD) of Thua Thien Hue and Quang Nam [Forest protection, patrols, monitoring, law enforcement, and planning], Hue Saola Nature Reserve Management Board [Implementation of Saola conservation strategies and co-management], Quang Nam Saola Species and Habitat Conservation Area Management Board [Implementation of Saola conservation strategies], Bach Ma National Park Management Board and staff [Patrol, monitoring, law enforcement, and training], Cambridge University [Community consultations, participatory mapping, and technical advice regarding incentive-based conservation], Durrell Institute of Conservation and Ecology at the University of Kent [Community consultations, participatory mapping, and technical advice], Vinh University [Community consultations, participatory mapping, technical advice, and co-hosting Saola Working Group meeting], Hue University [Community consultations, participatory mapping, and technical advice], American Museum of Natural History (AMNH) [Modeling Saola occurrence and distribution, mapping resource use by local communities, and genetic analysis on ungulate faecal samples], Institute of Ecology and Biological Resources (IEBR) [Research activities related to Saola], Centre for Natural Resources and Environment Studies (CRES) [Research activities related to Saola], TRT [Co-producing a short film on conserving Saola], Vietnam Association for Conservation of Nature and Environment (VACNE) [Co-organizing the 4th workshop on biodiversity conservation], District Forest Protection Department, Watershed Management Board, District Public Security, and Border Army [Participation in multi-agency patrol teams].","Target Groups: Local communities consisting of 36 villages (26 villages in the buffer zones of the Bach Ma National Park extension and the Hue Saola Nature Reserve, and 10 villages in the buffer zones of Quang Nam Saola Nature Reserve) across 5 communes in A Luoi and Nam Dong districts (including A Roang and A Dot communes) and Dong Giang and Tay Giang districts (including Song Kon, Bhalee, and Ta L communes). The communities include 7 ethnic groups: Kinh, Ca Tu, Muong, Thai, Tay, Ta Oi, and Hre. Specifically, the project impacted 89.1% of households in the buffer zone of Quang Nam Saola Nature Reserve, 44.5% of households in the buffer zone of Hue Saola Nature Reserve, and 54% of households in the buffer zone of the Bach Ma National Park extension. 32 villages participated in participatory mapping. 118 groups of local people were confronted in Hue, 84 groups of local people were confronted in Quang Nam, and 50 local villagers were spotted in Bach Ma during patrols. 40 Forest Guards were employed, 32 of whom are local community members. 28 trainees received law enforcement training, and 16 protected area staff and forest guards received communication training. 4 Lao students were awarded post-graduate scholarships. Threatened Fauna and Flora Protected: Saola (Pseudoryx nghetinhensis), red-shanked douc langur, serow, big-headed turtles, ferret badgers, wild pigs, monkeys, snakes, lizards, Hopea siamensis timber. Specific flora and fauna protected in Quang Nam Saola Protected Area include 9 plant species in the World Red Book, 50 plant species in the Vietnam Red Book, 154 animal species in the Vietnam Red Book, and 10 animal species in the World Red Book. Specific flora and fauna protected in Hue Saola Protected Area include 56 endemic or regionally endemic plant species and Saccolabiopsis plant species. Specific flora and fauna protected in Bach Ma National Park include 73 vegetation species in the Vietnam Red book, 69 animal species in the Vietnam Red book, and 15 endemic animal species.","Total Saola Protected Area complex area: 44,175.9 hectares (Quang Nam Saola Protected Area: 15,822 hectares; Hue Saola Protected Area: 12,105.9 hectares; Bach Ma Extension: 16,248 hectares), with a proposed 3,000 hectare extension for Hue Saola Protected Area. Buffer zones: Quang Nam Saola Protected Area (35,135.44 hectares), Hue Saola Protected Area (16,574 hectares), Bach Ma Extension (10,000 hectares). Biodiversity corridors created: Dong Giang and Tay Giang biodiversity corridor (200,000 hectares), Nam Dong and A Luoi corridor (130,000 hectares). Locations: Thua Thien Hue province and Quang Nam province, Central Annamites (Truong Son mountain range), Vietnam. Specific districts include A Luoi, Nam Dong, Dong Giang, and Tay Giang. Specific communes include A Roang, A Dot, Song Kon, Bhalee, Ta L.",2010-2012,"Forest Guard model (patrols undertaken by a joint team of Forest Guards and government staff under supervision of protected area managers); MIST software (Management Information System) for mapping GPS patrol routes, tracks, signs of key species, and threat data for adaptive management; Multi-agency forest patrols involving Forest Guards, Forest Protection Department, public security, and border army; Informant Networks for tracking poaching, logging, and wildlife trade; Participatory mapping (P-mapping) and community consultations for resource use assessment and conflict mitigation; DNA analysis through leeches and dung for detecting Saola existence; SWITCH Rattan project for sustainable rattan management and harvest plan covering 6768 hectares, enrichment of rattan seedling, promotion of handicraft, and market linkages; Livelihood mitigation strategies including development of livestock production, fuel wood plantation, rubber plantation, improvement of current cultivation production, mixed gardens and fruit trees, Benefit Sharing Mechanism for sustainable use of non-timber forest products, and forest protection contracts; Educational materials including Saola conservation leaflets and a 25-minute Saola conservation short film.","Supporting: Habitat refuge and biodiversity conservation for globally threatened and endemic species (Saola, red-shanked douc langur, serow, big-headed turtles, ferret badgers, wild pigs, and endemic plant species) in the Central Annamites and Truong Son mountain range; maintenance and protection of critical biodiversity corridors (Dong Giang, Tay Giang, Nam Dong, A Luoi); removal of direct ecosystem threats such as animal traps, snares, and illegal camps. Provisioning: Sustainable harvesting and management of non-timber forest products (rattan); timber and forest resource conservation by stopping illegal logging of Hopea siamensis and other tree species; securing natural resource access and fuel wood for local communities. Cultural: Environmental education and conservation awareness through training, leaflets, and a short film; participatory decision-making through community mapping and consultations; capacity building and skill development for protected area staff, forest guards, and local community members; funding post-graduate education (scholarships) for future conservationists.",https://www.cepf.net/grants/grantee-projects/safeguarding-saola-within-species-priority-landscape-vietnam; https://www.cepf.net/resources/final-project-report/final-project-report-1698,"Grant, Co-financing"
175,Sao La,107.5845681,16.02874192,Nature Reserve,"Primary Donor: Critical Ecosystem Partnership Fund (CEPF) [US$242,674.00]. Additional Funding and Co-financiers: Centre for Ancient Genetics at the University of Copenhagen [20,000 EUR], Darwin Initiative [US$80,000 / 150,000 GBP from 2009-2012], World Wide Fund for Nature (WWF) via CarBi, France, and USFWS [US$200,000, including US$70,000 from WWF US and WWF France], German Government (KfW) for the CarBi project [3,773,284 EUR for Saola conservation out of a total 7,000,000 EUR], MacArthur Foundation [US$75,000], Wildlife Conservation Network (WCN) [minimum US$10,000].","World Wide Fund for Nature (WWF) Vietnam [Implementation partner, project execution, technical support, and co-management of Forest Guards], Saola Working Group (SWG) of the IUCN/SSC Asian Wild Cattle Specialist Group [Coordination, technical support, information sharing, and design of the regional Saola recovery plan], WCS Lao [Information sharing], Nam Theun 2 Watershed Management & Protection Authority [Information sharing], Forest Protection Department (FPD) of Thua Thien Hue and Quang Nam [Forest protection, patrols, monitoring, law enforcement, and planning], Hue Saola Nature Reserve Management Board [Implementation of Saola conservation strategies and co-management], Quang Nam Saola Species and Habitat Conservation Area Management Board [Implementation of Saola conservation strategies], Bach Ma National Park Management Board and staff [Patrol, monitoring, law enforcement, and training], Cambridge University [Community consultations, participatory mapping, and technical advice regarding incentive-based conservation], Durrell Institute of Conservation and Ecology at the University of Kent [Community consultations, participatory mapping, and technical advice], Vinh University [Community consultations, participatory mapping, technical advice, and co-hosting Saola Working Group meeting], Hue University [Community consultations, participatory mapping, and technical advice], American Museum of Natural History (AMNH) [Modeling Saola occurrence and distribution, mapping resource use by local communities, and genetic analysis on ungulate faecal samples], Institute of Ecology and Biological Resources (IEBR) [Research activities related to Saola], Centre for Natural Resources and Environment Studies (CRES) [Research activities related to Saola], TRT [Co-producing a short film on conserving Saola], Vietnam Association for Conservation of Nature and Environment (VACNE) [Co-organizing the 4th workshop on biodiversity conservation], District Forest Protection Department, Watershed Management Board, District Public Security, and Border Army [Participation in multi-agency patrol teams].","Target Groups: Local communities consisting of 36 villages (26 villages in the buffer zones of the Bach Ma National Park extension and the Hue Saola Nature Reserve, and 10 villages in the buffer zones of Quang Nam Saola Nature Reserve) across 5 communes in A Luoi and Nam Dong districts (including A Roang and A Dot communes) and Dong Giang and Tay Giang districts (including Song Kon, Bhalee, and Ta L communes). The communities include 7 ethnic groups: Kinh, Ca Tu, Muong, Thai, Tay, Ta Oi, and Hre. Specifically, the project impacted 89.1% of households in the buffer zone of Quang Nam Saola Nature Reserve, 44.5% of households in the buffer zone of Hue Saola Nature Reserve, and 54% of households in the buffer zone of the Bach Ma National Park extension. 32 villages participated in participatory mapping. 118 groups of local people were confronted in Hue, 84 groups of local people were confronted in Quang Nam, and 50 local villagers were spotted in Bach Ma during patrols. 40 Forest Guards were employed, 32 of whom are local community members. 28 trainees received law enforcement training, and 16 protected area staff and forest guards received communication training. 4 Lao students were awarded post-graduate scholarships. Threatened Fauna and Flora Protected: Saola (Pseudoryx nghetinhensis), red-shanked douc langur, serow, big-headed turtles, ferret badgers, wild pigs, monkeys, snakes, lizards, Hopea siamensis timber. Specific flora and fauna protected in Quang Nam Saola Protected Area include 9 plant species in the World Red Book, 50 plant species in the Vietnam Red Book, 154 animal species in the Vietnam Red Book, and 10 animal species in the World Red Book. Specific flora and fauna protected in Hue Saola Protected Area include 56 endemic or regionally endemic plant species and Saccolabiopsis plant species. Specific flora and fauna protected in Bach Ma National Park include 73 vegetation species in the Vietnam Red book, 69 animal species in the Vietnam Red book, and 15 endemic animal species.","Total Saola Protected Area complex area: 44,175.9 hectares (Quang Nam Saola Protected Area: 15,822 hectares; Hue Saola Protected Area: 12,105.9 hectares; Bach Ma Extension: 16,248 hectares), with a proposed 3,000 hectare extension for Hue Saola Protected Area. Buffer zones: Quang Nam Saola Protected Area (35,135.44 hectares), Hue Saola Protected Area (16,574 hectares), Bach Ma Extension (10,000 hectares). Biodiversity corridors created: Dong Giang and Tay Giang biodiversity corridor (200,000 hectares), Nam Dong and A Luoi corridor (130,000 hectares). Locations: Thua Thien Hue province and Quang Nam province, Central Annamites (Truong Son mountain range), Vietnam. Specific districts include A Luoi, Nam Dong, Dong Giang, and Tay Giang. Specific communes include A Roang, A Dot, Song Kon, Bhalee, Ta L.",2010-2012,"Forest Guard model (patrols undertaken by a joint team of Forest Guards and government staff under supervision of protected area managers); MIST software (Management Information System) for mapping GPS patrol routes, tracks, signs of key species, and threat data for adaptive management; Multi-agency forest patrols involving Forest Guards, Forest Protection Department, public security, and border army; Informant Networks for tracking poaching, logging, and wildlife trade; Participatory mapping (P-mapping) and community consultations for resource use assessment and conflict mitigation; DNA analysis through leeches and dung for detecting Saola existence; SWITCH Rattan project for sustainable rattan management and harvest plan covering 6768 hectares, enrichment of rattan seedling, promotion of handicraft, and market linkages; Livelihood mitigation strategies including development of livestock production, fuel wood plantation, rubber plantation, improvement of current cultivation production, mixed gardens and fruit trees, Benefit Sharing Mechanism for sustainable use of non-timber forest products, and forest protection contracts; Educational materials including Saola conservation leaflets and a 25-minute Saola conservation short film.","Supporting: Habitat refuge and biodiversity conservation for globally threatened and endemic species (Saola, red-shanked douc langur, serow, big-headed turtles, ferret badgers, wild pigs, and endemic plant species) in the Central Annamites and Truong Son mountain range; maintenance and protection of critical biodiversity corridors (Dong Giang, Tay Giang, Nam Dong, A Luoi); removal of direct ecosystem threats such as animal traps, snares, and illegal camps. Provisioning: Sustainable harvesting and management of non-timber forest products (rattan); timber and forest resource conservation by stopping illegal logging of Hopea siamensis and other tree species; securing natural resource access and fuel wood for local communities. Cultural: Environmental education and conservation awareness through training, leaflets, and a short film; participatory decision-making through community mapping and consultations; capacity building and skill development for protected area staff, forest guards, and local community members; funding post-graduate education (scholarships) for future conservationists.",https://www.cepf.net/grants/grantee-projects/safeguarding-saola-within-species-priority-landscape-vietnam; https://www.cepf.net/resources/final-project-report/final-project-report-1698,"Grant, Co-financing"
176,Chu Mom Ray,107.641671,14.472458,National Park,"Critical Ecosystem Partnership Fund (CEPF); US Fish and Wildlife Service (USFWS) [$26,000.00 for snare and trap eradication and Douc Protection Teams at Son Tra and Chu Mom Ray]; San Diego Zoological Society [$5,000.00 for snare and trap eradication at Son Tra Nature Reserve, and $2,000.00 to build an enclosure for short term holding of doucs at Son Tra FPD Headquarters]; Douc Langur Foundation [$23,815.00 for snare and trap eradication, communication, Forest Protection equipment and assistance, guides from Bach Ma, administration and office expenses]","Douc Langur Foundation (Project management, co-directing, providing funding for snare/trap eradication, ecotourism training); Hanoi National University of Science / National University, Hanoi Faculty of Biology / Hanoi University Ecotourism Department (Providing expertise, teaching, and mentoring for ecotourism training); San Diego Zoological Society (Co-financing, funding holding facilities, expertise); Community Conservation, Inc. / Community Conservation Associates (Providing expertise and sustainable ecotourism training); Vietnam Forest Protection Departments (FPD) of Da Nang, Son Tra Nature Reserve and Chu Mom Ray National Park (Law enforcement, managing rangers, confiscating animals, returning healthy doucs to forest, snare and trap eradication); Tien Sa Tourism, Truong Mai Tourism and Globe Tourism (Providing professional guides for training, conducting commercial tourism operations); Saigon Zoo (Providing medical care and rearing for injured or infant doucs)","Local people / communities around Son Tra Nature Reserve and Chu Mom Ray National Park (gaining new economic livelihoods, jobs as guides and Douc Protection Team members); 24 trainees certified in environmentally sensitive tourism (including 7 former hunters from communes adjacent to Son Tra Nature Reserve, 2 tour guides from Tien Sa Tourist Company, and members of local ranger forces and government employees); Red shanked Douc Langurs (Pygathrix nemaeus), black shanked Douc Langurs (Pygathrix nigripes), and a newly observed potential hybrid variety of Douc Langur (safeguarded core populations); Vietnam Forest Protection Departments (trained staff and upgraded facilities)","Son Tra Nature Reserve (located 10 km outside of Da Nang) and Chu Mom Ray National Park, Vietnam",2010,"Professional certified environmentally sensitive ecotourism guide program (workshops and field tests); Douc Protection Teams (DPTs) hiring locals to secure sleeping and feeding areas; Snare and trap eradication patrols (removed 321 wire snares and 2,090 m of wood fencing in 2010); Establishment of a confiscation protocol to examine and quickly release healthy doucs back to the forest within hours; Construction of a state of the art holding facility/enclosure for short-term holding of doucs at Son Tra FPD Headquarters","Supporting: Protection of highly endangered flagship fauna (core populations of Red shanked, Black shanked, and hybrid Douc Langurs), securing of critical sleeping and feeding habitats, preservation of forest biodiversity; Cultural: Sustainable ecotourism providing economic livelihoods and financial empowerment for local people, raising conservation awareness among local communities, educating tourists about the value of the forest and Douc Langurs",https://www.cepf.net/grants/grantee-projects/safeguarding-vietnams-douc-langur-population-through-conservation-and; https://www.cepf.net/resources/final-project-report/final-project-report-1395,"Grants, Project co-financing, Grantee and Partner leveraging"
177,Bach Ma,107.7824611,16.13711526,National Park,"Critical Ecosystem Partnership Fund (CEPF); US Fish and Wildlife Service (USFWS) [$26,000.00 for snare and trap eradication and Douc Protection Teams at Son Tra and Chu Mom Ray]; San Diego Zoological Society [$5,000.00 for snare and trap eradication at Son Tra Nature Reserve, and $2,000.00 to build an enclosure for short term holding of doucs at Son Tra FPD Headquarters]; Douc Langur Foundation [$23,815.00 for snare and trap eradication, communication, Forest Protection equipment and assistance, guides from Bach Ma, administration and office expenses]","Douc Langur Foundation (Project management, co-directing, providing funding for snare/trap eradication, ecotourism training); Hanoi National University of Science / National University, Hanoi Faculty of Biology / Hanoi University Ecotourism Department (Providing expertise, teaching, and mentoring for ecotourism training); San Diego Zoological Society (Co-financing, funding holding facilities, expertise); Community Conservation, Inc. / Community Conservation Associates (Providing expertise and sustainable ecotourism training); Vietnam Forest Protection Departments (FPD) of Da Nang, Son Tra Nature Reserve and Chu Mom Ray National Park (Law enforcement, managing rangers, confiscating animals, returning healthy doucs to forest, snare and trap eradication); Tien Sa Tourism, Truong Mai Tourism and Globe Tourism (Providing professional guides for training, conducting commercial tourism operations); Saigon Zoo (Providing medical care and rearing for injured or infant doucs)","Local people / communities around Son Tra Nature Reserve and Chu Mom Ray National Park (gaining new economic livelihoods, jobs as guides and Douc Protection Team members); 24 trainees certified in environmentally sensitive tourism (including 7 former hunters from communes adjacent to Son Tra Nature Reserve, 2 tour guides from Tien Sa Tourist Company, and members of local ranger forces and government employees); Red shanked Douc Langurs (Pygathrix nemaeus), black shanked Douc Langurs (Pygathrix nigripes), and a newly observed potential hybrid variety of Douc Langur (safeguarded core populations); Vietnam Forest Protection Departments (trained staff and upgraded facilities)","Son Tra Nature Reserve (located 10 km outside of Da Nang) and Chu Mom Ray National Park, Vietnam",2010,"Professional certified environmentally sensitive ecotourism guide program (workshops and field tests); Douc Protection Teams (DPTs) hiring locals to secure sleeping and feeding areas; Snare and trap eradication patrols (removed 321 wire snares and 2,090 m of wood fencing in 2010); Establishment of a confiscation protocol to examine and quickly release healthy doucs back to the forest within hours; Construction of a state of the art holding facility/enclosure for short-term holding of doucs at Son Tra FPD Headquarters","Supporting: Protection of highly endangered flagship fauna (core populations of Red shanked, Black shanked, and hybrid Douc Langurs), securing of critical sleeping and feeding habitats, preservation of forest biodiversity; Cultural: Sustainable ecotourism providing economic livelihoods and financial empowerment for local people, raising conservation awareness among local communities, educating tourists about the value of the forest and Douc Langurs",https://www.cepf.net/grants/grantee-projects/safeguarding-vietnams-douc-langur-population-through-conservation-and; https://www.cepf.net/resources/final-project-report/final-project-report-1395,"Grants, Project co-financing, Grantee and Partner leveraging"
178,Bach Ma,107.7824611,16.13711526,National Park,"Critical Ecosystem Partnership Fund (CEPF) [$90,000.00]; Central Institute for Natural Resources and Environmental Studies (CRES) [$3,500.00 for Screening of leech gut contents]","Central Institute for Natural Resources and Environmental Studies [Grantee]; Newcastle Universityâ€™s School of Natural and Environmental Sciences [Coordinated the Strategic Planning Workshop, wrote the Strategic Conservation Plan, advised on questionnaire design, survey planning and methods, and conducted a desk-based strategic conservation assessment]; CECARD (Quang Tri Center of Education and Consultancy on Agriculture and Rural Development) [Conducted previous CEPF funded surveys alongside Newcastle University in 2011]; Galliformes Specialist Group [Committed to worldwide conservation and sustainable management of native populations of Galliformes species and their habitats]","Threatened species: Edwardsâ€™s Pheasant (Lophura edwardsi), Annamite-stripped Rabbit (Nesolagus timminsi), Owstonâ€™s Civet (Chrotogale owstoni), Red-shanked Douc (Pygathrix nemaeus), Sunda Pangolin (Manis javanica), Bourretâ€™s Box Turtle (Cuora bourreti), Crested Argus (Rheinardia ocellata), Silver Pheasant (Lophura nycthemera), Pig-tailed Macaque (Macaca leonina), Stump-tailed Macaque (Macaca arctoides). Individuals: 19 individuals (18 men and 1 woman) benefitting from formal training, which includes 16 conservation practitioners in Quang Nam, Thua Thien Hue, and Quang Tri Provinces and 2 graduate students at Vietnam National University.","Annamese lowlands of Vietnam; Bach Ma National Park, Hue Saola Nature Reserve, Phong Dien Nature Reserve (Thua Thien Hue Province); Bac Huong Hoa Nature Reserve (Quang Tri Province). Size in hectares or square kilometers is N/A.",2014-2017,"Extensive interview surveys, in-depth camera trap surveys, strategic conservation assessment, Strategic Conservation Plan, DNA assessment of leech gut contents, desk-based assessment of potential opportunities and threats at priority sites for reintroduction, species recovery and captive management training frameworks.","Supporting: Habitat refuge identification and assessment for reintroduction of the Edwardsâ€™s pheasant, protection of nationally and globally threatened species by mitigating major threats. Cultural: Enhancing scientific knowledge of the Edwardsâ€™s Pheasant, educational training in camera-trap techniques and photo analyses for 16 conservation practitioners and 2 graduate students.",https://www.cepf.net/grants/grantee-projects/search-edwardss-pheasant-annamese-lowlands-vietnam; https://www.cepf.net/resources/final-project-report/final-project-report-112,"Grant, Project Co-Financing"
179,Phong Dien,107.200384,16.45256,Nature Reserve,"Critical Ecosystem Partnership Fund (CEPF) [$90,000.00]; Central Institute for Natural Resources and Environmental Studies (CRES) [$3,500.00 for Screening of leech gut contents]","Central Institute for Natural Resources and Environmental Studies [Grantee]; Newcastle Universityâ€™s School of Natural and Environmental Sciences [Coordinated the Strategic Planning Workshop, wrote the Strategic Conservation Plan, advised on questionnaire design, survey planning and methods, and conducted a desk-based strategic conservation assessment]; CECARD (Quang Tri Center of Education and Consultancy on Agriculture and Rural Development) [Conducted previous CEPF funded surveys alongside Newcastle University in 2011]; Galliformes Specialist Group [Committed to worldwide conservation and sustainable management of native populations of Galliformes species and their habitats]","Threatened species: Edwardsâ€™s Pheasant (Lophura edwardsi), Annamite-stripped Rabbit (Nesolagus timminsi), Owstonâ€™s Civet (Chrotogale owstoni), Red-shanked Douc (Pygathrix nemaeus), Sunda Pangolin (Manis javanica), Bourretâ€™s Box Turtle (Cuora bourreti), Crested Argus (Rheinardia ocellata), Silver Pheasant (Lophura nycthemera), Pig-tailed Macaque (Macaca leonina), Stump-tailed Macaque (Macaca arctoides). Individuals: 19 individuals (18 men and 1 woman) benefitting from formal training, which includes 16 conservation practitioners in Quang Nam, Thua Thien Hue, and Quang Tri Provinces and 2 graduate students at Vietnam National University.","Annamese lowlands of Vietnam; Bach Ma National Park, Hue Saola Nature Reserve, Phong Dien Nature Reserve (Thua Thien Hue Province); Bac Huong Hoa Nature Reserve (Quang Tri Province). Size in hectares or square kilometers is N/A.",2014-2017,"Extensive interview surveys, in-depth camera trap surveys, strategic conservation assessment, Strategic Conservation Plan, DNA assessment of leech gut contents, desk-based assessment of potential opportunities and threats at priority sites for reintroduction, species recovery and captive management training frameworks.","Supporting: Habitat refuge identification and assessment for reintroduction of the Edwardsâ€™s pheasant, protection of nationally and globally threatened species by mitigating major threats. Cultural: Enhancing scientific knowledge of the Edwardsâ€™s Pheasant, educational training in camera-trap techniques and photo analyses for 16 conservation practitioners and 2 graduate students.",https://www.cepf.net/grants/grantee-projects/search-edwardss-pheasant-annamese-lowlands-vietnam; https://www.cepf.net/resources/final-project-report/final-project-report-112,"Grant, Project Co-Financing"
180,Bac Huong Hoa,106.652402,16.85738,Nature Reserve,"Critical Ecosystem Partnership Fund (CEPF) [$90,000.00]; Central Institute for Natural Resources and Environmental Studies (CRES) [$3,500.00 for Screening of leech gut contents]","Central Institute for Natural Resources and Environmental Studies [Grantee]; Newcastle Universityâ€™s School of Natural and Environmental Sciences [Coordinated the Strategic Planning Workshop, wrote the Strategic Conservation Plan, advised on questionnaire design, survey planning and methods, and conducted a desk-based strategic conservation assessment]; CECARD (Quang Tri Center of Education and Consultancy on Agriculture and Rural Development) [Conducted previous CEPF funded surveys alongside Newcastle University in 2011]; Galliformes Specialist Group [Committed to worldwide conservation and sustainable management of native populations of Galliformes species and their habitats]","Threatened species: Edwardsâ€™s Pheasant (Lophura edwardsi), Annamite-stripped Rabbit (Nesolagus timminsi), Owstonâ€™s Civet (Chrotogale owstoni), Red-shanked Douc (Pygathrix nemaeus), Sunda Pangolin (Manis javanica), Bourretâ€™s Box Turtle (Cuora bourreti), Crested Argus (Rheinardia ocellata), Silver Pheasant (Lophura nycthemera), Pig-tailed Macaque (Macaca leonina), Stump-tailed Macaque (Macaca arctoides). Individuals: 19 individuals (18 men and 1 woman) benefitting from formal training, which includes 16 conservation practitioners in Quang Nam, Thua Thien Hue, and Quang Tri Provinces and 2 graduate students at Vietnam National University.","Annamese lowlands of Vietnam; Bach Ma National Park, Hue Saola Nature Reserve, Phong Dien Nature Reserve (Thua Thien Hue Province); Bac Huong Hoa Nature Reserve (Quang Tri Province). Size in hectares or square kilometers is N/A.",2014-2017,"Extensive interview surveys, in-depth camera trap surveys, strategic conservation assessment, Strategic Conservation Plan, DNA assessment of leech gut contents, desk-based assessment of potential opportunities and threats at priority sites for reintroduction, species recovery and captive management training frameworks.","Supporting: Habitat refuge identification and assessment for reintroduction of the Edwardsâ€™s pheasant, protection of nationally and globally threatened species by mitigating major threats. Cultural: Enhancing scientific knowledge of the Edwardsâ€™s Pheasant, educational training in camera-trap techniques and photo analyses for 16 conservation practitioners and 2 graduate students.",https://www.cepf.net/grants/grantee-projects/search-edwardss-pheasant-annamese-lowlands-vietnam; https://www.cepf.net/resources/final-project-report/final-project-report-112,"Grant, Project Co-Financing"
181,Ke Go,105.968029,18.093212,Nature Reserve,"Critical Ecosystem Partnership Fund (CEPF) (Small Grant, USD 40,000); Mandai Nature (Additional Funding, USD 9,332 for 40 camera traps and two GPS)","Viet Nature Conservation Centre [Project implementer]; Vietnam Pheasant Species Recovery Team, including Dr. Simon Dowell, BirdLife International, Viet Nature, and representatives from EAZA zoos - Berlin, Paignton and Mandai Nature [Technical group providing technical guidance on camera trapping and habitat assessment]; Forest Management Unit-Ke Go Nature Reserve [Member of Vietnam Pheasant Working Group, providing staff for field work, camera trapping surveys, and interviewing local communities in the buffer zone]","5 men receiving structured on-the-job training in camera trapping survey; 14 skilled hunters, non-timber forest product (NTFP) collectors in the buffer zone, and forest protection officers interviewed; 4 persons acting as guides for camera-trapping surveys; Globally threatened flagship fauna protected/monitored: Fairy Pitta (VU), Red-collared Woodpecker (NT), Annamite Striped Rabbit (EN), Assamese Macaque (NT), Northern Pig-tailed Macaque (VU), Sambar (VU), Stump-tailed Macaque (VU), Sunda Pangolin (CR); Related species monitored: Silver Pheasant (Lophura nycthemera), Siamese Fireback (Lophura diardi); Target species: Vietnam Pheasant (Lophura edwardsi) (CR)","7,500 hectares of camera-trap coverage within a 10,000 hectare identified potential area in Ke Go Nature Reserve, Cam My commune, Ha Tinh Province, Vietnam",2021-2023,Camera trapping surveys using 255 camera stations (including 36 Bushnell Core DS 30MP camera traps and 40 from Mandai Nature); Detailed field planning and community interviews/questionnaires; Systematic quadrat surveys for forest habitat assessment; Development of Vietnam Pheasant Species Recovery Plan (2020-2025) and site selection criteria for reintroduction,"Supporting: Habitat refuge in lowland evergreen broadleaf forest (medium quality, restoration, and poor quality) supporting 56 species of mammals and birds (including 8 globally threatened species) and diverse plant composition (77 tree species identified, high regeneration density ranging from 3,125 to 5,781 trees/ha).",https://www.cepf.net/grants/grantee-projects/search-vietnam-pheasant-ke-go-nature-reserve-ha-tinh-province-vietnam; https://www.cepf.net/resources/final-project-report/final-completion-and-impact-report-112398,"Small Grant, Project Co-Financing"
182,Phong Dien,107.200384,16.45256,Nature Reserve,"Critical Ecosystem Partnership Fund (CEPF) (Small Grant, USD 40,000); Mandai Nature (Additional Funding, USD 9,332 for 40 camera traps and two GPS)","Viet Nature Conservation Centre [Project implementer]; Vietnam Pheasant Species Recovery Team, including Dr. Simon Dowell, BirdLife International, Viet Nature, and representatives from EAZA zoos - Berlin, Paignton and Mandai Nature [Technical group providing technical guidance on camera trapping and habitat assessment]; Forest Management Unit-Ke Go Nature Reserve [Member of Vietnam Pheasant Working Group, providing staff for field work, camera trapping surveys, and interviewing local communities in the buffer zone]","5 men receiving structured on-the-job training in camera trapping survey; 14 skilled hunters, non-timber forest product (NTFP) collectors in the buffer zone, and forest protection officers interviewed; 4 persons acting as guides for camera-trapping surveys; Globally threatened flagship fauna protected/monitored: Fairy Pitta (VU), Red-collared Woodpecker (NT), Annamite Striped Rabbit (EN), Assamese Macaque (NT), Northern Pig-tailed Macaque (VU), Sambar (VU), Stump-tailed Macaque (VU), Sunda Pangolin (CR); Related species monitored: Silver Pheasant (Lophura nycthemera), Siamese Fireback (Lophura diardi); Target species: Vietnam Pheasant (Lophura edwardsi) (CR)","7,500 hectares of camera-trap coverage within a 10,000 hectare identified potential area in Ke Go Nature Reserve, Cam My commune, Ha Tinh Province, Vietnam",2021-2023,Camera trapping surveys using 255 camera stations (including 36 Bushnell Core DS 30MP camera traps and 40 from Mandai Nature); Detailed field planning and community interviews/questionnaires; Systematic quadrat surveys for forest habitat assessment; Development of Vietnam Pheasant Species Recovery Plan (2020-2025) and site selection criteria for reintroduction,"Supporting: Habitat refuge in lowland evergreen broadleaf forest (medium quality, restoration, and poor quality) supporting 56 species of mammals and birds (including 8 globally threatened species) and diverse plant composition (77 tree species identified, high regeneration density ranging from 3,125 to 5,781 trees/ha).",https://www.cepf.net/grants/grantee-projects/search-vietnam-pheasant-ke-go-nature-reserve-ha-tinh-province-vietnam; https://www.cepf.net/resources/final-project-report/final-completion-and-impact-report-112398,"Small Grant, Project Co-Financing"
183,Ba Be,105.6212545,22.41959266,National Park; Wetland of International Importance (Ramsar Site),"Critical Ecosystem Partnership Fund (CEPF) (Grant Amount: US$147,900); Ford Foundation (US$187,000 for project co-financing); McKnight Foundation (US$90,000 for regional/portfolio leveraging)","Center for People and Nature Reconciliation / PanNature (Grantee and project implementer, conducted policy research, advocacy, media engagement, and capacity building); Mekong Legal Network, Save the Mekong Coalition, Mekong Energy and Ecology Network (Regional partners promoting dialogue on cross-border development); IUCN, Land Issues Working Group, 3S Protection Network (Supported independent journalists and experts for investigations on hydropower and cash crop plantations); Open Development Cambodia (Collaborator on open development initiatives); CODE, GreenID, VRN, Warecod (National NGO partners); Investment Forum, Vietnam Association of Foreign Invested Enterprises, Vietnam - Lao - Cambodia Economic Development and Cooperation Association, Forest Trends (Co-organizers for oversea investment workshops); Biodiversity Conservation Agency (State agency receiving technical support for national biodiversity conservation strategy); National Assembly (State agency receiving technical support for monitoring program on environmental protection); Foreign Investment Department, Ministry of Investment and Planning (Participated in dialogues to respond to concerns on Vietnam's investment)","10 organizations from Laos, 2 organizations from Myanmar, 8 organizations from Cambodia, and 4 organizations from Laos (participated in cross-border dialogues and workshops); 41 representatives from community-based organizations, non-governmental organizations, universities, and research institutions (trained on REDD/REDD+ and sustainable forest management); 54 trainees from CBOs, institutions, and universities in the Mekong Delta (trained on Mekong development strategies, policies, proposal writing, and fund raising); 4 local organizations (supported to develop research); 6 local civil society groups (received technical and financial support/sub-grants for policy research); Local women in Van Quan district (Lang Son province) and Na Nhan commune (Dien Bien district), and local CBOs in Van Chan district (Yen Bai province) targeted in sub-grant research; 30 journalists and 20 other audiences (participated in media workshop); 25 national journalists out of 70 participants (participated in media-policy workshop); 4 PanNature staffs (joined training courses); 10 PanNature staffs (participated in REDD+ training course); Thousands of audiences (received Quarterly Policy Reviews); Vietnamese conservation policy analysts and researchers network.","Northern Limestone Highlands and Mekong Delta regions (including the Mekong River and its major tributaries) in Vietnam. Sub-grant research areas include Van Quan district (Lang Son province), Van Chan district (Yen Bai province), Na Nhan commune (Dien Bien district, Dien Bien province), and Ba Be district. (No specific spatial footprint in hectares is provided).",2011-2013,"Independent evidence-based policy evaluation and research reports (on hydropower development, REDD+, banks' safeguard policies, and environmental charges in the mining sector); Quarterly Policy Reviews and policy analysis briefs; Regional dialogues and media-policy workshops; Capacity building training courses for local CBOs and NGOs on REDD/REDD+, forest governance, carbon trading mechanisms, proposal writing, and policy analysis; Sub-grants to local civil society groups for exploring specific policy issues.","Supporting: Biodiversity conservation in priority corridors. Provisioning: Sustainable management of natural forest resources and water resources in the lower Mekong river system, co-management of special use forests. Regulatory: Mitigation of environmental impacts from hydropower development and extractive industries, climate change mitigation through carbon trading mechanisms (REDD+). Cultural: Educational and research capacity building for young researchers, institutions, and civil society.",https://www.cepf.net/grants/grantee-projects/securing-biodiversity-and-ecosystem-services-vietnam-through-analyzing; https://www.cepf.net/resources/final-project-report/final-project-report-1811,"Grant (CEPF), Project co-financing (Ford Foundation), Regional/Portfolio leveraging (McKnight Foundation)"
184,Cuc Phuong,105.607063,20.324884,National Park,"Critical Ecosystem Partnership Fund (CEPF) [$150,000.00 Grant]; Project Co-Financing (unspecified other donors / grantee organization) [$190,250.00 Additional Funding]","Indo-Myanmar Conservation (IMC) / Asian Turtle Program (ATP) [Project management, implementation, and coordination]; The Centre for Natural Resources and Environmental Studies (CRES), Hanoi University [Cooperated on eDNA surveys for Cuora zhoui and Mauremys annamensis, and Rafetus swinhoei research]; The Turtle Survival Alliance (TSA), USA [Partner for eDNA project, provided technical support, conducted eDNA sample analysis via sub-grant]; Biodiversity Conservation Agency (BCA) of the Ministry of Nature Resource and the Environment (MoNRE) [Cooperative development of the national Tortoise and Freshwater Turtle (TFT) conservation plan and species recovery action plans]; Southern Institute of Ecology (SIE) [Collaborating to develop plans for a Species Habitat Conservation Area (SHCA) for Mauremys annamensis]; Education for Nature Vietnam (ENV) [Exchanged trade information related to project sites]; Forest Protection Department (FPD), Environmental Police, and Fisheries Department [Law enforcement, protecting species, responding to hunting/trapping threats]; Dr. Goldberg at Washington State University [Processed eDNA samples]; Xuan Mai Forestry College / Green for Future Club [Organised student workshops on conservation]; Bengkulu University, Indonesia [Education exchange program participant]; WCS Vietnam [Organised law enforcement training capacity building].","Approx. 15,000 local people in Kim Son and Yen Bai communes; Over 600 local people in Binh Khuong and Binh Minh communes (193 pledged not to hunt); 635 students at Ly Tu Trong secondary school; 1,249 students in 3 secondary schools in Binh Son District; 1,308 students in 5 secondary schools (Yen Bai District, Son Dong, Co Dong, Kim Son of Son Tay Districts); 1,051 students in 5 secondary schools around Dong Mo Lake; 50 students at Co Dong Secondary School; Nearly 400 students at Xuan Mai Forestry College; 10 to 16 university students annually trained at Cuc Phuong National Park; 14 student research projects supported; 114 rangers, police, and wildlife protection officials trained across multiple provinces (Phu Yen, Thanh Hoa, Ninh Binh, Yen Bai, Quang Ninh, Lang Son, Guangxi); 28 to 47 fishermen annually engaged in signing no-hunting agreements; Threatened flagship fauna protected: Swinhoe's Softshell Turtle (Rafetus swinhoei), Vietnamese Pond Turtle (Mauremys annamensis), and Zhou's Box Turtle (Cuora zhoui).","Sizes: 135ha proposed SHCA (Binh Son District, Quang Ngai Province), 17ha no-fishing zone and 7.85ha rented island with artificial nesting bank (Dong Mo Lake). Geographic locations: Dong Mo Lake and Xuan Khanh Lake (Hanoi); Minh Quan Lake (Tran Yen District, Yen Bai Province); Sen Lake Area (Yen Dinh District, Thanh Hoa Province); Dong Bai Lake (Ky Son District, Hoa Binh Province); 3 Lakes Area (Binh Son District, Quang Ngai Province); De Ca Special Use Forest (Phu Yen Province); Tuyen Quang, Bac Kan, and Quang Ninh Provinces (survey areas).",2014-2017,"National Tortoise and Freshwater Turtle (TFT) Conservation Plan; Rafetus swinhoei and Mauremys annamensis species recovery action plans; Species Habitat Conservation Area (SHCA) development frameworks; Artificial nesting beach / sand bank construction (220m2); Establishment of a 17ha no-fishing zone; No-hunting agreements signed by local fishermen; Community patrol teams and local counterparts; School education programmes (libraries, lesson plans, conservation clubs); Community awareness activities (football matches, volleyball matches, boat races, local radio/tannoy announcements); eDNA surveys and water temperature data collection; 160m long, 25m high net installation before the dam in Dong Mo to prevent turtle escape.","Supporting: Protection of highly endangered freshwater turtle species (Rafetus swinhoei, Mauremys annamensis, Cuora zhoui) and their wetland/lake habitats, habitat restoration (artificial nesting beaches, semi-wild conservation breeding center); Provisioning: Protection of fish stocks (no-fishing zones have a positive effect on fish stocks); Cultural: Education and awareness building among local communities, school children, university students, and government authorities, utilizing traditional community activities (boat races, festivals) for conservation outreach.",https://www.cepf.net/grants/grantee-projects/securing-endangered-tortoises-and-freshwater-turtles-indo-burma-region; https://www.cepf.net/resources/final-project-report/final-project-report-1965,Grant and Project Co-Financing (including Sub-grants)
185,Ba Vi,105.391203,21.018618,National Park,"Critical Ecosystem Partnership Fund (CEPF) [$150,000.00 Grant]; Project Co-Financing (unspecified other donors / grantee organization) [$190,250.00 Additional Funding]","Indo-Myanmar Conservation (IMC) / Asian Turtle Program (ATP) [Project management, implementation, and coordination]; The Centre for Natural Resources and Environmental Studies (CRES), Hanoi University [Cooperated on eDNA surveys for Cuora zhoui and Mauremys annamensis, and Rafetus swinhoei research]; The Turtle Survival Alliance (TSA), USA [Partner for eDNA project, provided technical support, conducted eDNA sample analysis via sub-grant]; Biodiversity Conservation Agency (BCA) of the Ministry of Nature Resource and the Environment (MoNRE) [Cooperative development of the national Tortoise and Freshwater Turtle (TFT) conservation plan and species recovery action plans]; Southern Institute of Ecology (SIE) [Collaborating to develop plans for a Species Habitat Conservation Area (SHCA) for Mauremys annamensis]; Education for Nature Vietnam (ENV) [Exchanged trade information related to project sites]; Forest Protection Department (FPD), Environmental Police, and Fisheries Department [Law enforcement, protecting species, responding to hunting/trapping threats]; Dr. Goldberg at Washington State University [Processed eDNA samples]; Xuan Mai Forestry College / Green for Future Club [Organised student workshops on conservation]; Bengkulu University, Indonesia [Education exchange program participant]; WCS Vietnam [Organised law enforcement training capacity building].","Approx. 15,000 local people in Kim Son and Yen Bai communes; Over 600 local people in Binh Khuong and Binh Minh communes (193 pledged not to hunt); 635 students at Ly Tu Trong secondary school; 1,249 students in 3 secondary schools in Binh Son District; 1,308 students in 5 secondary schools (Yen Bai District, Son Dong, Co Dong, Kim Son of Son Tay Districts); 1,051 students in 5 secondary schools around Dong Mo Lake; 50 students at Co Dong Secondary School; Nearly 400 students at Xuan Mai Forestry College; 10 to 16 university students annually trained at Cuc Phuong National Park; 14 student research projects supported; 114 rangers, police, and wildlife protection officials trained across multiple provinces (Phu Yen, Thanh Hoa, Ninh Binh, Yen Bai, Quang Ninh, Lang Son, Guangxi); 28 to 47 fishermen annually engaged in signing no-hunting agreements; Threatened flagship fauna protected: Swinhoe's Softshell Turtle (Rafetus swinhoei), Vietnamese Pond Turtle (Mauremys annamensis), and Zhou's Box Turtle (Cuora zhoui).","Sizes: 135ha proposed SHCA (Binh Son District, Quang Ngai Province), 17ha no-fishing zone and 7.85ha rented island with artificial nesting bank (Dong Mo Lake). Geographic locations: Dong Mo Lake and Xuan Khanh Lake (Hanoi); Minh Quan Lake (Tran Yen District, Yen Bai Province); Sen Lake Area (Yen Dinh District, Thanh Hoa Province); Dong Bai Lake (Ky Son District, Hoa Binh Province); 3 Lakes Area (Binh Son District, Quang Ngai Province); De Ca Special Use Forest (Phu Yen Province); Tuyen Quang, Bac Kan, and Quang Ninh Provinces (survey areas).",2014-2017,"National Tortoise and Freshwater Turtle (TFT) Conservation Plan; Rafetus swinhoei and Mauremys annamensis species recovery action plans; Species Habitat Conservation Area (SHCA) development frameworks; Artificial nesting beach / sand bank construction (220m2); Establishment of a 17ha no-fishing zone; No-hunting agreements signed by local fishermen; Community patrol teams and local counterparts; School education programmes (libraries, lesson plans, conservation clubs); Community awareness activities (football matches, volleyball matches, boat races, local radio/tannoy announcements); eDNA surveys and water temperature data collection; 160m long, 25m high net installation before the dam in Dong Mo to prevent turtle escape.","Supporting: Protection of highly endangered freshwater turtle species (Rafetus swinhoei, Mauremys annamensis, Cuora zhoui) and their wetland/lake habitats, habitat restoration (artificial nesting beaches, semi-wild conservation breeding center); Provisioning: Protection of fish stocks (no-fishing zones have a positive effect on fish stocks); Cultural: Education and awareness building among local communities, school children, university students, and government authorities, utilizing traditional community activities (boat races, festivals) for conservation outreach.",https://www.cepf.net/grants/grantee-projects/securing-endangered-tortoises-and-freshwater-turtles-indo-burma-region; https://www.cepf.net/resources/final-project-report/final-project-report-1965,Grant and Project Co-Financing (including Sub-grants)
186,Van Long,105.852061,20.384058,Nature Reserve,"Critical Ecosystem Partnership Fund (CEPF): $149,998.35 (Grant Amount); Tam Chuc Tourism Company: $50,000 (Donation to support the operation of Community Conservation Teams); Margot Mash Biodiversity Foundation: $20,000 (Grant); Rainforest Trust: $30,000 (Continuation grant)","Fauna & Flora International - HQ / FFI Vietnam Programme (Recipient and sole implementing agency, providing training, technical support, capacity building, and leading biodiversity conservation interventions); Ha Nam Department of Agricultural and Rural Development (DARD) (Led the process of developing feasibility study to establish Kim Bang Nature Reserve, assigned Ha Nam FPD, engaged in consultation meetings); Ha Nam Forest Protection Department (FPD) (In charge of forestry law enforcement, directly engaging in project activities including capacity building, forest patrol, biodiversity assessment, awareness raising, FPIC); Kim Bang - Thanh Liem Forest Protection Station (FPS) (Directly managing Community Conservation Team operations, engaging in village consultation meetings, awareness campaigns, biodiversity assessment, and project activity planning); Kim Bang and Thanh Liem District Peopleâ€™s Committees (Provided information on land use plans, endorsed ground activities, provided inputs to feasibility study, engaged in prioritization meetings); Tam Chuc Tourism Company (Engaged in boundary negotiation process with cement companies, provided financial support, supported community outreach and school awareness); IUCN Primate & Conservation Planning Specialist Groups (Collaborated on Species Conservation Action Plan)","Delacour's Langur (Trachypithecus delacouri) flagship fauna: 103 individuals confirmed protected; Camelia flava: CR plant species protected; Community Conservation Team (CCT): 6 community-level species champions / local people (employed/monthly paid to monitor and protect langurs); FPD rangers: 30 men and 10 women trained (in law enforcement, SMART, first aid, PA management, nursery development, wildlife crime and forest fire prevention), with 1 ranger receiving an allowance; 11 buffer zone villages / communities: 550 males and 550 females benefiting (from consultations, Grievance Reception Boards, and community outreach); 40 households cultivating crops and fruit trees in valleys within the proposed boundary (engaged in FPIC/consultations)","3,100 Hectares (Lac Thuy-Kim Bang KBA VNM56). Located in Kim Bang and Thanh Liem Districts, Ha Nam Province, northern Vietnam.",2021-2023,"Community Conservation Team (CCT) model (community-based forest protection patrol); Unoccupied Aerial Vehicles (UAVs)/Drones with thermal and RGB cameras for population surveys; SMART (Spatial Monitoring and Reporting Tool) with 4G technology; Species Conservation Action Plan (SCAP); Place-based/Situational Crime Prevention (SCP) methods for illegal wildlife trade; Ecotourism / nature-based tourism piloting in Dong Tam area; Sustainable Financing Plan (SFP); Awareness raising tools (posters, annual calendars, billboards, langur festivals, school programs)","Supporting: Biodiversity conservation (protecting CR species Delacour's langur and Camelia flava, nursery development), habitat connectivity / habitat corridors creation (corridors connecting Kim Bang to Van Long, Trang An, Tam Chuc, Pu Luong, and Huong Son SUF); Provisioning: Livelihood creation through community conservation jobs (6 local CCT jobs), nature-based tourism potential (Dong Tam area); Cultural: Education and awareness-raising (school programs, langur festivals, community outreach, community-level species champions/Disney Conservation Hero)",https://www.cepf.net/grants/grantee-projects/securing-future-delacours-langur-northern-vietnam; https://www.cepf.net/resources/final-project-report/final-project-report-2818,Grants and Private Sector Contributions / Donations
187,Huong Son,105.779368,20.65449,Cultural and Historical Site,"Critical Ecosystem Partnership Fund (CEPF): $149,998.35 (Grant Amount); Tam Chuc Tourism Company: $50,000 (Donation to support the operation of Community Conservation Teams); Margot Mash Biodiversity Foundation: $20,000 (Grant); Rainforest Trust: $30,000 (Continuation grant)","Fauna & Flora International - HQ / FFI Vietnam Programme (Recipient and sole implementing agency, providing training, technical support, capacity building, and leading biodiversity conservation interventions); Ha Nam Department of Agricultural and Rural Development (DARD) (Led the process of developing feasibility study to establish Kim Bang Nature Reserve, assigned Ha Nam FPD, engaged in consultation meetings); Ha Nam Forest Protection Department (FPD) (In charge of forestry law enforcement, directly engaging in project activities including capacity building, forest patrol, biodiversity assessment, awareness raising, FPIC); Kim Bang - Thanh Liem Forest Protection Station (FPS) (Directly managing Community Conservation Team operations, engaging in village consultation meetings, awareness campaigns, biodiversity assessment, and project activity planning); Kim Bang and Thanh Liem District Peopleâ€™s Committees (Provided information on land use plans, endorsed ground activities, provided inputs to feasibility study, engaged in prioritization meetings); Tam Chuc Tourism Company (Engaged in boundary negotiation process with cement companies, provided financial support, supported community outreach and school awareness); IUCN Primate & Conservation Planning Specialist Groups (Collaborated on Species Conservation Action Plan)","Delacour's Langur (Trachypithecus delacouri) flagship fauna: 103 individuals confirmed protected; Camelia flava: CR plant species protected; Community Conservation Team (CCT): 6 community-level species champions / local people (employed/monthly paid to monitor and protect langurs); FPD rangers: 30 men and 10 women trained (in law enforcement, SMART, first aid, PA management, nursery development, wildlife crime and forest fire prevention), with 1 ranger receiving an allowance; 11 buffer zone villages / communities: 550 males and 550 females benefiting (from consultations, Grievance Reception Boards, and community outreach); 40 households cultivating crops and fruit trees in valleys within the proposed boundary (engaged in FPIC/consultations)","3,100 Hectares (Lac Thuy-Kim Bang KBA VNM56). Located in Kim Bang and Thanh Liem Districts, Ha Nam Province, northern Vietnam.",2021-2023,"Community Conservation Team (CCT) model (community-based forest protection patrol); Unoccupied Aerial Vehicles (UAVs)/Drones with thermal and RGB cameras for population surveys; SMART (Spatial Monitoring and Reporting Tool) with 4G technology; Species Conservation Action Plan (SCAP); Place-based/Situational Crime Prevention (SCP) methods for illegal wildlife trade; Ecotourism / nature-based tourism piloting in Dong Tam area; Sustainable Financing Plan (SFP); Awareness raising tools (posters, annual calendars, billboards, langur festivals, school programs)","Supporting: Biodiversity conservation (protecting CR species Delacour's langur and Camelia flava, nursery development), habitat connectivity / habitat corridors creation (corridors connecting Kim Bang to Van Long, Trang An, Tam Chuc, Pu Luong, and Huong Son SUF); Provisioning: Livelihood creation through community conservation jobs (6 local CCT jobs), nature-based tourism potential (Dong Tam area); Cultural: Education and awareness-raising (school programs, langur festivals, community outreach, community-level species champions/Disney Conservation Hero)",https://www.cepf.net/grants/grantee-projects/securing-future-delacours-langur-northern-vietnam; https://www.cepf.net/resources/final-project-report/final-project-report-2818,Grants and Private Sector Contributions / Donations
188,Pu Luong,105.147777,20.48616,Nature Reserve,"Critical Ecosystem Partnership Fund (CEPF): $149,998.35 (Grant Amount); Tam Chuc Tourism Company: $50,000 (Donation to support the operation of Community Conservation Teams); Margot Mash Biodiversity Foundation: $20,000 (Grant); Rainforest Trust: $30,000 (Continuation grant)","Fauna & Flora International - HQ / FFI Vietnam Programme (Recipient and sole implementing agency, providing training, technical support, capacity building, and leading biodiversity conservation interventions); Ha Nam Department of Agricultural and Rural Development (DARD) (Led the process of developing feasibility study to establish Kim Bang Nature Reserve, assigned Ha Nam FPD, engaged in consultation meetings); Ha Nam Forest Protection Department (FPD) (In charge of forestry law enforcement, directly engaging in project activities including capacity building, forest patrol, biodiversity assessment, awareness raising, FPIC); Kim Bang - Thanh Liem Forest Protection Station (FPS) (Directly managing Community Conservation Team operations, engaging in village consultation meetings, awareness campaigns, biodiversity assessment, and project activity planning); Kim Bang and Thanh Liem District Peopleâ€™s Committees (Provided information on land use plans, endorsed ground activities, provided inputs to feasibility study, engaged in prioritization meetings); Tam Chuc Tourism Company (Engaged in boundary negotiation process with cement companies, provided financial support, supported community outreach and school awareness); IUCN Primate & Conservation Planning Specialist Groups (Collaborated on Species Conservation Action Plan)","Delacour's Langur (Trachypithecus delacouri) flagship fauna: 103 individuals confirmed protected; Camelia flava: CR plant species protected; Community Conservation Team (CCT): 6 community-level species champions / local people (employed/monthly paid to monitor and protect langurs); FPD rangers: 30 men and 10 women trained (in law enforcement, SMART, first aid, PA management, nursery development, wildlife crime and forest fire prevention), with 1 ranger receiving an allowance; 11 buffer zone villages / communities: 550 males and 550 females benefiting (from consultations, Grievance Reception Boards, and community outreach); 40 households cultivating crops and fruit trees in valleys within the proposed boundary (engaged in FPIC/consultations)","3,100 Hectares (Lac Thuy-Kim Bang KBA VNM56). Located in Kim Bang and Thanh Liem Districts, Ha Nam Province, northern Vietnam.",2021-2023,"Community Conservation Team (CCT) model (community-based forest protection patrol); Unoccupied Aerial Vehicles (UAVs)/Drones with thermal and RGB cameras for population surveys; SMART (Spatial Monitoring and Reporting Tool) with 4G technology; Species Conservation Action Plan (SCAP); Place-based/Situational Crime Prevention (SCP) methods for illegal wildlife trade; Ecotourism / nature-based tourism piloting in Dong Tam area; Sustainable Financing Plan (SFP); Awareness raising tools (posters, annual calendars, billboards, langur festivals, school programs)","Supporting: Biodiversity conservation (protecting CR species Delacour's langur and Camelia flava, nursery development), habitat connectivity / habitat corridors creation (corridors connecting Kim Bang to Van Long, Trang An, Tam Chuc, Pu Luong, and Huong Son SUF); Provisioning: Livelihood creation through community conservation jobs (6 local CCT jobs), nature-based tourism potential (Dong Tam area); Cultural: Education and awareness-raising (school programs, langur festivals, community outreach, community-level species champions/Disney Conservation Hero)",https://www.cepf.net/grants/grantee-projects/securing-future-delacours-langur-northern-vietnam; https://www.cepf.net/resources/final-project-report/final-project-report-2818,Grants and Private Sector Contributions / Donations
189,Du Gia,105.153149,22.901542,National Park,"Critical Ecosystem Partnership Fund / CEPF ($19,994.24); USFWS ($3,822 total: $2,710 for FFI Primate Programme Manager, $1,112 for FFI Field Officer); Margot Marsh Biodiversity Fund ($6,475 total: $4,695 for FFI Primate Programme Manager, $1,780 for FFI Field Officer); Fauna & Flora International ($4,050 total: $1,500 Office Rent, $1,800 Finance and Admin, $750 Asia Pacific Technical Support)","Fauna & Flora International [Grantee, provides technical backstopping and funding raised through donor funds]; Ha Giang Provinceâ€™s Forest Protection Department and Khau Ca SHCA Management Board (MB) [Manages the Community Conservation Teams (CCTs), responsible for workplanning and monitoring]; University of Colorado Boulder [Supports patrol and monitoring efforts within the core zone]; Commune police and forest rangers [Collaborate on patrol work]",Six members of local communities living in the buffer zone of Khau Ca SHCA employed in the Community Conservation Team (CCT); Other village members (environmental education); Tonkin snub-nosed monkey (Rhinopithecus avunculus) representing the largest global population of approximately 113 individuals,"2,000 hectares in Khau Ca Species Habitat Conservation Area (Sino-Vietnamese Limestone Priority Corridor 3), Ha Giang Province, Northern Vietnam",2013,Community Conservation Teams (CCTs) providing alternative livelihoods for conservation-based activities; Monthly patrols and field monitoring; Provision of field equipment (two new GPS units); Management Effectiveness Tracking Tool (METT) assessments; Implementation of SMART software for adaptive management and patrol reporting,Supporting: Habitat refuge for the critically endangered priority species Tonkin snub-nosed monkey (Rhinopithecus avunculus) in a key biodiversity area and limestone priority corridor; Regulatory: Forest protection and enforcement against illegal logging and non-timber forest product (NTFP) collection.,https://www.cepf.net/grants/grantee-projects/securing-long-term-sustainable-financing-community-conservation-teams; https://www.cepf.net/resources/final-project-report/final-project-report-2042,Small Grant and Project Co-financing
190,Bach Ma,107.7824611,16.13711526,National Park,"Critical Ecosystem Partnership Fund (CEPF) (Grant US$ 199,962.54); HSBC Vietnam (US$ 150,000 over a three-year period, with a first tranche of US$ 50,000 spent and a second tranche of US$ 50,000 released); Payment for Forest Environmental Services (PFES) funds (Thua Thien Hue and Quang Nam PFES Funds, committing an initial US$ 6,000 for 6 months of 2015 for Quang Nam, US$ 12,000 for 2016 for Quang Nam, and US$ 9,000 for 2016 for Thua Thien Hue towards Forest Guard salary costs)","World Wide Fund for Nature (WWF) (Grantee and implementer responsible for establishing the Forest Guard model, conducting corporate relations, developing sustainable financing, and overall project management); Thua Thien Hue and Quang Nam Forest Protection Departments (FPD), under the Department of Agriculture and Rural Development (DARD) (Responsible for forest protection, law enforcement, and employing Forest Guards as full-time law enforcement staff); Thua Thien Hue and Quang Nam Saola Nature Reserves (SNR) (Responsible for field activities, patrols, monitoring, and co-management of the Forest Guard model); Football For All in Vietnam (FFAV) (Organized a Fun Football Festival for conservation awareness activities); Thua Thien Youth Union, A Roang Commune Youth Union, A Luoi District Youth Union, Thuong Nhat Youth Union (Collaborated in conservation and environmental protection events and Community Wildlife Conservation Groups); HSBC Volunteer Group (Gave a training course on communication and facilitation skills for the A Roang Wildlife Conservation Group)","40 Community Forest Guards recruited from local communities (50% from indigenous groups); 18 government rangers and 30 government field rangers trained; 8 CarBi Forest Guard team leaders; directors and vice directors from Thua Thien Hue and Quang Nam Saola Nature Reserves and Sub-FPDs of A Luoi, Nam Dong, Dong Giang and Tay Giang; roughly 40% of 19,000 residents in bufferzone communities reached by radio broadcasts; communities in 21 target villages in the buffer zones of Hue SNR, Quang Nam SNR, and Bach Ma NP; more than 100,000 viewers of the Save Saola campaign on social media; 23 members of the A Roang Community Wildlife Conservation Group. Flagship fauna protected: Saola, Wild Pig, Serow, and Annamite Striped Rabbit","32,000 ha Saola conservation landscape and its bufferzones of 50,000 ha, located in Thua Thien Hue and Quang Nam provinces, Central Annamites of Vietnam (including A Luoi, Nam Dong, Dong Giang, and Tay Giang districts)",2015-2016,"Payment for Forest Environmental Services (PFES) funding framework; Community Forest Guard Model; Saola Standadized SMART (Spatial Monitoring and Reporting Tool) system for patrol planning, reporting, and law enforcement data collection; Informant Incentive System for proactive arrests of hunters; CarBi Arrests Action Plan; conservation awareness programs (Save Saola campaign, radio broadcasts, Fun Football Festival, Art Performance Festivals, Community Wildlife Conservation Groups)","Supporting: Habitat refuge for Saola, Wild Pig, Serow, and Annamite Striped Rabbit, biodiversity conservation, and ecosystem integrity of the forests within the two Saola Nature Reserves. Cultural: Educational services via conservation education meetings, community broadcasts, youth union exhibitions, and the World Saola Day campaign",https://www.cepf.net/grants/grantee-projects/stimulating-sustainable-saola-snare-removal-leveraging-long-term-support; https://www.cepf.net/resources/final-project-report/final-project-report-1933,"Grant, Corporate Partnership (CSR Allocation), Payment for Forest Environmental Services (PFES)"
191,Yok Don,107.662001,12.956476,National Park,"Critical Ecosystem Partnership Fund (CEPF) (Grant US$ 199,962.54); HSBC Vietnam (US$ 150,000 over a three-year period, with a first tranche of US$ 50,000 spent and a second tranche of US$ 50,000 released); Payment for Forest Environmental Services (PFES) funds (Thua Thien Hue and Quang Nam PFES Funds, committing an initial US$ 6,000 for 6 months of 2015 for Quang Nam, US$ 12,000 for 2016 for Quang Nam, and US$ 9,000 for 2016 for Thua Thien Hue towards Forest Guard salary costs)","World Wide Fund for Nature (WWF) (Grantee and implementer responsible for establishing the Forest Guard model, conducting corporate relations, developing sustainable financing, and overall project management); Thua Thien Hue and Quang Nam Forest Protection Departments (FPD), under the Department of Agriculture and Rural Development (DARD) (Responsible for forest protection, law enforcement, and employing Forest Guards as full-time law enforcement staff); Thua Thien Hue and Quang Nam Saola Nature Reserves (SNR) (Responsible for field activities, patrols, monitoring, and co-management of the Forest Guard model); Football For All in Vietnam (FFAV) (Organized a Fun Football Festival for conservation awareness activities); Thua Thien Youth Union, A Roang Commune Youth Union, A Luoi District Youth Union, Thuong Nhat Youth Union (Collaborated in conservation and environmental protection events and Community Wildlife Conservation Groups); HSBC Volunteer Group (Gave a training course on communication and facilitation skills for the A Roang Wildlife Conservation Group)","40 Community Forest Guards recruited from local communities (50% from indigenous groups); 18 government rangers and 30 government field rangers trained; 8 CarBi Forest Guard team leaders; directors and vice directors from Thua Thien Hue and Quang Nam Saola Nature Reserves and Sub-FPDs of A Luoi, Nam Dong, Dong Giang and Tay Giang; roughly 40% of 19,000 residents in bufferzone communities reached by radio broadcasts; communities in 21 target villages in the buffer zones of Hue SNR, Quang Nam SNR, and Bach Ma NP; more than 100,000 viewers of the Save Saola campaign on social media; 23 members of the A Roang Community Wildlife Conservation Group. Flagship fauna protected: Saola, Wild Pig, Serow, and Annamite Striped Rabbit","32,000 ha Saola conservation landscape and its bufferzones of 50,000 ha, located in Thua Thien Hue and Quang Nam provinces, Central Annamites of Vietnam (including A Luoi, Nam Dong, Dong Giang, and Tay Giang districts)",2015-2016,"Payment for Forest Environmental Services (PFES) funding framework; Community Forest Guard Model; Saola Standadized SMART (Spatial Monitoring and Reporting Tool) system for patrol planning, reporting, and law enforcement data collection; Informant Incentive System for proactive arrests of hunters; CarBi Arrests Action Plan; conservation awareness programs (Save Saola campaign, radio broadcasts, Fun Football Festival, Art Performance Festivals, Community Wildlife Conservation Groups)","Supporting: Habitat refuge for Saola, Wild Pig, Serow, and Annamite Striped Rabbit, biodiversity conservation, and ecosystem integrity of the forests within the two Saola Nature Reserves. Cultural: Educational services via conservation education meetings, community broadcasts, youth union exhibitions, and the World Saola Day campaign",https://www.cepf.net/grants/grantee-projects/stimulating-sustainable-saola-snare-removal-leveraging-long-term-support; https://www.cepf.net/resources/final-project-report/final-project-report-1933,"Grant, Corporate Partnership (CSR Allocation), Payment for Forest Environmental Services (PFES)"
192,Dakrong,107.037916,16.555102,Nature Reserve,"Critical Ecosystem Partnership Fund (CEPF) [$20,000]","Newcastle University (Lead, grant recipient, organized workshop), IUCN SSC Galliformes Specialist Group (Umbrella organization for the workshop), IUCN-Vietnam office (Hosted the workshop), VietNature Conservation Centre (Assisted with workshop development and logistics), Edwardsâ€™s Pheasant Working Group (Created to co-ordinate and oversee the conservation strategy)",Targeted threatened flagship fauna: Edwardsâ€™s pheasant (Lophura edwardsii) [Critically Endangered]. Count of individuals impacted: N/A (no wild population confirmed during the project). Communities/households: N/A.,"Spatial footprint size: N/A. Geographic locations: Central Vietnam (Ha Tinh, Quang Binh, Quang Tri, and Thua Thien Hue Provinces), including Ke Go Nature Reserve, Khe Net Nature Reserve, Khe Nuoc Trong Watershed Protection Forest (Quang Binh), Dakrong Nature Reserve (Quang Tri), Phong Dien Nature Reserve (Thua Thien-Hue), and Bach Ma National Park (Thua Thien-Hue).",2013,"Species conservation strategy, predictive species distribution modeling using MAXENT, geospatial remote sensing data, environmental covariates analysis, establishment of an Edwardsâ€™s Pheasant Working Group","Supporting: Habitat refuge (lowland wet evergreen forests within evergreen forest, valley bottoms at low altitudes with gentle slopes for Edwardsâ€™s pheasant and related species)",https://www.cepf.net/grants/grantee-projects/strategic-approach-conserving-critically-endangered-edwardss-pheasant; https://www.cepf.net/resources/final-project-report/final-project-report-2056,Small Grant
193,Ke Go,105.968029,18.093212,Nature Reserve,"Critical Ecosystem Partnership Fund (CEPF) [$20,000]","Newcastle University (Lead, grant recipient, organized workshop), IUCN SSC Galliformes Specialist Group (Umbrella organization for the workshop), IUCN-Vietnam office (Hosted the workshop), VietNature Conservation Centre (Assisted with workshop development and logistics), Edwardsâ€™s Pheasant Working Group (Created to co-ordinate and oversee the conservation strategy)",Targeted threatened flagship fauna: Edwardsâ€™s pheasant (Lophura edwardsii) [Critically Endangered]. Count of individuals impacted: N/A (no wild population confirmed during the project). Communities/households: N/A.,"Spatial footprint size: N/A. Geographic locations: Central Vietnam (Ha Tinh, Quang Binh, Quang Tri, and Thua Thien Hue Provinces), including Ke Go Nature Reserve, Khe Net Nature Reserve, Khe Nuoc Trong Watershed Protection Forest (Quang Binh), Dakrong Nature Reserve (Quang Tri), Phong Dien Nature Reserve (Thua Thien-Hue), and Bach Ma National Park (Thua Thien-Hue).",2013,"Species conservation strategy, predictive species distribution modeling using MAXENT, geospatial remote sensing data, environmental covariates analysis, establishment of an Edwardsâ€™s Pheasant Working Group","Supporting: Habitat refuge (lowland wet evergreen forests within evergreen forest, valley bottoms at low altitudes with gentle slopes for Edwardsâ€™s pheasant and related species)",https://www.cepf.net/grants/grantee-projects/strategic-approach-conserving-critically-endangered-edwardss-pheasant; https://www.cepf.net/resources/final-project-report/final-project-report-2056,Small Grant
194,Phong Dien,107.200384,16.45256,Nature Reserve,"Critical Ecosystem Partnership Fund (CEPF) [$20,000]","Newcastle University (Lead, grant recipient, organized workshop), IUCN SSC Galliformes Specialist Group (Umbrella organization for the workshop), IUCN-Vietnam office (Hosted the workshop), VietNature Conservation Centre (Assisted with workshop development and logistics), Edwardsâ€™s Pheasant Working Group (Created to co-ordinate and oversee the conservation strategy)",Targeted threatened flagship fauna: Edwardsâ€™s pheasant (Lophura edwardsii) [Critically Endangered]. Count of individuals impacted: N/A (no wild population confirmed during the project). Communities/households: N/A.,"Spatial footprint size: N/A. Geographic locations: Central Vietnam (Ha Tinh, Quang Binh, Quang Tri, and Thua Thien Hue Provinces), including Ke Go Nature Reserve, Khe Net Nature Reserve, Khe Nuoc Trong Watershed Protection Forest (Quang Binh), Dakrong Nature Reserve (Quang Tri), Phong Dien Nature Reserve (Thua Thien-Hue), and Bach Ma National Park (Thua Thien-Hue).",2013,"Species conservation strategy, predictive species distribution modeling using MAXENT, geospatial remote sensing data, environmental covariates analysis, establishment of an Edwardsâ€™s Pheasant Working Group","Supporting: Habitat refuge (lowland wet evergreen forests within evergreen forest, valley bottoms at low altitudes with gentle slopes for Edwardsâ€™s pheasant and related species)",https://www.cepf.net/grants/grantee-projects/strategic-approach-conserving-critically-endangered-edwardss-pheasant; https://www.cepf.net/resources/final-project-report/final-project-report-2056,Small Grant
195,Nam Xuan Lac,105.51329,22.304419,Nature Reserve,"Critical Ecosystem Partnership Fund (CEPF) [USD 19,978.0]; People Resources and Conservation Foundation (PRCF) [USD 3,500.0 breakdown: Project conservation direction time, Project Team Leader time, Project field Officer time, Telephone/Fax/Internet]","People Resources and Conservation Foundation (PRCF) [Project implementer and facilitator for community involvement and institutional support]; Bac Kan Department of Agriculture and Rural Development (BK DARD) [Official counterpart, overall endorsement of project activities]; Xuan Lac SHCA Management Board [Direct official counterpart, overall support and monitoring of project implementation, definition of management groups]; Bac Kan Forest Protection Department (BK FPD) [Initial counterpart involved in project design, later rejected project]; Stakeholder Management Groups (SMGs) [Village groups assisting in biodiversity conservation and management]","6 target villages (mostly Tai ethnic minority, specifically Dao and Tay): Khuoi Ken village (16 households, 76 people, 100% Dao), Keo Nang village (52 households, 240 people, 100% Dao), Phia Khao village (16 households, 78 people, 100% Dao) in Ban Thi commune; Coc Toc village (47 households, 188 people, 100% Tay) in Dong Lac commune; Na Da village (57 households, 270 people, 100% Dao) and Ban Khang / Ban Khan village in Xuan Lac commune. 39 individuals (24 men, 15 women) benefited from formal training. 90 participants in training workshops. Target non-timber forest product species protected: Amomum xanthioides, Alpinia malaccensis, and Alpinia latilabris.","4,700 hectares (Nam Xuan Lac SHCA VNM10 Key Biodiversity Area) located in Ban Thi commune, Dong Lac commune, and Xuan Lac commune, Na Hang district, Bac Kan Province",2017-2019,"Participatory 5-Year (2019-2024) Conservation Management Plan/Strategy; Maps of Xuan Lac SHCA and buffer zone defining conservation, restoration, and sustainable harvest areas; Conservation Needs Assessment guidelines and SWOT strategy; Stakeholder Management Groups (SMGs) with drafted operational regulations; Participatory monitoring system and harvesting regulations for NTFPs (Amomum xanthioides, Alpinia malaccensis/Alpinia latilabris); Payment for Environmental Services (PFES) mechanisms formulation; Collaborative conservation management framework.","Provisioning: Sustainable harvesting of non-timber forest products (NTFPs) such as Amomum xanthioides, Alpinia malaccensis, and Alpinia latilabris. Supporting: Biodiversity conservation, species and habitat conservation, forest restoration, protected area landscape management. Cultural: Improved representation and decision-making for ethnic minority communities in governance forums, participatory mapping, collaborative management planning.",https://www.cepf.net/grants/grantee-projects/strengthen-co-management-measures-nam-xuan-lac-shca-and-establish-forest; https://www.cepf.net/resources/final-project-report/final-project-report-2280,Grant (CEPF Grant) and Project Co-Financing (In-kind contributions)
196,Na Hang,105.438352,22.495256,Nature Reserve,"Critical Ecosystem Partnership Fund (CEPF) [USD 19,978.0]; People Resources and Conservation Foundation (PRCF) [USD 3,500.0 breakdown: Project conservation direction time, Project Team Leader time, Project field Officer time, Telephone/Fax/Internet]","People Resources and Conservation Foundation (PRCF) [Project implementer and facilitator for community involvement and institutional support]; Bac Kan Department of Agriculture and Rural Development (BK DARD) [Official counterpart, overall endorsement of project activities]; Xuan Lac SHCA Management Board [Direct official counterpart, overall support and monitoring of project implementation, definition of management groups]; Bac Kan Forest Protection Department (BK FPD) [Initial counterpart involved in project design, later rejected project]; Stakeholder Management Groups (SMGs) [Village groups assisting in biodiversity conservation and management]","6 target villages (mostly Tai ethnic minority, specifically Dao and Tay): Khuoi Ken village (16 households, 76 people, 100% Dao), Keo Nang village (52 households, 240 people, 100% Dao), Phia Khao village (16 households, 78 people, 100% Dao) in Ban Thi commune; Coc Toc village (47 households, 188 people, 100% Tay) in Dong Lac commune; Na Da village (57 households, 270 people, 100% Dao) and Ban Khang / Ban Khan village in Xuan Lac commune. 39 individuals (24 men, 15 women) benefited from formal training. 90 participants in training workshops. Target non-timber forest product species protected: Amomum xanthioides, Alpinia malaccensis, and Alpinia latilabris.","4,700 hectares (Nam Xuan Lac SHCA VNM10 Key Biodiversity Area) located in Ban Thi commune, Dong Lac commune, and Xuan Lac commune, Na Hang district, Bac Kan Province",2017-2019,"Participatory 5-Year (2019-2024) Conservation Management Plan/Strategy; Maps of Xuan Lac SHCA and buffer zone defining conservation, restoration, and sustainable harvest areas; Conservation Needs Assessment guidelines and SWOT strategy; Stakeholder Management Groups (SMGs) with drafted operational regulations; Participatory monitoring system and harvesting regulations for NTFPs (Amomum xanthioides, Alpinia malaccensis/Alpinia latilabris); Payment for Environmental Services (PFES) mechanisms formulation; Collaborative conservation management framework.","Provisioning: Sustainable harvesting of non-timber forest products (NTFPs) such as Amomum xanthioides, Alpinia malaccensis, and Alpinia latilabris. Supporting: Biodiversity conservation, species and habitat conservation, forest restoration, protected area landscape management. Cultural: Improved representation and decision-making for ethnic minority communities in governance forums, participatory mapping, collaborative management planning.",https://www.cepf.net/grants/grantee-projects/strengthen-co-management-measures-nam-xuan-lac-shca-and-establish-forest; https://www.cepf.net/resources/final-project-report/final-project-report-2280,Grant (CEPF Grant) and Project Co-Financing (In-kind contributions)
197,Nui Chua,109.1410328,11.71846574,National Park,"CEPF (Critical Ecosystem Partnership Fund) [$19,940 grant]; Business groups in Da Nang [$2,000 seed-money fund; $10,000 fund for conservation activities; 8 cars for I Love Son Tra Journey]","GreenViet Biodiversity Conservation Centre (Implementing Partner: managing volunteers, coordinating stakeholders, running conservation projects); Danang City Department of Education and Training (DET) (Partner: communication campaign for 6 high schools); Natural Resources and Environment Office (NREO) of Hai Chau District (Partner: raising awareness of school children); NREO of Thanh Khe District (Partner: organizing public festival to learn environmental protection laws); NREO of Hoa Vang District (Partner: running Green School program); NREO of Son Tra District (Partner: organizing recycle-material teaching tool festival); Education Office of Son Tra District (Partner: raising awareness program in 13 schools); Forest Protection Department (FPD) of Son Tra District (Partner: conducting public meeting to study Forest Protection Law); Management Board of Ba Na - Nui Chua Special Used Forest (Partner: designing desk-calendar to raise awareness); Top Olympia Centre in Da Nang (Training provider: CEO professional ED training course); Black Moon (Trainer: communication skills and campaign planning); Action Training Institute (ATI) (Trainer: human resources management and fundraising strategy); PISHUD Institute (Partner: identifying resources and strategy for fundraising); Payap University, Thailand (Trainer: Social Entrepreneurship); Pan Nature (Partner: helping approach CEOs for fundraising); Galaxy Media Corporation (Partner: helping approach CEOs for fundraising); Da Nang city Tourism Association (Partner: running campaign to change National Plan for Son Tra Tourism)","15,000 students and teachers in 14 schools; 700 officers in local authorities; 3,000 high school students in 6 schools (Phan Chau Trinh, Hoang Hoa Tham, Ong Ich Khiem, Quang Trung, Skyline, Nguyen Khuyen); 1,200 school children and teachers in 2 primary schools (Le Kim Lang, Hoa Tien 1); 300 participants from Thanh Khe District's People Committee, Hoa Khe ward's People Committee and authorities; 300 students and teachers in Chi Lang primary school; 100 people in Thanh Vinh 4 Group of Son Tra District; 210 volunteers (97 new) and 10 core volunteers; 22 CEOs of business groups; Da Nang Citizens (490,000 men and boys, 510,000 women and girls); Target threatened species: Red-shanked douc langur (Pygathrix nemaeus), endangered species in Ba Na - Nui Chua NR; Targeted regional districts: Hai Chau, Thanh Khe, Hoa Vang, Son Tra, Cam Le, Lien Chieu","Da Nang City (including Hai Chau, Thanh Khe, Hoa Vang, Son Tra, Cam Le, and Lien Chieu Districts), Son Tra Nature Reserve, and Ba Na - Nui Chua Nature Reserve (Latitude 16.047079, Longitude 108.206230). Spatial footprint in hectares: N/A",2016-2017,"Asset-Based Community Development (ABCD) methodology; Memorandum of Understanding (MoU) with 8 local stakeholders; Green School programs; public festivals (Recycle-material Teaching Tool Festival, Environmental protection laws festival); volunteer network coordination; I Love Son Tra Journey study tours; 360 degree communication campaign planning; online fundraising strategies","Supporting: Habitat refuge (protecting habitat of the Red-shanked douc langur (Pygathrix nemaeus) in Son Tra NR and endangered species in Ba Na - Nui Chua NR). Cultural: Educational (environmental education programs for students, teachers, decision-makers, and public; public festivals; eco-tourism adjustments)",https://www.cepf.net/grants/grantee-projects/strengthening-capacity-greenviet-design-and-conduct-conservation-projects; https://www.cepf.net/resources/final-project-report/final-project-report-560,Grant (CEPF Small grant contract) and Corporate Philanthropy/CSR Allocation (Business groups)
198,Cuc Phuong,105.607063,20.324884,National Park,"Critical Ecosystem Partnership Fund (CEPF) (Grant Amount: US$ 19,986); Whitley Wildlife Conservation Trust (20,000 GBP); Synchronicity Earth (20,000 GBP per year); Olsen Animal Trust (30,000 USD for 3 years); Oak Foundation (50,000 USD per year); Welttierschutzgesellschaft e.V (WTG) (50,000-75,000 EURO per year); Cuc Phuong National Park (USD 1,000 for office rent costs); International Fund for Animal Welfare (IFAW), Wildlife Conservation Network (WCN), Human Society International (HSI), and Future For Nature (FFN) (amounts unknown, covered expenses for staff air tickets, accommodation or food).","Save Vietnam's Wildlife (SVW) [Project implementer: renting new office, employing financial manager, rescuing confiscated animals, developing volunteer program, leading collaborative initiative for National Pangolin Conservation Action Plan]; International Fund for Animal Welfare (IFAW) [Co-financier: covered airfares from Vietnam to Hawaii and South Africa for SVW staff to attend workshops]; Cuc Phuong National Park [Partner: allowed SVW to rent the old visitor centre as SVW's new office with subsidized rent]; Russell Bedford KTC Associates [Consultant: provided Financial Officer with on-the-job training in the use of QuickBooks and prepared financial audit]; Ministry of Agriculture and Rural Development (MARD) Nature Conservation Department [Government partner: collaborative initiative to prepare the National Pangolin Conservation Action Plan, provided official permission to set up the Pangolin Working Group and send questionnaires]; CITES management authority of Vietnam [Government partner: received technical support on Chinese and Sunda pangolins before CoP-17]; IUCN SSC Pangolin Specialist Group [Partner: gave presentations about the challenges of pangolin conservation in Asia and Africa].",43 full-time and part-time Save Vietnam's Wildlife (SVW) staff; 4 men and 2 women benefitting from formal training; 29 men and 14 women benefitting from increased income; 3 to 5 volunteers every week; approximately 200 paying volunteers yearly; rescued confiscated wildlife including all eight pangolin species (specifically Chinese pangolin and Sunda pangolin).,"Cuc Phuong National Park in Nho Quan, Ninh Binh, Vietnam (specifically a renovated 250mÂ² office and a 35mÂ² meeting room within the old visitor centre of the park).",2016-2017,QuickBooks accounting software for financial management; Office and meeting room infrastructure refurbishment; Paying volunteer programme; National Pangolin Conservation Action Plan framework and questionnaires; Pangolin Working Group; Wildlife Support Network.,"Supporting: Habitat refuge and species conservation (rescuing confiscated wildlife, specifically hunted and traded pangolins, and giving them a second chance to be back in the wild). Cultural: Educational and organizational capacity building (staff training in financial management, public speaking, leadership and management skills, raising global awareness about pangolin trafficking). Provisioning: N/A.",https://www.cepf.net/grants/grantee-projects/strengthening-capacity-save-vietnams-wildlife; https://www.cepf.net/resources/final-project-report/final-project-report-2208,Small Grant / Project Co-Financing / Unrestricted funds
199,Trung Khanh,106.549793,22.886985,Nature Reserve,"Critical Ecosystem Partnership Fund (CEPF) ($19,993)","Vietnam National Parks and Protected Area Association (VNPPA) [Grantee/Implementer: coordinating, facilitating capacity building, sharing conservation best practices, advocating for community-based conservation], VNForest [State agency: received recommendations and participated in technical meetings], Department of Special Use and Protection Forests Management [State agency: cooperated to hold technical meetings and received reports], Forest Protection Department [State agency: cooperated to hold technical meetings and received reports], Forestry Administration (MARD) [Government agency: participated in discussions to promote community-based conservation], Biodiversity Conservation Agency (MONRE) [Government agency: participated in discussions to promote community-based conservation], FFI [NGO: cooperated to review and document lessons learned from community-based models], WWF [NGO: cooperated to review and document lessons learned from community-based models], PRCF [NGO: cooperated to review and document lessons learned from community-based models], GIZ [CSO: participated in technical meeting], Center for Nature Conservation and Development [Partner: cooperated to replicate lessons learnt in other PAs]","VNPPA staff (especially young staff), Protected Area (PA) staff, 10 men and 4 women benefiting from formal training, Local communities in the Sino-Vietnam Limestone landscape, At least 5 protected areas supported to prepare community-based forest patrol programmes, 2 protected areas supported to prepare and execute community-based species monitoring programmes","21,500 hectares total of Key Biodiversity Areas with improved management (Cao Vit Species and Habitat Conservation site: 3,000 hectares; Khau Ca Species and Habitat Conservation site: 1,500 hectares; Van Long Nature Reserve: 3,000 hectares; Xuan Lien Nature Reserve: 11,000 hectares; Kim Báº£ng forest: 3,000 hectares), 3,000 hectares for the proposed establishment of new Kim Bang Nature Reserve (Latitude 20.515626, Longitude 105.838632), Sino-Vietnam Limestone landscape, Vietnam",2019,"Community-based conservation models and practices, Community-based forest protection and patrol programmes, Community-based endangered species monitoring and protection programmes, Co-management mechanisms for formal protected areas, Nature conservation education and capacity building trainings, Policy brief and technical recommendations for PA management and biodiversity conservation","Supporting: Habitat refuge (species and habitat protection, biodiversity conservation, endangered species monitoring); Provisioning: Forest protection and natural resources management; Cultural: Nature conservation education, sharing conservation best practices, capacity building, community participation in PA governance",https://www.cepf.net/grants/grantee-projects/strengthening-capacity-vnppa-coordinate-and-support-conservation-vietnams; https://www.cepf.net/resources/final-project-report/final-project-report-2286,Small Grant
200,Nam Xuan Lac,105.51329,22.304419,Nature Reserve,"Critical Ecosystem Partnership Fund (CEPF) ($19,993)","Vietnam National Parks and Protected Area Association (VNPPA) [Grantee/Implementer: coordinating, facilitating capacity building, sharing conservation best practices, advocating for community-based conservation], VNForest [State agency: received recommendations and participated in technical meetings], Department of Special Use and Protection Forests Management [State agency: cooperated to hold technical meetings and received reports], Forest Protection Department [State agency: cooperated to hold technical meetings and received reports], Forestry Administration (MARD) [Government agency: participated in discussions to promote community-based conservation], Biodiversity Conservation Agency (MONRE) [Government agency: participated in discussions to promote community-based conservation], FFI [NGO: cooperated to review and document lessons learned from community-based models], WWF [NGO: cooperated to review and document lessons learned from community-based models], PRCF [NGO: cooperated to review and document lessons learned from community-based models], GIZ [CSO: participated in technical meeting], Center for Nature Conservation and Development [Partner: cooperated to replicate lessons learnt in other PAs]","VNPPA staff (especially young staff), Protected Area (PA) staff, 10 men and 4 women benefiting from formal training, Local communities in the Sino-Vietnam Limestone landscape, At least 5 protected areas supported to prepare community-based forest patrol programmes, 2 protected areas supported to prepare and execute community-based species monitoring programmes","21,500 hectares total of Key Biodiversity Areas with improved management (Cao Vit Species and Habitat Conservation site: 3,000 hectares; Khau Ca Species and Habitat Conservation site: 1,500 hectares; Van Long Nature Reserve: 3,000 hectares; Xuan Lien Nature Reserve: 11,000 hectares; Kim Báº£ng forest: 3,000 hectares), 3,000 hectares for the proposed establishment of new Kim Bang Nature Reserve (Latitude 20.515626, Longitude 105.838632), Sino-Vietnam Limestone landscape, Vietnam",2019,"Community-based conservation models and practices, Community-based forest protection and patrol programmes, Community-based endangered species monitoring and protection programmes, Co-management mechanisms for formal protected areas, Nature conservation education and capacity building trainings, Policy brief and technical recommendations for PA management and biodiversity conservation","Supporting: Habitat refuge (species and habitat protection, biodiversity conservation, endangered species monitoring); Provisioning: Forest protection and natural resources management; Cultural: Nature conservation education, sharing conservation best practices, capacity building, community participation in PA governance",https://www.cepf.net/grants/grantee-projects/strengthening-capacity-vnppa-coordinate-and-support-conservation-vietnams; https://www.cepf.net/resources/final-project-report/final-project-report-2286,Small Grant
201,Xuan Thuy,106.541873,20.228911,National Park,"Critical Ecosystem Partnership Fund (CEPF) ($19,993)","Vietnam National Parks and Protected Area Association (VNPPA) [Grantee/Implementer: coordinating, facilitating capacity building, sharing conservation best practices, advocating for community-based conservation], VNForest [State agency: received recommendations and participated in technical meetings], Department of Special Use and Protection Forests Management [State agency: cooperated to hold technical meetings and received reports], Forest Protection Department [State agency: cooperated to hold technical meetings and received reports], Forestry Administration (MARD) [Government agency: participated in discussions to promote community-based conservation], Biodiversity Conservation Agency (MONRE) [Government agency: participated in discussions to promote community-based conservation], FFI [NGO: cooperated to review and document lessons learned from community-based models], WWF [NGO: cooperated to review and document lessons learned from community-based models], PRCF [NGO: cooperated to review and document lessons learned from community-based models], GIZ [CSO: participated in technical meeting], Center for Nature Conservation and Development [Partner: cooperated to replicate lessons learnt in other PAs]","VNPPA staff (especially young staff), Protected Area (PA) staff, 10 men and 4 women benefiting from formal training, Local communities in the Sino-Vietnam Limestone landscape, At least 5 protected areas supported to prepare community-based forest patrol programmes, 2 protected areas supported to prepare and execute community-based species monitoring programmes","21,500 hectares total of Key Biodiversity Areas with improved management (Cao Vit Species and Habitat Conservation site: 3,000 hectares; Khau Ca Species and Habitat Conservation site: 1,500 hectares; Van Long Nature Reserve: 3,000 hectares; Xuan Lien Nature Reserve: 11,000 hectares; Kim Báº£ng forest: 3,000 hectares), 3,000 hectares for the proposed establishment of new Kim Bang Nature Reserve (Latitude 20.515626, Longitude 105.838632), Sino-Vietnam Limestone landscape, Vietnam",2019,"Community-based conservation models and practices, Community-based forest protection and patrol programmes, Community-based endangered species monitoring and protection programmes, Co-management mechanisms for formal protected areas, Nature conservation education and capacity building trainings, Policy brief and technical recommendations for PA management and biodiversity conservation","Supporting: Habitat refuge (species and habitat protection, biodiversity conservation, endangered species monitoring); Provisioning: Forest protection and natural resources management; Cultural: Nature conservation education, sharing conservation best practices, capacity building, community participation in PA governance",https://www.cepf.net/grants/grantee-projects/strengthening-capacity-vnppa-coordinate-and-support-conservation-vietnams; https://www.cepf.net/resources/final-project-report/final-project-report-2286,Small Grant
202,Du Gia,105.153149,22.901542,National Park,"Critical Ecosystem Partnership Fund (CEPF) ($19,993)","Vietnam National Parks and Protected Area Association (VNPPA) [Grantee/Implementer: coordinating, facilitating capacity building, sharing conservation best practices, advocating for community-based conservation], VNForest [State agency: received recommendations and participated in technical meetings], Department of Special Use and Protection Forests Management [State agency: cooperated to hold technical meetings and received reports], Forest Protection Department [State agency: cooperated to hold technical meetings and received reports], Forestry Administration (MARD) [Government agency: participated in discussions to promote community-based conservation], Biodiversity Conservation Agency (MONRE) [Government agency: participated in discussions to promote community-based conservation], FFI [NGO: cooperated to review and document lessons learned from community-based models], WWF [NGO: cooperated to review and document lessons learned from community-based models], PRCF [NGO: cooperated to review and document lessons learned from community-based models], GIZ [CSO: participated in technical meeting], Center for Nature Conservation and Development [Partner: cooperated to replicate lessons learnt in other PAs]","VNPPA staff (especially young staff), Protected Area (PA) staff, 10 men and 4 women benefiting from formal training, Local communities in the Sino-Vietnam Limestone landscape, At least 5 protected areas supported to prepare community-based forest patrol programmes, 2 protected areas supported to prepare and execute community-based species monitoring programmes","21,500 hectares total of Key Biodiversity Areas with improved management (Cao Vit Species and Habitat Conservation site: 3,000 hectares; Khau Ca Species and Habitat Conservation site: 1,500 hectares; Van Long Nature Reserve: 3,000 hectares; Xuan Lien Nature Reserve: 11,000 hectares; Kim Báº£ng forest: 3,000 hectares), 3,000 hectares for the proposed establishment of new Kim Bang Nature Reserve (Latitude 20.515626, Longitude 105.838632), Sino-Vietnam Limestone landscape, Vietnam",2019,"Community-based conservation models and practices, Community-based forest protection and patrol programmes, Community-based endangered species monitoring and protection programmes, Co-management mechanisms for formal protected areas, Nature conservation education and capacity building trainings, Policy brief and technical recommendations for PA management and biodiversity conservation","Supporting: Habitat refuge (species and habitat protection, biodiversity conservation, endangered species monitoring); Provisioning: Forest protection and natural resources management; Cultural: Nature conservation education, sharing conservation best practices, capacity building, community participation in PA governance",https://www.cepf.net/grants/grantee-projects/strengthening-capacity-vnppa-coordinate-and-support-conservation-vietnams; https://www.cepf.net/resources/final-project-report/final-project-report-2286,Small Grant
203,Dakrong,107.037916,16.555102,Nature Reserve,"Critical Ecosystem Partnership Fund (CEPF) ($19,993)","Vietnam National Parks and Protected Area Association (VNPPA) [Grantee/Implementer: coordinating, facilitating capacity building, sharing conservation best practices, advocating for community-based conservation], VNForest [State agency: received recommendations and participated in technical meetings], Department of Special Use and Protection Forests Management [State agency: cooperated to hold technical meetings and received reports], Forest Protection Department [State agency: cooperated to hold technical meetings and received reports], Forestry Administration (MARD) [Government agency: participated in discussions to promote community-based conservation], Biodiversity Conservation Agency (MONRE) [Government agency: participated in discussions to promote community-based conservation], FFI [NGO: cooperated to review and document lessons learned from community-based models], WWF [NGO: cooperated to review and document lessons learned from community-based models], PRCF [NGO: cooperated to review and document lessons learned from community-based models], GIZ [CSO: participated in technical meeting], Center for Nature Conservation and Development [Partner: cooperated to replicate lessons learnt in other PAs]","VNPPA staff (especially young staff), Protected Area (PA) staff, 10 men and 4 women benefiting from formal training, Local communities in the Sino-Vietnam Limestone landscape, At least 5 protected areas supported to prepare community-based forest patrol programmes, 2 protected areas supported to prepare and execute community-based species monitoring programmes","21,500 hectares total of Key Biodiversity Areas with improved management (Cao Vit Species and Habitat Conservation site: 3,000 hectares; Khau Ca Species and Habitat Conservation site: 1,500 hectares; Van Long Nature Reserve: 3,000 hectares; Xuan Lien Nature Reserve: 11,000 hectares; Kim Báº£ng forest: 3,000 hectares), 3,000 hectares for the proposed establishment of new Kim Bang Nature Reserve (Latitude 20.515626, Longitude 105.838632), Sino-Vietnam Limestone landscape, Vietnam",2019,"Community-based conservation models and practices, Community-based forest protection and patrol programmes, Community-based endangered species monitoring and protection programmes, Co-management mechanisms for formal protected areas, Nature conservation education and capacity building trainings, Policy brief and technical recommendations for PA management and biodiversity conservation","Supporting: Habitat refuge (species and habitat protection, biodiversity conservation, endangered species monitoring); Provisioning: Forest protection and natural resources management; Cultural: Nature conservation education, sharing conservation best practices, capacity building, community participation in PA governance",https://www.cepf.net/grants/grantee-projects/strengthening-capacity-vnppa-coordinate-and-support-conservation-vietnams; https://www.cepf.net/resources/final-project-report/final-project-report-2286,Small Grant
204,Van Long,105.852061,20.384058,Nature Reserve,"Critical Ecosystem Partnership Fund (CEPF) ($19,993)","Vietnam National Parks and Protected Area Association (VNPPA) [Grantee/Implementer: coordinating, facilitating capacity building, sharing conservation best practices, advocating for community-based conservation], VNForest [State agency: received recommendations and participated in technical meetings], Department of Special Use and Protection Forests Management [State agency: cooperated to hold technical meetings and received reports], Forest Protection Department [State agency: cooperated to hold technical meetings and received reports], Forestry Administration (MARD) [Government agency: participated in discussions to promote community-based conservation], Biodiversity Conservation Agency (MONRE) [Government agency: participated in discussions to promote community-based conservation], FFI [NGO: cooperated to review and document lessons learned from community-based models], WWF [NGO: cooperated to review and document lessons learned from community-based models], PRCF [NGO: cooperated to review and document lessons learned from community-based models], GIZ [CSO: participated in technical meeting], Center for Nature Conservation and Development [Partner: cooperated to replicate lessons learnt in other PAs]","VNPPA staff (especially young staff), Protected Area (PA) staff, 10 men and 4 women benefiting from formal training, Local communities in the Sino-Vietnam Limestone landscape, At least 5 protected areas supported to prepare community-based forest patrol programmes, 2 protected areas supported to prepare and execute community-based species monitoring programmes","21,500 hectares total of Key Biodiversity Areas with improved management (Cao Vit Species and Habitat Conservation site: 3,000 hectares; Khau Ca Species and Habitat Conservation site: 1,500 hectares; Van Long Nature Reserve: 3,000 hectares; Xuan Lien Nature Reserve: 11,000 hectares; Kim Báº£ng forest: 3,000 hectares), 3,000 hectares for the proposed establishment of new Kim Bang Nature Reserve (Latitude 20.515626, Longitude 105.838632), Sino-Vietnam Limestone landscape, Vietnam",2019,"Community-based conservation models and practices, Community-based forest protection and patrol programmes, Community-based endangered species monitoring and protection programmes, Co-management mechanisms for formal protected areas, Nature conservation education and capacity building trainings, Policy brief and technical recommendations for PA management and biodiversity conservation","Supporting: Habitat refuge (species and habitat protection, biodiversity conservation, endangered species monitoring); Provisioning: Forest protection and natural resources management; Cultural: Nature conservation education, sharing conservation best practices, capacity building, community participation in PA governance",https://www.cepf.net/grants/grantee-projects/strengthening-capacity-vnppa-coordinate-and-support-conservation-vietnams; https://www.cepf.net/resources/final-project-report/final-project-report-2286,Small Grant
205,Xuan Lien,105.152884,19.94547,Nature Reserve,"Critical Ecosystem Partnership Fund (CEPF) ($19,993)","Vietnam National Parks and Protected Area Association (VNPPA) [Grantee/Implementer: coordinating, facilitating capacity building, sharing conservation best practices, advocating for community-based conservation], VNForest [State agency: received recommendations and participated in technical meetings], Department of Special Use and Protection Forests Management [State agency: cooperated to hold technical meetings and received reports], Forest Protection Department [State agency: cooperated to hold technical meetings and received reports], Forestry Administration (MARD) [Government agency: participated in discussions to promote community-based conservation], Biodiversity Conservation Agency (MONRE) [Government agency: participated in discussions to promote community-based conservation], FFI [NGO: cooperated to review and document lessons learned from community-based models], WWF [NGO: cooperated to review and document lessons learned from community-based models], PRCF [NGO: cooperated to review and document lessons learned from community-based models], GIZ [CSO: participated in technical meeting], Center for Nature Conservation and Development [Partner: cooperated to replicate lessons learnt in other PAs]","VNPPA staff (especially young staff), Protected Area (PA) staff, 10 men and 4 women benefiting from formal training, Local communities in the Sino-Vietnam Limestone landscape, At least 5 protected areas supported to prepare community-based forest patrol programmes, 2 protected areas supported to prepare and execute community-based species monitoring programmes","21,500 hectares total of Key Biodiversity Areas with improved management (Cao Vit Species and Habitat Conservation site: 3,000 hectares; Khau Ca Species and Habitat Conservation site: 1,500 hectares; Van Long Nature Reserve: 3,000 hectares; Xuan Lien Nature Reserve: 11,000 hectares; Kim Báº£ng forest: 3,000 hectares), 3,000 hectares for the proposed establishment of new Kim Bang Nature Reserve (Latitude 20.515626, Longitude 105.838632), Sino-Vietnam Limestone landscape, Vietnam",2019,"Community-based conservation models and practices, Community-based forest protection and patrol programmes, Community-based endangered species monitoring and protection programmes, Co-management mechanisms for formal protected areas, Nature conservation education and capacity building trainings, Policy brief and technical recommendations for PA management and biodiversity conservation","Supporting: Habitat refuge (species and habitat protection, biodiversity conservation, endangered species monitoring); Provisioning: Forest protection and natural resources management; Cultural: Nature conservation education, sharing conservation best practices, capacity building, community participation in PA governance",https://www.cepf.net/grants/grantee-projects/strengthening-capacity-vnppa-coordinate-and-support-conservation-vietnams; https://www.cepf.net/resources/final-project-report/final-project-report-2286,Small Grant
206,Tram Chim,105.534805,10.714756,National Park,"Critical Ecosystem Partnership Fund (CEPF) (US$50,000.00); International Rivers (1,000 USD)","Center for Water Resources Conservation and Development (WARECOD) [Project Coordinator / Grantee]; An Giang Department on Nature Resources and Environment [Provided key contacts, helped invite participants from local authorities, shared opinions on Mekong mainstream dams]; An Giang University [Shared research findings in dialogues]; Can Tho University [Experts Dr. Duong Van Ni, Dr. Le Anh Tuan, and Mr. Nguyen Huu Thien provided consultation on fieldtrips and film-making process, shared knowledge and local community connections]; Mekong Delta Network for Environment Protection and Response to Climate Change (MekongNet) [Participated in workshops and shared information]; Center for Biodiversity Conservation â€“ Ho Chi Minh City [Organized conference on integrated watershed forest and river basin management]; FORWET [Participated in Dialogue 1 and shared research findings]; PanNature [Consulted during film-making process, provided communication experience and mass media connections]; Mass media including journalists, television and radio broadcasting (VTC16, Lam Dong Television, Vietnamese Television (VTV), Saigon Times, Saigon Tiep thi, Nong nghiep, Thanh nien) [Produced news, broadcasted films, participated in fieldtrips, and channeled information to the public]; International Rivers [Provided translated factsheets, provided a 1,000 USD fund to compile articles into a proceeding called 'The challenges of Mekong delta']; Stimson Institute [Mr. Cronin and Mr. Hamlin shared views on the role of CSOs as resource persons, provided ideas from their documentary film]; Vietnam Rivers Network (VRN) [Advocacy partner and distributor of project deliverables]; University of Canterbury [Planned for consultation but was not utilized due to difficulties]","Farmers in 13 provinces in the Mekong delta (involved in rice, aquaculture, fruit orchard, animal husbandry, and cash crops); Riparian communities along the Mekong river; Scientists, academics, lecturers, university students (Can Tho University), environment experts, and environmentalists; Government officials (including representatives from Department of Agriculture and Rural Development, Department of Science and Technology, Department of Natural Resources, An Giang People's Committee) and a National Assembly member; Journalists and reporters (including an environmental journalist group of 5 persons); 100 people (participants at the conference on integrated watershed forest and river basin management); 61 invitees (participants in Dialogue 1); 64 persons (participants in Dialogue 2); 34 persons (participants in Dialogue 3); 11 journalists and environment experts (participants in Fieldtrip 1); Approximately 45,000 viewers of the documentary film 'The disappearance of flooding season'; Approximately 1,500 different fauna and flora species in the Mekong River; Crane (Grus antigone sharpii)","Mekong Delta, Vietnam (specifically covering 13 provinces including An Giang, Can Tho, Dong Thap, and Kien Giang). Exact spatial footprint in hectares or square kilometers is N/A.",2011-2012,"Communication frameworks and awareness tools (dialogues, communication campaigns, field trips, 1,000 factsheets, 1,000 leaflets, 100 posters, 700 copies of proceedings titled 'The challenges of the Mekong delta', a documentary film titled 'The disappearance of flooding season', radio and television broadcasting); community-work plans for natural resource management; and the use of lepironia grass to make household products (baskets, bags, boxes, hats) as a sustainable livelihood commodity","Supporting: Biodiversity conservation of the Mekong River basin, habitat refuge for approximately 1,500 different species of fauna and flora, including cranes (Grus antigone sharpii). Provisioning: Water security, food security, energy security, fertile delta landscapes, aquatic resources, fisheries, agricultural resources (rice, cash crops, fruit orchards, animal husbandry), and lepironia grass for household products. Cultural: Educational and informational empowerment for riparian communities regarding river ecosystem protection",https://www.cepf.net/grants/grantee-projects/strengthening-communities-resilience-potential-risks-proposed-dams-mekong; https://www.cepf.net/resources/final-project-report/final-project-report-1355,Grant (Project co-financing and Grantee/Partner leveraging)
207,Kien Giang,104.520563,9.980402,UNESCO-MAB Biosphere Reserve,"Critical Ecosystem Partnership Fund (CEPF) (US$50,000.00); International Rivers (1,000 USD)","Center for Water Resources Conservation and Development (WARECOD) [Project Coordinator / Grantee]; An Giang Department on Nature Resources and Environment [Provided key contacts, helped invite participants from local authorities, shared opinions on Mekong mainstream dams]; An Giang University [Shared research findings in dialogues]; Can Tho University [Experts Dr. Duong Van Ni, Dr. Le Anh Tuan, and Mr. Nguyen Huu Thien provided consultation on fieldtrips and film-making process, shared knowledge and local community connections]; Mekong Delta Network for Environment Protection and Response to Climate Change (MekongNet) [Participated in workshops and shared information]; Center for Biodiversity Conservation â€“ Ho Chi Minh City [Organized conference on integrated watershed forest and river basin management]; FORWET [Participated in Dialogue 1 and shared research findings]; PanNature [Consulted during film-making process, provided communication experience and mass media connections]; Mass media including journalists, television and radio broadcasting (VTC16, Lam Dong Television, Vietnamese Television (VTV), Saigon Times, Saigon Tiep thi, Nong nghiep, Thanh nien) [Produced news, broadcasted films, participated in fieldtrips, and channeled information to the public]; International Rivers [Provided translated factsheets, provided a 1,000 USD fund to compile articles into a proceeding called 'The challenges of Mekong delta']; Stimson Institute [Mr. Cronin and Mr. Hamlin shared views on the role of CSOs as resource persons, provided ideas from their documentary film]; Vietnam Rivers Network (VRN) [Advocacy partner and distributor of project deliverables]; University of Canterbury [Planned for consultation but was not utilized due to difficulties]","Farmers in 13 provinces in the Mekong delta (involved in rice, aquaculture, fruit orchard, animal husbandry, and cash crops); Riparian communities along the Mekong river; Scientists, academics, lecturers, university students (Can Tho University), environment experts, and environmentalists; Government officials (including representatives from Department of Agriculture and Rural Development, Department of Science and Technology, Department of Natural Resources, An Giang People's Committee) and a National Assembly member; Journalists and reporters (including an environmental journalist group of 5 persons); 100 people (participants at the conference on integrated watershed forest and river basin management); 61 invitees (participants in Dialogue 1); 64 persons (participants in Dialogue 2); 34 persons (participants in Dialogue 3); 11 journalists and environment experts (participants in Fieldtrip 1); Approximately 45,000 viewers of the documentary film 'The disappearance of flooding season'; Approximately 1,500 different fauna and flora species in the Mekong River; Crane (Grus antigone sharpii)","Mekong Delta, Vietnam (specifically covering 13 provinces including An Giang, Can Tho, Dong Thap, and Kien Giang). Exact spatial footprint in hectares or square kilometers is N/A.",2011-2012,"Communication frameworks and awareness tools (dialogues, communication campaigns, field trips, 1,000 factsheets, 1,000 leaflets, 100 posters, 700 copies of proceedings titled 'The challenges of the Mekong delta', a documentary film titled 'The disappearance of flooding season', radio and television broadcasting); community-work plans for natural resource management; and the use of lepironia grass to make household products (baskets, bags, boxes, hats) as a sustainable livelihood commodity","Supporting: Biodiversity conservation of the Mekong River basin, habitat refuge for approximately 1,500 different species of fauna and flora, including cranes (Grus antigone sharpii). Provisioning: Water security, food security, energy security, fertile delta landscapes, aquatic resources, fisheries, agricultural resources (rice, cash crops, fruit orchards, animal husbandry), and lepironia grass for household products. Cultural: Educational and informational empowerment for riparian communities regarding river ecosystem protection",https://www.cepf.net/grants/grantee-projects/strengthening-communities-resilience-potential-risks-proposed-dams-mekong; https://www.cepf.net/resources/final-project-report/final-project-report-1355,Grant (Project co-financing and Grantee/Partner leveraging)
208,Na Hang,105.438352,22.495256,Nature Reserve,"Critical Ecosystem Partnership Fund (CEPF II) (Grant Amount: $97,706.00); Additional Funding ($511,115.00 total plus in-kind): The McKnight Foundation ($100,000.00), Critical Ecosystems Partnership Fund (CEPF I) ($19,195.00), Critical Ecosystems Partnership Fund (CEPF III) ($132,432.00), Rainforest Trust ($259,488.00), People Resources and Conservation Foundation ($82,500.00 in-kind contributions); Payment for Forest Environmental Services (PFES) via Lam Binh Forest Management Board.","People Resources and Conservation Foundation (PRCF) [directly responsible for all project technical and financials, providing leadership, direction, organization, mentoring, led activities, carried out programed work, monitoring and reporting on implementation, compliance with CEPF social safeguards]; Local communities (nine target villages of Lam Binh) [primary project implementation partners, involved in field conservation work, direct project beneficiaries]; Tuyen Quang Provincial Forest Protection Department (FPD Tuyen Quang) / Tuyen Quang DARD / Tuyen Quang Provincial Peoples Committee [main government partner, provincial government agency in charge of managing provincial forest resources, principal partner to help advance co-management]; Vietnam National Parks and Protected Areas Association (VNPPA) [partnered with PRCF in planning policy dialogue, participated in assessment of community-based conservation activities, helped draft aspects of co-management]; Department of Nature Conservation (DoNC) (Vietnam Forest Administration--MARD) [advised on furthering second option, policy discussions, recommended co-management approaches]; Thai Nguyen University of Agriculture and Forestry (TUAF) [long-term mentoring and support to the Lam Binh communities, technical advice, piloting activities]; Vietnam Institute of Ecology and Biological Resources (EIBR) [biological studies in the landscape]; Center for Plant Conservation (CPC) [botanical work and propagation of valuable species]; Lam Binh Forest Management Board (LBFMB) [presently responsible for target forests, proposed co-management arrangements]; People and Nature Reconciliation (PanNature) [scoping visits, policy discussions on co-management]; Village Co-Management Committees (VMCs) (18 committees) [involved in project workings, monitoring outcomes and impact, management of Community Conservation Teams, involved in livelihoods development work]; Village Self-Help Groups (VSHGs) (11 at 11 villages) [livelihoods development work, revolving funds schemes linked to livelihoods socio-economics and village development]; Local Youth Union (VYU members) [convey ideas and descriptions in posters to Hmong and Dao community]","Local communities from 26 villages in the Lam Binh area (Thuong Lam commune 14 villages with 1,286 households, and Phuong Ha 12 villages with 816 households, totaling 2,102 households); primary focus on nine target villages (including 63 member representatives, 7 from each village). Included 17 villagers involved in direct conservation monitoring and patrolling. Hmong and Dao communities (Sinh Long part of the landscape). 6 Community Conservation Teams (CCTs) (groups of 19 members). Flagship fauna/flora protected: Francois Langur population (Trachypithecus francoisi) (124 individuals); 34 globally threatened species (ten of which are animals and 25 are plants) including Mammals: CR Manis pentadactylia, EN Trachypithecus francoisi; Birds: EN Urocissa whiteheadi; Reptiles: EN Geoemyda spengleri, Bungarus fasciatus; Insects: CR Dorcus curvidens curvidens, EN Dorcus titanus fafner, EN Cheirotonus jansoni, EN Triodes helena cerberus; Plants: EN Asarum balansae, Dyasama difformis, EN Mahonia nepalensis, EN Fernandoa bracteate, EN Fernandoa collignoni, EN Gardenia fagraeoides, CR Magnolia grands, EN Magnolia rostata, EN Anoectochilus calcareus, EN Dendrobium longicomu, EN Dendrobium nobile, EN Paphilopendilum councilor, CR Paphilopendilum henryanum, EN Madhuca pasqueri, EN Taxus chinensis, EN Burretiodendron hsienmu, CR Aquaria crassna, EN Paris polyphylla.","Proposed community-based conservation area of about 5,500 hectares, within a broader proposed conservation area of 24,000 hectares. Geographic/administrative location: Lam Binh and Sinh Long landscapes, Thuong Lam commune, Phuong Ha, Tuyen Quang Province, northern Vietnam.",2016-2019,"Co-management arrangements/frameworks, pilot community-based conservation area establishment, conservation contracts, strictly protected zones mapping, village institutions (Village Co-Management Committees, Village Self-Help Groups, Community Conservation Teams), conservation planning and monitoring (patrolling), livelihood development activities (revolving funds schemes), technical advice and mentoring, policy dialogue/brief for a Circular on Co-Management, potential transition to international voluntary carbon market (Plan Vivo) and biodiversity offsets from industrial liabilities.","Supporting: Habitat refuge for the endangered Francois Langur and 34 globally threatened species in high conservation value forests and karst cave habitats. Provisioning: Watershed protection (Lam Binh watershed area) and forest environmental services yielding Payment for Forest Environmental Services (PFES) funds. Cultural: Community capacity building, knowledge and awareness enhancement regarding conservation needs and measures, changing attitudes from viewing forests as a 'commons' resource to community forest ownership/stewardship.",https://www.cepf.net/grants/grantee-projects/strengthening-community-based-and-led-francois-langur-species-and-habitat; https://www.cepf.net/resources/final-project-report/final-project-report-2036,"Grants, Co-Financing, In-kind Contributions, and Payment for Forest Environmental Services (PFES)"
209,Na Hang,105.438352,22.495256,Nature Reserve,"CEPF (USD 151,831.0); Save Our Species (USD 90,000.0); The McKnight Foundation (USD 100,000.0); People Resources and Conservation Foundation (USD 19,290.0 in-kind contributions for staff and equipment); Vietnam Birdwatching Club (USD 16,990.0 in-kind contributions for staff and equipment)","People Resources and Conservation Foundation (PRCF) [Implementation organization]; Vietnam Administration of Forestry (Hanoi) [Guidance and support, technical inputs]; Bac Kan Provincial Peoples Committee [Support and occasional involvement]; Bac Kan Forest Protection Department [Support and occasional involvement]; Tuyen Quang Provincial Peoples Committee [Support and occasional involvement]; Tuyen Quang Forest Protection Department [Support and occasional involvement]; Na Hang District Peoples Committee/ Forest Protection Dept. [Support and occasional involvement]; Lam Binh District Peoples Committee/ Forest Protection Dept. [Support and occasional involvement]; Cho Don District Peoples Committee/ Forest Protection Dept. [Support and occasional involvement]; Ba Be National Park and Na Hang Nature Reserve [Support and occasional involvement]; South Xuan Lac Species and Habitat Conservation Area [Support and occasional involvement]; Vietnam Institute of Ecology and Biological Resources [Support and occasional involvement]; Fauna & Flora International (FFI) [Principal implementing institutional partner, technical support, collaboration in species action planning]; Center for Plant Conservation (CPC) [Delivery of project activities concerning magnolias and conifers, surveys, strategic planning, conservation prescriptions]; Vietnam Birdwatching Club (VBC) [Lead partner in activities that targeted White-eared Night Heron conservation, coordinated awareness raising, nest protection schemes, training for data collection]","Local communities in the project areas (provision of initial knowledge, participation in awareness raising, preparation of action plans, nest protection, participatory natural resource use surveys); Five villages near monkey groups in Tat Ke and Ban Bung; Seven villages in South Xuan Lac (stakeholders in NTFP management); Tonkin Snub-nosed Monkey (four groups, 20 to 26 individuals); FranÃ§oisâ€™s Langur (four groups documented); White-eared Night Heron population; Magnolia species (eight species surveyed, one discovered for the first time in Vietnam, one possibly new to science); Conifer species (three species surveyed, Xanthocyparis vietnamensis)","N/A hectares (Hectares protected: None); Ba Be / Na Hang Limestone Forest Complex, northern Vietnam (including Bac Kan Province and Tuyen Quang Province: Na Hang District, Lam Binh District, Cho Don District, Ba Be National Park, Na Hang Nature Reserve, South Xuan Lac Species and Habitat Conservation Area, Sinh Long, Tat Ke, Ban Bung)",2010-2012,Participatory Species Conservation Action Plans (SCAPs); Five-year FranÃ§oisâ€™s Langur conservation monitoring plan; Conservation management plan for the White-eared Night Heron; Conservation strategy for the FranÃ§oisâ€™s Langur; Nest protection schemes/programs; Sustainable key NTFP species harvesting guidelines; Definition of multiple-use areas for sustainable harvesting; Magnolia and conifer propagation trials and nursery establishment; Threat assessment and mitigation strategies; Community Conservation Teams,"Supporting: Habitat refuge (limestone forest caves, habitats for FranÃ§oisâ€™s Langur, Tonkin Snub-nosed Monkey, White-eared Night Heron, magnolias and conifers), biodiversity conservation (globally threatened species protection). Provisioning: Non-timber forest products (NTFP) (local livelihoods through sustainable harvesting). Cultural: Education and awareness raising (conservation awareness materials, training on surveying and nest protection, capacity building of local communities, participatory planning).",https://www.cepf.net/grants/grantee-projects/strengthening-community-conservation-priority-sites-within-ba-be-na-hang; https://www.cepf.net/resources/final-project-report/final-project-report-1318,"Grant, In-kind contributions"
210,Ba Be,105.6212545,22.41959266,National Park; Wetland of International Importance (Ramsar Site),"CEPF (USD 151,831.0); Save Our Species (USD 90,000.0); The McKnight Foundation (USD 100,000.0); People Resources and Conservation Foundation (USD 19,290.0 in-kind contributions for staff and equipment); Vietnam Birdwatching Club (USD 16,990.0 in-kind contributions for staff and equipment)","People Resources and Conservation Foundation (PRCF) [Implementation organization]; Vietnam Administration of Forestry (Hanoi) [Guidance and support, technical inputs]; Bac Kan Provincial Peoples Committee [Support and occasional involvement]; Bac Kan Forest Protection Department [Support and occasional involvement]; Tuyen Quang Provincial Peoples Committee [Support and occasional involvement]; Tuyen Quang Forest Protection Department [Support and occasional involvement]; Na Hang District Peoples Committee/ Forest Protection Dept. [Support and occasional involvement]; Lam Binh District Peoples Committee/ Forest Protection Dept. [Support and occasional involvement]; Cho Don District Peoples Committee/ Forest Protection Dept. [Support and occasional involvement]; Ba Be National Park and Na Hang Nature Reserve [Support and occasional involvement]; South Xuan Lac Species and Habitat Conservation Area [Support and occasional involvement]; Vietnam Institute of Ecology and Biological Resources [Support and occasional involvement]; Fauna & Flora International (FFI) [Principal implementing institutional partner, technical support, collaboration in species action planning]; Center for Plant Conservation (CPC) [Delivery of project activities concerning magnolias and conifers, surveys, strategic planning, conservation prescriptions]; Vietnam Birdwatching Club (VBC) [Lead partner in activities that targeted White-eared Night Heron conservation, coordinated awareness raising, nest protection schemes, training for data collection]","Local communities in the project areas (provision of initial knowledge, participation in awareness raising, preparation of action plans, nest protection, participatory natural resource use surveys); Five villages near monkey groups in Tat Ke and Ban Bung; Seven villages in South Xuan Lac (stakeholders in NTFP management); Tonkin Snub-nosed Monkey (four groups, 20 to 26 individuals); FranÃ§oisâ€™s Langur (four groups documented); White-eared Night Heron population; Magnolia species (eight species surveyed, one discovered for the first time in Vietnam, one possibly new to science); Conifer species (three species surveyed, Xanthocyparis vietnamensis)","N/A hectares (Hectares protected: None); Ba Be / Na Hang Limestone Forest Complex, northern Vietnam (including Bac Kan Province and Tuyen Quang Province: Na Hang District, Lam Binh District, Cho Don District, Ba Be National Park, Na Hang Nature Reserve, South Xuan Lac Species and Habitat Conservation Area, Sinh Long, Tat Ke, Ban Bung)",2010-2012,Participatory Species Conservation Action Plans (SCAPs); Five-year FranÃ§oisâ€™s Langur conservation monitoring plan; Conservation management plan for the White-eared Night Heron; Conservation strategy for the FranÃ§oisâ€™s Langur; Nest protection schemes/programs; Sustainable key NTFP species harvesting guidelines; Definition of multiple-use areas for sustainable harvesting; Magnolia and conifer propagation trials and nursery establishment; Threat assessment and mitigation strategies; Community Conservation Teams,"Supporting: Habitat refuge (limestone forest caves, habitats for FranÃ§oisâ€™s Langur, Tonkin Snub-nosed Monkey, White-eared Night Heron, magnolias and conifers), biodiversity conservation (globally threatened species protection). Provisioning: Non-timber forest products (NTFP) (local livelihoods through sustainable harvesting). Cultural: Education and awareness raising (conservation awareness materials, training on surveying and nest protection, capacity building of local communities, participatory planning).",https://www.cepf.net/grants/grantee-projects/strengthening-community-conservation-priority-sites-within-ba-be-na-hang; https://www.cepf.net/resources/final-project-report/final-project-report-1318,"Grant, In-kind contributions"
211,Xuan Thuy,106.541873,20.228911,National Park,"Critical Ecosystem Partnership Fund (CEPF): US$ 19,996 (Primary grant); Mekong Legal Network: US$ 1,730 (Project co-financing to hold the short training course on Mekong related legal issues for young lawyers from the Delta joining); Center for sustainable water resources development and adaptation to climate change (CEWAREC): US$ 1,220.9 (Project co-financing for co-organizing the workshop on 'Legal aspects in the cooperation of managing the Mekong River basin')","Green Innovation and Development Centre (GreenID) [Project grantee, active coordination role to support the think-tank group]; Vietnam Union of Science and Technology Associations (VUSTA) [GreenID's umbrella for all registrations of project, co-chair of the workshop 'Legal aspects in the cooperation of managing the Mekong River basin']; Can Tho University (CTU) [Helping to identify the stakeholders for the workshop and organize the student seminar]; Southeast Steering Committee / South-West Steering Committee [Co-chair of the workshop]; Vietnam Rivers Network (VRN) and Mekong experts based in the Mekong delta [Played a crucial role in reviewing PNPCA and other legal documents]; Ca Mau Women's Union [Main partner to organize the training on 'Hydropower impacts on the Mekong Delta people's livelihood under climate change' in Ca Mau for grass-root women]; Mekong Delta's think tank group (7 delta-based experts) [Reviewing the PNPCA applied to Xayaburi case to identify the current gaps, drafting the action plan for CSOs' engagement in development issues, watching dog next PNPCA process for Don Sahong dam]; Center for sustainable water resources development and adaptation to climate change (CEWAREC) [Co-organizing the workshop on 'Legal aspects in the cooperation of managing the Mekong River basin']; Save the Mekong Coalition [Co-organized the public forum in An Giang, joint effort in preparing press releases and letters submitted to MRCs and Mekong countries Government]","30 Can Tho University's students (participated in the student seminar); 60 participants representing different stakeholders (government officials from MONRE, MOFA, Vietnam National Mekong Committee, VUSTA, South-West Steering Committee, Department of Irrigation and Flood prevention, Mekong experts, lawyers, lecturers, WWF Vietnam, journalists) who attended the legal aspects workshop; 23 local people (mainly women and commune's government staffs) in Tan Hai commune, Ca Mau province; 40 local people (mainly women and commune's government staffs) in Rach Cheo commune, Ca Mau province; Young lawyers from the Mekong Delta (participated in a short training course on Mekong related legal issues); 7 Mekong delta-based experts (Mr Nguyen Huu Thien, Dr Le Anh Tuan, Nguyen Minh Thong, Huynh Thi Kim Duyen, Ky Quang Vinh, Duong Van Ni, Le Phat Quoi) engaged in the think-tank group","Mekong Delta, Vietnam (specifically Can Tho City, An Giang province, and Tan Hai and Rach Cheo communes in Ca Mau province). Spatial footprint in hectares: N/A",2012-2013,"Mekong Delta's think tank group (governance platform and foundation for CSO engagement in development issues related to the Delta); Review framework of PNPCA (Procedures for Notification, Prior Consultation and Agreement) applied to Xayaburi and Don Sahong dams; Action plan for think-tank group (watching dog all relevant issues such as 3 crop rice, PNPCA and sustainable development of the Mekong Delta); Public forum 'The future of the Mekong river: People's concerns on hydropower development'; Student seminar 'Effects of hydropower development on Mekong river on socio-economy, environment and livelihoods of the Vietnamese Mekong Delta's people'; Grass-root training on 'Hydropower impacts on the Mekong Delta people's livelihood under climate change'; Multi-stakeholder workshop 'Legal aspects in the cooperation of managing the Mekong River basin'; Reviewing report on Environmental Impact Assessment (EIA) of Don Sahong dam","Provisioning: Protection of sustainable livelihoods for the Mekong Delta people (fishing, agriculture, and water resource management) against the impacts of mainstream hydropower dams and climate change. Cultural: Educational and knowledge capacity building (through student seminars, grassroots training for women, legal training for young lawyers, public forums, and stakeholder workshops on international water laws like UNWC 1997 and Mekong Agreement 1995). Supporting: N/A",https://www.cepf.net/grants/grantee-projects/strengthening-good-governance-hydropower-dam-development-mekong-mainstream; https://www.cepf.net/resources/final-project-report/final-project-report-2065,"Small Grant, Project co-financing"
212,Cat Tien,107.3515719,11.56646094,National Park; UNESCO-MAB Biosphere Reserve,"Critical Ecosystem Partnership Fund (CEPF) (Grant Amount: US$173,556); Education for Nature - Vietnam (ENV) (In-Kind: US$66,000)","Education for Nature - Vietnam (ENV) [Implementing Partner / Managing the Wildlife Crime Unit (WCU) and National Volunteer Network, tracking cases, public awareness, lobbying for wildlife protection legislation and policies]; Wildlife Crime Unit (WCU) [Receiving public reports on wildlife crimes via hotline, tracking each case through to its conclusion, coordinating with law enforcement, gathering intelligence on major trade networks]; Interpol [Collaborating in addressing illegal cross-border trade]; South African government [Collaborating in addressing illegal cross-border trade]; Environmental Police in Ho Chi Minh City [Confiscating oriental small-clawed otters]; Ninh Binh Provincial Forest Protection Department (FPD) [Confiscating stuffed tigers]; Quang Binh Provincial FPD [Confiscating 1,178 kg of wild animals from a truck]; Quang Ninh traffic police [Confiscating bear cubs and bear organs]; Sa Thay district police station [Keeping a confiscated bear cub]; Kon Tum FPD [Law enforcement contacted by ENV]; Ha Tinh province authorities [Confiscating live tiger cubs and pangolins]; Phu Tho Province police [Arresting subjects cooking tiger bone glue and confiscating frozen tiger]; Ninh Binh Environmental Police and FPD [Confiscating frozen tigers]; Ninh Binh People's Procuracy and People's Court [Organizing the transfer process of tigers to the Museum]; Cambodian officials [Coordinating return of Batagur affinis turtle]; Cat Tien National Park / Cat Tien National Park Rescue Center [Operating rescue center, receiving transferred gibbons and bears]; Cu Chi Rescue Center [Receiving confiscated otters]; Soc Son Rescue Center [Receiving confiscated live tiger cubs and other wildlife]; Carnivore and Pangolin Conservation Project [Receiving confiscated wildlife]; Endangered Primate Rescue Center [Receiving confiscated wildlife]; Turtle Conservation Center [Receiving confiscated wildlife]; Cuc Phuong National Park Small Carnivore and Pangolin Conservation Program [Providing experts for training ENV staff]; Vietnam Museum of Nature [Preserving dead frozen tigers for educational purposes]; Animals Asia Foundation Bear Rescue Center [Receiving confiscated bear cub]","Approximately 4,000 volunteer members in the Wildlife Protection Network located throughout Vietnam; 9 volunteer clubs in major cities (Da Nang: 325 members, Ho Chi Minh City: 591 members, Hue: 398 members, Hanoi: 1115 members, Hai Phong: 131 members, Quang Tri: 109 members, Quang Binh: 126 members, Nghe An: 230 members, Ha Tinh: 100 members); 2,055 new volunteers recruited through 53 meetings; 15 of the most active volunteers provided with further training; more than 50 celebrities; Wildlife Crime Unit (WCU) staff and trainees provided with training on research methods, investigation skills, and identification skills; general public and younger generations receiving awareness; hundreds of business establishments complied with wildlife protection laws; threatened flagship fauna saved from illegal trade (including 3 gibbons, macaques, 2 oriental small-clawed otters, 2 stuffed tigers, 240 kg Asian cobras, 680 kg clouded monitors, 80 kg giant Asian pond turtles, 10 kg yellow-headed temple turtles, 100 kg elongated tortoise, 40 kg civets, 28 kg Chinese soft-shell turtles, 4 Asiatic black bears, 1 Malayan sun bear, 2 kg bear organs, 1 leopard cat, 1 bear cub, 4 live tiger cubs, 119 pangolins, 1 frozen tiger weighing 286 kg, 2 dead frozen tigers weighing 116kg and 110kg, 1 Batagur affinis turtle, dozens of other macaques, gibbons and lorises).","Vietnam (nationwide, with local clubs in 9 major urban centers: Da Nang, Ho Chi Minh City, Hue, Hanoi, Hai Phong, Quang Tri, Quang Binh, Nghe An, Ha Tinh, and specific actions in Ba Ria-Vung Tau province, Ninh Binh province, Van Long, Quang Ninh province, Mong Cai city, Dong Nai province, Ha Giang, Kon Tum province, Sa Thay district, Ha Tinh province, Phu Tho Province, Nghe An, Thai Binh province, Nam Dinh province, Thanh Hoa city); Hectares Protected: N/A",2010-2013,"Wildlife Crime Hotline (for public reporting of wildlife crimes); ENV's online Wildlife Crime Database (for documenting and tracking case progress); Wildlife Protection Network and locally led 'Wildlife Protection' clubs (for structured and regular monitoring of businesses and reporting crimes); Volunteer recruitment training meetings and seminars (for capacity building in species identification, survey methods, and reporting); Ten-minute film (featuring 'a day in the life of the ENV Wildlife Crime Unit' for volunteer recruitment); Volunteer Network Fan Page on Facebook (motivational tool for volunteers); Corporate Alliance for Wildlife Protection program (encouraging companies to become 'wildlife safety zones' and paid members); Report card system (biannual reports evaluating responses of local authorities to public reporting of wildlife crimes, provided to provincial leaders and departments); New online species identification page (featuring 40 different species and their legal status, linked to ENV's online wildlife crime reporting system); Mass media mobilization (engaging journalists to expose enforcement actions and exert pressure on decision-making processes).","Supporting: Habitat refuge (protecting populations of critically endangered wildlife such as tigers, bears, gibbons, otters, pangolins, macaques, lorises, reptiles, and turtles from illegal hunting and trade). Cultural: Educational (awareness activities, volunteer training on environmental education skills and species identification, public campaigns, online species identification resource, preserving frozen tigers at the Vietnam Museum of Nature for educational purposes).",https://www.cepf.net/grants/grantee-projects/strengthening-public-participation-tackling-wildlife-trade-vietnam; https://www.cepf.net/resources/final-project-report/final-project-report-1592,Grant and In-Kind
213,Dong Nai,107.056973,11.291091,Nature Reserve,"Critical Ecosystem Partnership Fund (CEPF) (Grant Amount: US$173,556); Education for Nature - Vietnam (ENV) (In-Kind: US$66,000)","Education for Nature - Vietnam (ENV) [Implementing Partner / Managing the Wildlife Crime Unit (WCU) and National Volunteer Network, tracking cases, public awareness, lobbying for wildlife protection legislation and policies]; Wildlife Crime Unit (WCU) [Receiving public reports on wildlife crimes via hotline, tracking each case through to its conclusion, coordinating with law enforcement, gathering intelligence on major trade networks]; Interpol [Collaborating in addressing illegal cross-border trade]; South African government [Collaborating in addressing illegal cross-border trade]; Environmental Police in Ho Chi Minh City [Confiscating oriental small-clawed otters]; Ninh Binh Provincial Forest Protection Department (FPD) [Confiscating stuffed tigers]; Quang Binh Provincial FPD [Confiscating 1,178 kg of wild animals from a truck]; Quang Ninh traffic police [Confiscating bear cubs and bear organs]; Sa Thay district police station [Keeping a confiscated bear cub]; Kon Tum FPD [Law enforcement contacted by ENV]; Ha Tinh province authorities [Confiscating live tiger cubs and pangolins]; Phu Tho Province police [Arresting subjects cooking tiger bone glue and confiscating frozen tiger]; Ninh Binh Environmental Police and FPD [Confiscating frozen tigers]; Ninh Binh People's Procuracy and People's Court [Organizing the transfer process of tigers to the Museum]; Cambodian officials [Coordinating return of Batagur affinis turtle]; Cat Tien National Park / Cat Tien National Park Rescue Center [Operating rescue center, receiving transferred gibbons and bears]; Cu Chi Rescue Center [Receiving confiscated otters]; Soc Son Rescue Center [Receiving confiscated live tiger cubs and other wildlife]; Carnivore and Pangolin Conservation Project [Receiving confiscated wildlife]; Endangered Primate Rescue Center [Receiving confiscated wildlife]; Turtle Conservation Center [Receiving confiscated wildlife]; Cuc Phuong National Park Small Carnivore and Pangolin Conservation Program [Providing experts for training ENV staff]; Vietnam Museum of Nature [Preserving dead frozen tigers for educational purposes]; Animals Asia Foundation Bear Rescue Center [Receiving confiscated bear cub]","Approximately 4,000 volunteer members in the Wildlife Protection Network located throughout Vietnam; 9 volunteer clubs in major cities (Da Nang: 325 members, Ho Chi Minh City: 591 members, Hue: 398 members, Hanoi: 1115 members, Hai Phong: 131 members, Quang Tri: 109 members, Quang Binh: 126 members, Nghe An: 230 members, Ha Tinh: 100 members); 2,055 new volunteers recruited through 53 meetings; 15 of the most active volunteers provided with further training; more than 50 celebrities; Wildlife Crime Unit (WCU) staff and trainees provided with training on research methods, investigation skills, and identification skills; general public and younger generations receiving awareness; hundreds of business establishments complied with wildlife protection laws; threatened flagship fauna saved from illegal trade (including 3 gibbons, macaques, 2 oriental small-clawed otters, 2 stuffed tigers, 240 kg Asian cobras, 680 kg clouded monitors, 80 kg giant Asian pond turtles, 10 kg yellow-headed temple turtles, 100 kg elongated tortoise, 40 kg civets, 28 kg Chinese soft-shell turtles, 4 Asiatic black bears, 1 Malayan sun bear, 2 kg bear organs, 1 leopard cat, 1 bear cub, 4 live tiger cubs, 119 pangolins, 1 frozen tiger weighing 286 kg, 2 dead frozen tigers weighing 116kg and 110kg, 1 Batagur affinis turtle, dozens of other macaques, gibbons and lorises).","Vietnam (nationwide, with local clubs in 9 major urban centers: Da Nang, Ho Chi Minh City, Hue, Hanoi, Hai Phong, Quang Tri, Quang Binh, Nghe An, Ha Tinh, and specific actions in Ba Ria-Vung Tau province, Ninh Binh province, Van Long, Quang Ninh province, Mong Cai city, Dong Nai province, Ha Giang, Kon Tum province, Sa Thay district, Ha Tinh province, Phu Tho Province, Nghe An, Thai Binh province, Nam Dinh province, Thanh Hoa city); Hectares Protected: N/A",2010-2013,"Wildlife Crime Hotline (for public reporting of wildlife crimes); ENV's online Wildlife Crime Database (for documenting and tracking case progress); Wildlife Protection Network and locally led 'Wildlife Protection' clubs (for structured and regular monitoring of businesses and reporting crimes); Volunteer recruitment training meetings and seminars (for capacity building in species identification, survey methods, and reporting); Ten-minute film (featuring 'a day in the life of the ENV Wildlife Crime Unit' for volunteer recruitment); Volunteer Network Fan Page on Facebook (motivational tool for volunteers); Corporate Alliance for Wildlife Protection program (encouraging companies to become 'wildlife safety zones' and paid members); Report card system (biannual reports evaluating responses of local authorities to public reporting of wildlife crimes, provided to provincial leaders and departments); New online species identification page (featuring 40 different species and their legal status, linked to ENV's online wildlife crime reporting system); Mass media mobilization (engaging journalists to expose enforcement actions and exert pressure on decision-making processes).","Supporting: Habitat refuge (protecting populations of critically endangered wildlife such as tigers, bears, gibbons, otters, pangolins, macaques, lorises, reptiles, and turtles from illegal hunting and trade). Cultural: Educational (awareness activities, volunteer training on environmental education skills and species identification, public campaigns, online species identification resource, preserving frozen tigers at the Vietnam Museum of Nature for educational purposes).",https://www.cepf.net/grants/grantee-projects/strengthening-public-participation-tackling-wildlife-trade-vietnam; https://www.cepf.net/resources/final-project-report/final-project-report-1592,Grant and In-Kind
214,Cuc Phuong,105.607063,20.324884,National Park,"Critical Ecosystem Partnership Fund (CEPF) (Grant Amount: US$173,556); Education for Nature - Vietnam (ENV) (In-Kind: US$66,000)","Education for Nature - Vietnam (ENV) [Implementing Partner / Managing the Wildlife Crime Unit (WCU) and National Volunteer Network, tracking cases, public awareness, lobbying for wildlife protection legislation and policies]; Wildlife Crime Unit (WCU) [Receiving public reports on wildlife crimes via hotline, tracking each case through to its conclusion, coordinating with law enforcement, gathering intelligence on major trade networks]; Interpol [Collaborating in addressing illegal cross-border trade]; South African government [Collaborating in addressing illegal cross-border trade]; Environmental Police in Ho Chi Minh City [Confiscating oriental small-clawed otters]; Ninh Binh Provincial Forest Protection Department (FPD) [Confiscating stuffed tigers]; Quang Binh Provincial FPD [Confiscating 1,178 kg of wild animals from a truck]; Quang Ninh traffic police [Confiscating bear cubs and bear organs]; Sa Thay district police station [Keeping a confiscated bear cub]; Kon Tum FPD [Law enforcement contacted by ENV]; Ha Tinh province authorities [Confiscating live tiger cubs and pangolins]; Phu Tho Province police [Arresting subjects cooking tiger bone glue and confiscating frozen tiger]; Ninh Binh Environmental Police and FPD [Confiscating frozen tigers]; Ninh Binh People's Procuracy and People's Court [Organizing the transfer process of tigers to the Museum]; Cambodian officials [Coordinating return of Batagur affinis turtle]; Cat Tien National Park / Cat Tien National Park Rescue Center [Operating rescue center, receiving transferred gibbons and bears]; Cu Chi Rescue Center [Receiving confiscated otters]; Soc Son Rescue Center [Receiving confiscated live tiger cubs and other wildlife]; Carnivore and Pangolin Conservation Project [Receiving confiscated wildlife]; Endangered Primate Rescue Center [Receiving confiscated wildlife]; Turtle Conservation Center [Receiving confiscated wildlife]; Cuc Phuong National Park Small Carnivore and Pangolin Conservation Program [Providing experts for training ENV staff]; Vietnam Museum of Nature [Preserving dead frozen tigers for educational purposes]; Animals Asia Foundation Bear Rescue Center [Receiving confiscated bear cub]","Approximately 4,000 volunteer members in the Wildlife Protection Network located throughout Vietnam; 9 volunteer clubs in major cities (Da Nang: 325 members, Ho Chi Minh City: 591 members, Hue: 398 members, Hanoi: 1115 members, Hai Phong: 131 members, Quang Tri: 109 members, Quang Binh: 126 members, Nghe An: 230 members, Ha Tinh: 100 members); 2,055 new volunteers recruited through 53 meetings; 15 of the most active volunteers provided with further training; more than 50 celebrities; Wildlife Crime Unit (WCU) staff and trainees provided with training on research methods, investigation skills, and identification skills; general public and younger generations receiving awareness; hundreds of business establishments complied with wildlife protection laws; threatened flagship fauna saved from illegal trade (including 3 gibbons, macaques, 2 oriental small-clawed otters, 2 stuffed tigers, 240 kg Asian cobras, 680 kg clouded monitors, 80 kg giant Asian pond turtles, 10 kg yellow-headed temple turtles, 100 kg elongated tortoise, 40 kg civets, 28 kg Chinese soft-shell turtles, 4 Asiatic black bears, 1 Malayan sun bear, 2 kg bear organs, 1 leopard cat, 1 bear cub, 4 live tiger cubs, 119 pangolins, 1 frozen tiger weighing 286 kg, 2 dead frozen tigers weighing 116kg and 110kg, 1 Batagur affinis turtle, dozens of other macaques, gibbons and lorises).","Vietnam (nationwide, with local clubs in 9 major urban centers: Da Nang, Ho Chi Minh City, Hue, Hanoi, Hai Phong, Quang Tri, Quang Binh, Nghe An, Ha Tinh, and specific actions in Ba Ria-Vung Tau province, Ninh Binh province, Van Long, Quang Ninh province, Mong Cai city, Dong Nai province, Ha Giang, Kon Tum province, Sa Thay district, Ha Tinh province, Phu Tho Province, Nghe An, Thai Binh province, Nam Dinh province, Thanh Hoa city); Hectares Protected: N/A",2010-2013,"Wildlife Crime Hotline (for public reporting of wildlife crimes); ENV's online Wildlife Crime Database (for documenting and tracking case progress); Wildlife Protection Network and locally led 'Wildlife Protection' clubs (for structured and regular monitoring of businesses and reporting crimes); Volunteer recruitment training meetings and seminars (for capacity building in species identification, survey methods, and reporting); Ten-minute film (featuring 'a day in the life of the ENV Wildlife Crime Unit' for volunteer recruitment); Volunteer Network Fan Page on Facebook (motivational tool for volunteers); Corporate Alliance for Wildlife Protection program (encouraging companies to become 'wildlife safety zones' and paid members); Report card system (biannual reports evaluating responses of local authorities to public reporting of wildlife crimes, provided to provincial leaders and departments); New online species identification page (featuring 40 different species and their legal status, linked to ENV's online wildlife crime reporting system); Mass media mobilization (engaging journalists to expose enforcement actions and exert pressure on decision-making processes).","Supporting: Habitat refuge (protecting populations of critically endangered wildlife such as tigers, bears, gibbons, otters, pangolins, macaques, lorises, reptiles, and turtles from illegal hunting and trade). Cultural: Educational (awareness activities, volunteer training on environmental education skills and species identification, public campaigns, online species identification resource, preserving frozen tigers at the Vietnam Museum of Nature for educational purposes).",https://www.cepf.net/grants/grantee-projects/strengthening-public-participation-tackling-wildlife-trade-vietnam; https://www.cepf.net/resources/final-project-report/final-project-report-1592,Grant and In-Kind
215,Dakrong,107.037916,16.555102,Nature Reserve,"CEPF (Critical Ecosystem Partnership Fund) - $19,825","Quang Tri Center of Education and Consultancy on Agriculture and Rural Development (CECARD) [Grantee/Implementer]; World Pheasant Association (WPA) [Partner organization, supported to purchase additional equipment, training and field survey]; King Mongkut's University of Technology Thonburi (KMUTT) [Provided technical advice on camera trap methodology and research logistics, led a workshop on the use of camera traps]; IEBR [Provided 1 consultant for field survey for 45 working days]; Birdlife Vietnam / BLI [Provided technical supports for field surveys, maps and GIS data to define priority areas, and carried out fieldwork]; Provincial Forest Protection Departments (FPD) in Quang Binh, Quang Tri and Dong Chau-Khe Nuoc Trong Protection Forest [Provided accommodation in ranger stations, staff members as guides and field assistants, meeting room, training equipment and supply]; Management Board of Dakrong Nature Reserve [Consulted for field work]; Management Board of Dong Chau Watershed Protection Forest [Consulted for field work]","16 senior rangers of the Quang Tri Forest Protection Department (trained in camera traps); 4 Birdlife Vietnam (BLI) field staff (trained in camera traps); Edwards's pheasant / Lophura edwardsi (globally threatened endemic target species); Community rangers, hunters, and villagers (consulted and propagandized about natural conservation)","Dakrong Nature Reserve in Quang Tri province and Dong Chau-Khe Nuoc Trong Protection Forest in Quang Binh province, located in the Indo-Burma Biodiversity Hotspot and Truong Son IBA (N/A for exact footprint size in hectares)",2011-2012,"Camera trap methodology; GIS information, terrain maps, and vegetation maps for survey and monitoring; Community propaganda about Edwards's Pheasant and natural conservation","Supporting: Habitat refuge for Edwards's pheasant and other ground-dwelling animals including muntjac, giant muntjac, civets, wild boar, macaques, and 28 other animal species in Khe Nuoc Trong and 12 animal species in Dakrong",https://www.cepf.net/grants/grantee-projects/surveys-additional-information-edwardss-pheasant-dakrong-nature-reserve; https://www.cepf.net/resources/final-project-report/final-project-report-2081,Small Grant
216,Bac Huong Hoa,106.652402,16.85738,Nature Reserve,"CEPF (Critical Ecosystem Partnership Fund) - $19,825","Quang Tri Center of Education and Consultancy on Agriculture and Rural Development (CECARD) [Grantee/Implementer]; World Pheasant Association (WPA) [Partner organization, supported to purchase additional equipment, training and field survey]; King Mongkut's University of Technology Thonburi (KMUTT) [Provided technical advice on camera trap methodology and research logistics, led a workshop on the use of camera traps]; IEBR [Provided 1 consultant for field survey for 45 working days]; Birdlife Vietnam / BLI [Provided technical supports for field surveys, maps and GIS data to define priority areas, and carried out fieldwork]; Provincial Forest Protection Departments (FPD) in Quang Binh, Quang Tri and Dong Chau-Khe Nuoc Trong Protection Forest [Provided accommodation in ranger stations, staff members as guides and field assistants, meeting room, training equipment and supply]; Management Board of Dakrong Nature Reserve [Consulted for field work]; Management Board of Dong Chau Watershed Protection Forest [Consulted for field work]","16 senior rangers of the Quang Tri Forest Protection Department (trained in camera traps); 4 Birdlife Vietnam (BLI) field staff (trained in camera traps); Edwards's pheasant / Lophura edwardsi (globally threatened endemic target species); Community rangers, hunters, and villagers (consulted and propagandized about natural conservation)","Dakrong Nature Reserve in Quang Tri province and Dong Chau-Khe Nuoc Trong Protection Forest in Quang Binh province, located in the Indo-Burma Biodiversity Hotspot and Truong Son IBA (N/A for exact footprint size in hectares)",2011-2012,"Camera trap methodology; GIS information, terrain maps, and vegetation maps for survey and monitoring; Community propaganda about Edwards's Pheasant and natural conservation","Supporting: Habitat refuge for Edwards's pheasant and other ground-dwelling animals including muntjac, giant muntjac, civets, wild boar, macaques, and 28 other animal species in Khe Nuoc Trong and 12 animal species in Dakrong",https://www.cepf.net/grants/grantee-projects/surveys-additional-information-edwardss-pheasant-dakrong-nature-reserve; https://www.cepf.net/resources/final-project-report/final-project-report-2081,Small Grant
217,Bach Ma,107.7824611,16.13711526,National Park,"CEPF (Critical Ecosystem Partnership Fund) - $19,825","Quang Tri Center of Education and Consultancy on Agriculture and Rural Development (CECARD) [Grantee/Implementer]; World Pheasant Association (WPA) [Partner organization, supported to purchase additional equipment, training and field survey]; King Mongkut's University of Technology Thonburi (KMUTT) [Provided technical advice on camera trap methodology and research logistics, led a workshop on the use of camera traps]; IEBR [Provided 1 consultant for field survey for 45 working days]; Birdlife Vietnam / BLI [Provided technical supports for field surveys, maps and GIS data to define priority areas, and carried out fieldwork]; Provincial Forest Protection Departments (FPD) in Quang Binh, Quang Tri and Dong Chau-Khe Nuoc Trong Protection Forest [Provided accommodation in ranger stations, staff members as guides and field assistants, meeting room, training equipment and supply]; Management Board of Dakrong Nature Reserve [Consulted for field work]; Management Board of Dong Chau Watershed Protection Forest [Consulted for field work]","16 senior rangers of the Quang Tri Forest Protection Department (trained in camera traps); 4 Birdlife Vietnam (BLI) field staff (trained in camera traps); Edwards's pheasant / Lophura edwardsi (globally threatened endemic target species); Community rangers, hunters, and villagers (consulted and propagandized about natural conservation)","Dakrong Nature Reserve in Quang Tri province and Dong Chau-Khe Nuoc Trong Protection Forest in Quang Binh province, located in the Indo-Burma Biodiversity Hotspot and Truong Son IBA (N/A for exact footprint size in hectares)",2011-2012,"Camera trap methodology; GIS information, terrain maps, and vegetation maps for survey and monitoring; Community propaganda about Edwards's Pheasant and natural conservation","Supporting: Habitat refuge for Edwards's pheasant and other ground-dwelling animals including muntjac, giant muntjac, civets, wild boar, macaques, and 28 other animal species in Khe Nuoc Trong and 12 animal species in Dakrong",https://www.cepf.net/grants/grantee-projects/surveys-additional-information-edwardss-pheasant-dakrong-nature-reserve; https://www.cepf.net/resources/final-project-report/final-project-report-2081,Small Grant
218,Phong Dien,107.200384,16.45256,Nature Reserve,"CEPF (Critical Ecosystem Partnership Fund) - $19,825","Quang Tri Center of Education and Consultancy on Agriculture and Rural Development (CECARD) [Grantee/Implementer]; World Pheasant Association (WPA) [Partner organization, supported to purchase additional equipment, training and field survey]; King Mongkut's University of Technology Thonburi (KMUTT) [Provided technical advice on camera trap methodology and research logistics, led a workshop on the use of camera traps]; IEBR [Provided 1 consultant for field survey for 45 working days]; Birdlife Vietnam / BLI [Provided technical supports for field surveys, maps and GIS data to define priority areas, and carried out fieldwork]; Provincial Forest Protection Departments (FPD) in Quang Binh, Quang Tri and Dong Chau-Khe Nuoc Trong Protection Forest [Provided accommodation in ranger stations, staff members as guides and field assistants, meeting room, training equipment and supply]; Management Board of Dakrong Nature Reserve [Consulted for field work]; Management Board of Dong Chau Watershed Protection Forest [Consulted for field work]","16 senior rangers of the Quang Tri Forest Protection Department (trained in camera traps); 4 Birdlife Vietnam (BLI) field staff (trained in camera traps); Edwards's pheasant / Lophura edwardsi (globally threatened endemic target species); Community rangers, hunters, and villagers (consulted and propagandized about natural conservation)","Dakrong Nature Reserve in Quang Tri province and Dong Chau-Khe Nuoc Trong Protection Forest in Quang Binh province, located in the Indo-Burma Biodiversity Hotspot and Truong Son IBA (N/A for exact footprint size in hectares)",2011-2012,"Camera trap methodology; GIS information, terrain maps, and vegetation maps for survey and monitoring; Community propaganda about Edwards's Pheasant and natural conservation","Supporting: Habitat refuge for Edwards's pheasant and other ground-dwelling animals including muntjac, giant muntjac, civets, wild boar, macaques, and 28 other animal species in Khe Nuoc Trong and 12 animal species in Dakrong",https://www.cepf.net/grants/grantee-projects/surveys-additional-information-edwardss-pheasant-dakrong-nature-reserve; https://www.cepf.net/resources/final-project-report/final-project-report-2081,Small Grant
219,Ke Go,105.968029,18.093212,Nature Reserve,"CEPF (Critical Ecosystem Partnership Fund) - $19,825","Quang Tri Center of Education and Consultancy on Agriculture and Rural Development (CECARD) [Grantee/Implementer]; World Pheasant Association (WPA) [Partner organization, supported to purchase additional equipment, training and field survey]; King Mongkut's University of Technology Thonburi (KMUTT) [Provided technical advice on camera trap methodology and research logistics, led a workshop on the use of camera traps]; IEBR [Provided 1 consultant for field survey for 45 working days]; Birdlife Vietnam / BLI [Provided technical supports for field surveys, maps and GIS data to define priority areas, and carried out fieldwork]; Provincial Forest Protection Departments (FPD) in Quang Binh, Quang Tri and Dong Chau-Khe Nuoc Trong Protection Forest [Provided accommodation in ranger stations, staff members as guides and field assistants, meeting room, training equipment and supply]; Management Board of Dakrong Nature Reserve [Consulted for field work]; Management Board of Dong Chau Watershed Protection Forest [Consulted for field work]","16 senior rangers of the Quang Tri Forest Protection Department (trained in camera traps); 4 Birdlife Vietnam (BLI) field staff (trained in camera traps); Edwards's pheasant / Lophura edwardsi (globally threatened endemic target species); Community rangers, hunters, and villagers (consulted and propagandized about natural conservation)","Dakrong Nature Reserve in Quang Tri province and Dong Chau-Khe Nuoc Trong Protection Forest in Quang Binh province, located in the Indo-Burma Biodiversity Hotspot and Truong Son IBA (N/A for exact footprint size in hectares)",2011-2012,"Camera trap methodology; GIS information, terrain maps, and vegetation maps for survey and monitoring; Community propaganda about Edwards's Pheasant and natural conservation","Supporting: Habitat refuge for Edwards's pheasant and other ground-dwelling animals including muntjac, giant muntjac, civets, wild boar, macaques, and 28 other animal species in Khe Nuoc Trong and 12 animal species in Dakrong",https://www.cepf.net/grants/grantee-projects/surveys-additional-information-edwardss-pheasant-dakrong-nature-reserve; https://www.cepf.net/resources/final-project-report/final-project-report-2081,Small Grant
220,Na Hang,105.438352,22.495256,Nature Reserve,"Critical Ecosystem Partnership Fund (CEPF) [USD 19,195.0 grant]; The McKnight Foundation [USD 30,000.0 Co-Financing for project conservation direction time, Project Team Leader time, Training in Agriculture and Livestock, Provision of funds for savings and loans, Piloting agricultural commodities]; People Resources and Conservation Foundation (PRCF) [USD 9,155.0 Co-Financing for project conservation direction time, Project Team Leader time, Project field Officer time, Telephone/ Fax/ Internet, Provision of equipment/ supplies]","People Resources and Conservation Foundation (PRCF) [Facilitator, technical advisor, project designer and implementer]; Tuyen Quang Department of Agriculture and Rural Development (TQ DARD) [Overall endorsement of project activities, lobby new approach on community-managed forests at provincial level, official counterpart]; Tuyen Quang Forest Protection Department (TQ FPD) [Overall support and monitoring of project implementation, provision of direct official support, direct official counterpart]; Lam Binh Watershed Management Board (LB FMB) [Participation in discussions and field surveys, land use planning, establishment of forest management and protection protocols]; Na Hang District Peopleâ€™s Committee (NH DPC) [Carrying out of forestland site and status surveys, monitoring of forest inventories, approval of Five-Year Forest Management Plans]; Sinh Long Commune Peopleâ€™s Committee (SL CPC) [Main government counterpart, endorsements at commune level, approval of One-Year Forest Management Plans]; Community Forest Management Committees (CFMCs) / Village Management Boards / Village Inspection Teams / Village Forest Protection Teams [Carrying out various aspects of community forest management and protection]","Total 400 individuals (~202 men, ~198 women) in 5 target villages (Lung Khieng [109 beneficiaries], Phieng Thoc [86 beneficiaries], Phieng Ngam [115 beneficiaries], Na Tau [31 beneficiaries], Nam Duong [59 beneficiaries]); 185 community members (110 men, 75 women) benefited from formal training in community forest management; Dao and Mong ethnic stakeholders; Entire community of 9 Sinh Long villages (including Khuoi Phin, Ban La, Trung Phin, Phieng Ten) benefiting from self-help groups; Endangered Francois Langur flagship species.","607.0 hectares earmarked for Community Forest Management (Lung Khieng: 155.7 ha, Phieng Thoc: 189.7 ha, Phieng Ngam: 128.6 ha, Na Tau: 93.6 ha, Nam Duong: 39.4 ha) with a total potential of 691 hectares assessed. Located in Sinh Long commune, Na Hang district, Tuyen Quang province, Vietnam.",2017,Establishment of Community Forest Management (CFM) areas; Payment for Forest Environmental Services (PFES); Village self-help groups with savings and loans schemes; Sustainable livestock and agriculture commodities; Participatory land-use planning and forest inventory; Five-Year and One-Year Forest Management Plans; Forest Patrolling Plans; Forest Protection and Development Regulations.,"Supporting: Biodiversity conservation, critical habitat refuge for the endangered Francois Langur, stabilization of forest remnants. Provisioning: Sustainable use of production forestlands, sustainable agriculture and livestock commodities. Cultural: Improved representation and decision-making in governance forums, improved land tenure, recognition of traditional knowledge.",https://www.cepf.net/grants/grantee-projects/testing-community-managed-forests-financing-payment-forest-environmental; https://www.cepf.net/resources/final-project-report/final-project-report-47,Grant and Project Co-Financing
221,Na Hang,105.438352,22.495256,Nature Reserve,"Critical Ecosystem Partnership Fund (CEPF): $19,850","Center for Water Resources Conservation and Development (WARECOD) [Project Implementer, organizing research, training, and workshops]; Local researchers/fishermen [Taking pictures, categorizing aquatic species and fishing gear, drawing river ecosystems, collecting information, preparing action plans, presenting findings]; Department of Environment and Natural Resources at district and provincial level [Ensuring compliance with environmental protection regulations, providing comments and feedback]; Da Vi Peopleâ€™s committee [Partnering local authority]; Tuyen Quang Department of Environment and Natural Resources (DONRE) [Supporting project registration, participating in workshops]; Ministry of Natural Resources and Environment (MONRE) [Consultation and collaboration partner]; Vietnam Rivers Network [Sharing findings via newsletter, co-organizing trainings]; PanNature [Information sharing via website]; CRES [Information sharing]","Local fishermen and communities in Da Vi commune, local researchers, fishing communities in Tuyen Quang and other provinces, decision-makers at Environment and Natural Resource Division of Na Hang and DONRE of Tuyen Quang. Targeted fauna: 83 aquatic species documented (including long spiky-head carp / Luciobrama macrocephalus, and catfish / Clarias fuscus).","The Nang river, tributary of the GÃ¢m River, Da Vi commune, Na Hang district, Tuyen Quang province, Vietnam (spatial footprint in hectares: N/A).",2009-2010,"Thai Baan research method (local knowledge research), methodology training course, 100 posters on aquatic species and local fishing gear, 1,500 leaflets on research methods and results, publication of findings in English and Vietnamese. Community proposed frameworks: alternative livelihoods (fish cages, mushroom growing), tourist services on the Nang River, and a model for natural aquatic resource management.","Supporting: River ecological systems, shallow and fast flowing water habitats, biodiversity of aquatic species. Provisioning: Aquatic resources. Cultural: Local knowledge preservation, traditional fishing culture (37 local fishing gears documented), village history documentation, local empowerment and awareness, future tourist services.",https://www.cepf.net/grants/grantee-projects/thai-baan-research-aquatic-species-nang-river-tributary-gam-river-na-hang; https://www.cepf.net/resources/final-project-report/final-project-report-2107,Small Grant
222,Trung Khanh,106.549793,22.886985,Nature Reserve,"Critical Ecosystem Partnership Fund (CEPF) [Grant Amount unspecified in text]; Arcus Foundation [$220,000.00]; Disney Conservation Fund [$50,000.00]; Halcyon Land & Sea [$252,000.00]; Species Conservation Fund (FFI internal) [$300,000.00]; AZAâ€™s Ape TAG Conservation Initiative [$17,500.00]; Cao Bang Forest Protection Fund [Payment for Forest Ecosystem Services (PFES) contributing 6.6% to CCTs salaries]","Fauna & Flora International (FFI) [Project implementer]; Cao Bang DARD [helped with administrative procedures to obtain permission for international experts, assigned Cao Bang FPD to work with FFI, involved in transboundary collaboration]; Cao Bang FPD [involved in project designing process, monitored project implementation]; Trung Khanh district People's Committee [helped engage relevant stakeholders (MAC) in PA management and decision-making process]; Trung Khanh FPD [involved in activity planning and implementation]; Ranger Station for Cao Vit gibbon SHCA [managed CCTs, facilitated and coordinated all activities on the ground]; Trung Khanh MAC [advised community development activities and represented communities in managing the PA]; Ha Giang Department of Foreign Affairs [helped obtain permissions, helped communicate between project and Ha Giang government and other relevant agencies]; Ha Giang FPD [involved in project designing and monitored project implementation]; Khau Ca SHCA MB [managed CCTs, and coordinated all activities on the ground]; Quan Ba FPD [managed CCTs and coordinated all activities on the ground]; Tung Vai protection forest management committee [representing local communities' in managing Tung Vai forest and developing feasibility study]; Community Grievance Reception Boards (CGRB) [receive feedbacks and concerns of local villagers]","28,844 indirect beneficiaries; 2,700-3,000 direct beneficiaries; 80 members across 3 Common Interest Groups (CIGs) / saving & loans in Trung Khanh; 15 large-scale sustainable livelihood models supported; 9 additional households supported to raise cows; 308 households in Khau Ca receiving cooking stoves; 3 CIGs at Tung Vai and 1 at Khau Ca ($9,500.00); 230 cooking stoves introduced to Tung Vai; 5 wooden waterwheels replaced with metal waterwheels in Trung Khanh targeting 75-125 women and 75-125 men; 100 households piloting 10 fuel-efficient woodstoves for drying cardamom; 118 farmer households trained on sustainable cardamom growing/harvesting methods; 60 additional woodstoves installed in 2020; target beneficiaries for cardamom revenue: 500-750 women and 500-750 men across five target villages in Quan Ba; 6 local people in Gibbon Monitoring Team in Trung Khanh; 5 H'Mong households living adjacent to corridor area; 15 villages around Tung Vai forest and Khau Ca corridor area involved in FPIC meetings; Community Conservation Teams (CCTs) trained and equipped; 121-160 Tonkin snub-nosed monkeys (TSNM) at Khau Ca; ~40 TSNM at Tung Vai; 124-136 (ca. 130) Cao vit gibbons (CVG) at Trung Khanh; countless other species including EN/CR or endemic trees/flora, herpetofauna and avifauna","Khau Ca: 2,024ha secured for TSNM habitat, with 65ha habitat corridor identified at Din Dam area (core 40ha already planned) potentially extending habitat to Du Gia (14,068ha); Tung Vai: 4,267ha secured for TSNM habitat, with proposed SUF covering 3,267.8ha (strict protection zone 2,141.9ha, rehabilitation zone 1,125.9ha) or an addition of 1,000ha of Tung Vai watershed protection forest; Trung Khanh (CVG SHCA): 1,656.8ha well protected, with a planned extension of 4,389.2ha (or 4,390ha). Geographic locations: Cao Bang province (Trung Khanh district) and Ha Giang province (Quan Ba district), Vietnam, including transboundary areas bordering Jingxi County and Malipo in China",2018-2020,"Fuel-efficient woodstoves for drying cardamom (saved 61.3% firewood and 54% time); fuel-efficient cooking stoves for households; metal waterwheels replacing wooden ones; sustainable cardamom cultivation plans (maintaining natural ground cover, seed selection, less destructive spacing, certification, market chain analysis); micro-credit / savings & loans (Common Interest Groups); livestock provision (cows); SMART and Cybertracker mapping app with Blackview smartphones for forest patrol and law enforcement; custom Input app with baselayer maps for gibbon monitoring; participatory land use mapping (PLUM), participatory resource use mapping (PRUP), and participatory boundary zoning; Management Advisory Committees (MAC) for PA co-management; Free, Prior and Informed Consent (FPIC) processes; Grievance Redress Mechanism; planting over 4,000 native food trees and assisting natural restoration of 40ha","Supporting: habitat refuge and conservation of Critically Endangered primate species (Cao Vit gibbon, Tonkin snub-nosed monkey) and other endemic flora/fauna; pollination services; maintenance of natural ground cover; structural connectivity via habitat corridors (Khau Ca and Du Gia). Provisioning: water/irrigation (watershed protection forest); medical plants and cash crops (cardamom); firewood demand reduction via efficient stoves. Cultural: co-management governance (MACs); community capacity building and technical training; transboundary conservation cooperation; south-south learning exchange (study tours to Myanmar and Sa Pa); awareness raising; tourism revenue development potential (Don Van Karst Plateau Geopark)",https://www.cepf.net/grants/grantee-projects/transitioning-sustainable-and-equitable-protected-areas-vietnams-primates; https://www.cepf.net/resources/final-project-report/final-project-report-2274,"Bilateral Grant, NGO Grants, Conservation Funds, Payment for Forest Ecosystem Services (PFES) Revenues"
223,Du Gia,105.153149,22.901542,National Park,"Critical Ecosystem Partnership Fund (CEPF) [Grant Amount unspecified in text]; Arcus Foundation [$220,000.00]; Disney Conservation Fund [$50,000.00]; Halcyon Land & Sea [$252,000.00]; Species Conservation Fund (FFI internal) [$300,000.00]; AZAâ€™s Ape TAG Conservation Initiative [$17,500.00]; Cao Bang Forest Protection Fund [Payment for Forest Ecosystem Services (PFES) contributing 6.6% to CCTs salaries]","Fauna & Flora International (FFI) [Project implementer]; Cao Bang DARD [helped with administrative procedures to obtain permission for international experts, assigned Cao Bang FPD to work with FFI, involved in transboundary collaboration]; Cao Bang FPD [involved in project designing process, monitored project implementation]; Trung Khanh district People's Committee [helped engage relevant stakeholders (MAC) in PA management and decision-making process]; Trung Khanh FPD [involved in activity planning and implementation]; Ranger Station for Cao Vit gibbon SHCA [managed CCTs, facilitated and coordinated all activities on the ground]; Trung Khanh MAC [advised community development activities and represented communities in managing the PA]; Ha Giang Department of Foreign Affairs [helped obtain permissions, helped communicate between project and Ha Giang government and other relevant agencies]; Ha Giang FPD [involved in project designing and monitored project implementation]; Khau Ca SHCA MB [managed CCTs, and coordinated all activities on the ground]; Quan Ba FPD [managed CCTs and coordinated all activities on the ground]; Tung Vai protection forest management committee [representing local communities' in managing Tung Vai forest and developing feasibility study]; Community Grievance Reception Boards (CGRB) [receive feedbacks and concerns of local villagers]","28,844 indirect beneficiaries; 2,700-3,000 direct beneficiaries; 80 members across 3 Common Interest Groups (CIGs) / saving & loans in Trung Khanh; 15 large-scale sustainable livelihood models supported; 9 additional households supported to raise cows; 308 households in Khau Ca receiving cooking stoves; 3 CIGs at Tung Vai and 1 at Khau Ca ($9,500.00); 230 cooking stoves introduced to Tung Vai; 5 wooden waterwheels replaced with metal waterwheels in Trung Khanh targeting 75-125 women and 75-125 men; 100 households piloting 10 fuel-efficient woodstoves for drying cardamom; 118 farmer households trained on sustainable cardamom growing/harvesting methods; 60 additional woodstoves installed in 2020; target beneficiaries for cardamom revenue: 500-750 women and 500-750 men across five target villages in Quan Ba; 6 local people in Gibbon Monitoring Team in Trung Khanh; 5 H'Mong households living adjacent to corridor area; 15 villages around Tung Vai forest and Khau Ca corridor area involved in FPIC meetings; Community Conservation Teams (CCTs) trained and equipped; 121-160 Tonkin snub-nosed monkeys (TSNM) at Khau Ca; ~40 TSNM at Tung Vai; 124-136 (ca. 130) Cao vit gibbons (CVG) at Trung Khanh; countless other species including EN/CR or endemic trees/flora, herpetofauna and avifauna","Khau Ca: 2,024ha secured for TSNM habitat, with 65ha habitat corridor identified at Din Dam area (core 40ha already planned) potentially extending habitat to Du Gia (14,068ha); Tung Vai: 4,267ha secured for TSNM habitat, with proposed SUF covering 3,267.8ha (strict protection zone 2,141.9ha, rehabilitation zone 1,125.9ha) or an addition of 1,000ha of Tung Vai watershed protection forest; Trung Khanh (CVG SHCA): 1,656.8ha well protected, with a planned extension of 4,389.2ha (or 4,390ha). Geographic locations: Cao Bang province (Trung Khanh district) and Ha Giang province (Quan Ba district), Vietnam, including transboundary areas bordering Jingxi County and Malipo in China",2018-2020,"Fuel-efficient woodstoves for drying cardamom (saved 61.3% firewood and 54% time); fuel-efficient cooking stoves for households; metal waterwheels replacing wooden ones; sustainable cardamom cultivation plans (maintaining natural ground cover, seed selection, less destructive spacing, certification, market chain analysis); micro-credit / savings & loans (Common Interest Groups); livestock provision (cows); SMART and Cybertracker mapping app with Blackview smartphones for forest patrol and law enforcement; custom Input app with baselayer maps for gibbon monitoring; participatory land use mapping (PLUM), participatory resource use mapping (PRUP), and participatory boundary zoning; Management Advisory Committees (MAC) for PA co-management; Free, Prior and Informed Consent (FPIC) processes; Grievance Redress Mechanism; planting over 4,000 native food trees and assisting natural restoration of 40ha","Supporting: habitat refuge and conservation of Critically Endangered primate species (Cao Vit gibbon, Tonkin snub-nosed monkey) and other endemic flora/fauna; pollination services; maintenance of natural ground cover; structural connectivity via habitat corridors (Khau Ca and Du Gia). Provisioning: water/irrigation (watershed protection forest); medical plants and cash crops (cardamom); firewood demand reduction via efficient stoves. Cultural: co-management governance (MACs); community capacity building and technical training; transboundary conservation cooperation; south-south learning exchange (study tours to Myanmar and Sa Pa); awareness raising; tourism revenue development potential (Don Van Karst Plateau Geopark)",https://www.cepf.net/grants/grantee-projects/transitioning-sustainable-and-equitable-protected-areas-vietnams-primates; https://www.cepf.net/resources/final-project-report/final-project-report-2274,"Bilateral Grant, NGO Grants, Conservation Funds, Payment for Forest Ecosystem Services (PFES) Revenues"
224,Bat Dai Son,104.989262,23.126729,Nature Reserve,"Critical Ecosystem Partnership Fund (CEPF) [Grant Amount unspecified in text]; Arcus Foundation [$220,000.00]; Disney Conservation Fund [$50,000.00]; Halcyon Land & Sea [$252,000.00]; Species Conservation Fund (FFI internal) [$300,000.00]; AZAâ€™s Ape TAG Conservation Initiative [$17,500.00]; Cao Bang Forest Protection Fund [Payment for Forest Ecosystem Services (PFES) contributing 6.6% to CCTs salaries]","Fauna & Flora International (FFI) [Project implementer]; Cao Bang DARD [helped with administrative procedures to obtain permission for international experts, assigned Cao Bang FPD to work with FFI, involved in transboundary collaboration]; Cao Bang FPD [involved in project designing process, monitored project implementation]; Trung Khanh district People's Committee [helped engage relevant stakeholders (MAC) in PA management and decision-making process]; Trung Khanh FPD [involved in activity planning and implementation]; Ranger Station for Cao Vit gibbon SHCA [managed CCTs, facilitated and coordinated all activities on the ground]; Trung Khanh MAC [advised community development activities and represented communities in managing the PA]; Ha Giang Department of Foreign Affairs [helped obtain permissions, helped communicate between project and Ha Giang government and other relevant agencies]; Ha Giang FPD [involved in project designing and monitored project implementation]; Khau Ca SHCA MB [managed CCTs, and coordinated all activities on the ground]; Quan Ba FPD [managed CCTs and coordinated all activities on the ground]; Tung Vai protection forest management committee [representing local communities' in managing Tung Vai forest and developing feasibility study]; Community Grievance Reception Boards (CGRB) [receive feedbacks and concerns of local villagers]","28,844 indirect beneficiaries; 2,700-3,000 direct beneficiaries; 80 members across 3 Common Interest Groups (CIGs) / saving & loans in Trung Khanh; 15 large-scale sustainable livelihood models supported; 9 additional households supported to raise cows; 308 households in Khau Ca receiving cooking stoves; 3 CIGs at Tung Vai and 1 at Khau Ca ($9,500.00); 230 cooking stoves introduced to Tung Vai; 5 wooden waterwheels replaced with metal waterwheels in Trung Khanh targeting 75-125 women and 75-125 men; 100 households piloting 10 fuel-efficient woodstoves for drying cardamom; 118 farmer households trained on sustainable cardamom growing/harvesting methods; 60 additional woodstoves installed in 2020; target beneficiaries for cardamom revenue: 500-750 women and 500-750 men across five target villages in Quan Ba; 6 local people in Gibbon Monitoring Team in Trung Khanh; 5 H'Mong households living adjacent to corridor area; 15 villages around Tung Vai forest and Khau Ca corridor area involved in FPIC meetings; Community Conservation Teams (CCTs) trained and equipped; 121-160 Tonkin snub-nosed monkeys (TSNM) at Khau Ca; ~40 TSNM at Tung Vai; 124-136 (ca. 130) Cao vit gibbons (CVG) at Trung Khanh; countless other species including EN/CR or endemic trees/flora, herpetofauna and avifauna","Khau Ca: 2,024ha secured for TSNM habitat, with 65ha habitat corridor identified at Din Dam area (core 40ha already planned) potentially extending habitat to Du Gia (14,068ha); Tung Vai: 4,267ha secured for TSNM habitat, with proposed SUF covering 3,267.8ha (strict protection zone 2,141.9ha, rehabilitation zone 1,125.9ha) or an addition of 1,000ha of Tung Vai watershed protection forest; Trung Khanh (CVG SHCA): 1,656.8ha well protected, with a planned extension of 4,389.2ha (or 4,390ha). Geographic locations: Cao Bang province (Trung Khanh district) and Ha Giang province (Quan Ba district), Vietnam, including transboundary areas bordering Jingxi County and Malipo in China",2018-2020,"Fuel-efficient woodstoves for drying cardamom (saved 61.3% firewood and 54% time); fuel-efficient cooking stoves for households; metal waterwheels replacing wooden ones; sustainable cardamom cultivation plans (maintaining natural ground cover, seed selection, less destructive spacing, certification, market chain analysis); micro-credit / savings & loans (Common Interest Groups); livestock provision (cows); SMART and Cybertracker mapping app with Blackview smartphones for forest patrol and law enforcement; custom Input app with baselayer maps for gibbon monitoring; participatory land use mapping (PLUM), participatory resource use mapping (PRUP), and participatory boundary zoning; Management Advisory Committees (MAC) for PA co-management; Free, Prior and Informed Consent (FPIC) processes; Grievance Redress Mechanism; planting over 4,000 native food trees and assisting natural restoration of 40ha","Supporting: habitat refuge and conservation of Critically Endangered primate species (Cao Vit gibbon, Tonkin snub-nosed monkey) and other endemic flora/fauna; pollination services; maintenance of natural ground cover; structural connectivity via habitat corridors (Khau Ca and Du Gia). Provisioning: water/irrigation (watershed protection forest); medical plants and cash crops (cardamom); firewood demand reduction via efficient stoves. Cultural: co-management governance (MACs); community capacity building and technical training; transboundary conservation cooperation; south-south learning exchange (study tours to Myanmar and Sa Pa); awareness raising; tourism revenue development potential (Don Van Karst Plateau Geopark)",https://www.cepf.net/grants/grantee-projects/transitioning-sustainable-and-equitable-protected-areas-vietnams-primates; https://www.cepf.net/resources/final-project-report/final-project-report-2274,"Bilateral Grant, NGO Grants, Conservation Funds, Payment for Forest Ecosystem Services (PFES) Revenues"
225,Bac Me,105.213119,22.710358,Nature Reserve,"Critical Ecosystem Partnership Fund (CEPF) [Grant Amount unspecified in text]; Arcus Foundation [$220,000.00]; Disney Conservation Fund [$50,000.00]; Halcyon Land & Sea [$252,000.00]; Species Conservation Fund (FFI internal) [$300,000.00]; AZAâ€™s Ape TAG Conservation Initiative [$17,500.00]; Cao Bang Forest Protection Fund [Payment for Forest Ecosystem Services (PFES) contributing 6.6% to CCTs salaries]","Fauna & Flora International (FFI) [Project implementer]; Cao Bang DARD [helped with administrative procedures to obtain permission for international experts, assigned Cao Bang FPD to work with FFI, involved in transboundary collaboration]; Cao Bang FPD [involved in project designing process, monitored project implementation]; Trung Khanh district People's Committee [helped engage relevant stakeholders (MAC) in PA management and decision-making process]; Trung Khanh FPD [involved in activity planning and implementation]; Ranger Station for Cao Vit gibbon SHCA [managed CCTs, facilitated and coordinated all activities on the ground]; Trung Khanh MAC [advised community development activities and represented communities in managing the PA]; Ha Giang Department of Foreign Affairs [helped obtain permissions, helped communicate between project and Ha Giang government and other relevant agencies]; Ha Giang FPD [involved in project designing and monitored project implementation]; Khau Ca SHCA MB [managed CCTs, and coordinated all activities on the ground]; Quan Ba FPD [managed CCTs and coordinated all activities on the ground]; Tung Vai protection forest management committee [representing local communities' in managing Tung Vai forest and developing feasibility study]; Community Grievance Reception Boards (CGRB) [receive feedbacks and concerns of local villagers]","28,844 indirect beneficiaries; 2,700-3,000 direct beneficiaries; 80 members across 3 Common Interest Groups (CIGs) / saving & loans in Trung Khanh; 15 large-scale sustainable livelihood models supported; 9 additional households supported to raise cows; 308 households in Khau Ca receiving cooking stoves; 3 CIGs at Tung Vai and 1 at Khau Ca ($9,500.00); 230 cooking stoves introduced to Tung Vai; 5 wooden waterwheels replaced with metal waterwheels in Trung Khanh targeting 75-125 women and 75-125 men; 100 households piloting 10 fuel-efficient woodstoves for drying cardamom; 118 farmer households trained on sustainable cardamom growing/harvesting methods; 60 additional woodstoves installed in 2020; target beneficiaries for cardamom revenue: 500-750 women and 500-750 men across five target villages in Quan Ba; 6 local people in Gibbon Monitoring Team in Trung Khanh; 5 H'Mong households living adjacent to corridor area; 15 villages around Tung Vai forest and Khau Ca corridor area involved in FPIC meetings; Community Conservation Teams (CCTs) trained and equipped; 121-160 Tonkin snub-nosed monkeys (TSNM) at Khau Ca; ~40 TSNM at Tung Vai; 124-136 (ca. 130) Cao vit gibbons (CVG) at Trung Khanh; countless other species including EN/CR or endemic trees/flora, herpetofauna and avifauna","Khau Ca: 2,024ha secured for TSNM habitat, with 65ha habitat corridor identified at Din Dam area (core 40ha already planned) potentially extending habitat to Du Gia (14,068ha); Tung Vai: 4,267ha secured for TSNM habitat, with proposed SUF covering 3,267.8ha (strict protection zone 2,141.9ha, rehabilitation zone 1,125.9ha) or an addition of 1,000ha of Tung Vai watershed protection forest; Trung Khanh (CVG SHCA): 1,656.8ha well protected, with a planned extension of 4,389.2ha (or 4,390ha). Geographic locations: Cao Bang province (Trung Khanh district) and Ha Giang province (Quan Ba district), Vietnam, including transboundary areas bordering Jingxi County and Malipo in China",2018-2020,"Fuel-efficient woodstoves for drying cardamom (saved 61.3% firewood and 54% time); fuel-efficient cooking stoves for households; metal waterwheels replacing wooden ones; sustainable cardamom cultivation plans (maintaining natural ground cover, seed selection, less destructive spacing, certification, market chain analysis); micro-credit / savings & loans (Common Interest Groups); livestock provision (cows); SMART and Cybertracker mapping app with Blackview smartphones for forest patrol and law enforcement; custom Input app with baselayer maps for gibbon monitoring; participatory land use mapping (PLUM), participatory resource use mapping (PRUP), and participatory boundary zoning; Management Advisory Committees (MAC) for PA co-management; Free, Prior and Informed Consent (FPIC) processes; Grievance Redress Mechanism; planting over 4,000 native food trees and assisting natural restoration of 40ha","Supporting: habitat refuge and conservation of Critically Endangered primate species (Cao Vit gibbon, Tonkin snub-nosed monkey) and other endemic flora/fauna; pollination services; maintenance of natural ground cover; structural connectivity via habitat corridors (Khau Ca and Du Gia). Provisioning: water/irrigation (watershed protection forest); medical plants and cash crops (cardamom); firewood demand reduction via efficient stoves. Cultural: co-management governance (MACs); community capacity building and technical training; transboundary conservation cooperation; south-south learning exchange (study tours to Myanmar and Sa Pa); awareness raising; tourism revenue development potential (Don Van Karst Plateau Geopark)",https://www.cepf.net/grants/grantee-projects/transitioning-sustainable-and-equitable-protected-areas-vietnams-primates; https://www.cepf.net/resources/final-project-report/final-project-report-2274,"Bilateral Grant, NGO Grants, Conservation Funds, Payment for Forest Ecosystem Services (PFES) Revenues"
226,Cat Tien,107.3515719,11.56646094,National Park; UNESCO-MAB Biosphere Reserve,"Critical Ecosystem Partnership Fund (CEPF) ($16,166); WWF ($71,393 for project co-financing); USFWS ($27,350 for project co-financing)","WWF (Grantee/Project Implementer, survey management, technical support, co-financing, pathological examination arrangement, reporting to ministries/media); Cat Tien National Park / CTNP (Primary partner, provided logistical and administrative support, provided 2 technical staff and 2-3 Forest Protection Department rangers for field survey, conducted patrolling activities); Queenâ€™s University (Completed genetic analysis and bacterial diversity profiling on faecal and tissue samples); Institute of Zoology, Zoological Society of London (Conducted hormonal analyses on faecal samples); Packleader LLC (Provided two trained detection dogs); IUCN SSC Asian Rhino Specialist Group (Project design consultation, development of a best-practice manual for rhino surveys); VCF (Funded monitoring trips/patrols)",Javan rhinoceros (flagship fauna targeted for protection); Saola (Pseudoryx nghetinhensis) (benefited from new collaborative management approach); More than 6 local community members (employed as local guides and porters for 6 months); 2 technical staff and 2-3 Forest Protection Department rangers from CTNP (joined the survey),"Cat Tien National Park, Vietnam (precise size in hectares or square kilometers is N/A)",2009-2011,"Comprehensive Javan rhinoceros survey methodologies (use of conservation detection dogs, genetic and hormonal analysis of faecal/tissue samples, bacterial diversity profiling); collaborative management approach for protected areas; removal of snares and destruction of hunting camps",Supporting: Habitat refuge for highly endangered flagship species (Javan rhinoceros and Saola). Provisioning: N/A. Cultural: N/A.,https://www.cepf.net/grants/grantee-projects/urgent-research-safeguard-javan-rhino-vietnam; https://www.cepf.net/resources/final-project-report/final-project-report-2038,Small Grant and Project co-financing
